{
  "type": "minecraft:generic",
  "pools": [
    {
      "rolls": 1,
      "entries": [
        {
          "type": "minecraft:item",
          "name": "minecraft:jigsaw"
        }
      ],
      "functions": [
        {
          "function": "minecraft:set_name",
          "entity": "this",
          "target": "item_name",
          "name": {
            "translate": "item.valiance.summoning_horn"
          }
        },
        {
          "function": "minecraft:set_lore",
          "entity": "this",
          "lore": [
            {
              "translate": "ui.valiance.title",
              "color": "white",
              "font": "valiance:title",
              "italic": false
            },
            {
              "translate": "instrument.valiance.century_summoning_horn",
              "color": "gray",
              "italic": false
            }
          ],
          "mode": "replace_all"
        },
        {
          "function": "minecraft:set_components",
          "components": {
            "minecraft:custom_model_data": 4460042,
            "minecraft:rarity": "common",
            "minecraft:max_stack_size": 1,
            "minecraft:food": {
              "nutrition": 1,
              "saturation": 1,
              "can_always_eat": true,
              "eat_seconds": 2147483647
            }
          }
        },
        {
          "function": "minecraft:set_custom_data",
          "tag": "{valiance:{id:\"summoning_horn\",instrument:\"century\"},thallium:{food_right_click_detection:1},smithed:{ignore:{functionality:1b,crafting:1b}}}"
        }
      ]
    }
  ]
}
