{
	"credit": "Made with Blockbench",
	"texture_size": [64, 64],
	"textures": {
		"0": "valiance:item/entity/jeeper/jeeper",
		"1": "valiance:item/entity/jeeper/jeeper_legs",
		"particle": "valiance:item/entity/jeeper/jeeper_legs"
	},
	"elements": [
		{
			"name": "Body",
			"from": [6, 8, 6],
			"to": [10, 16, 10],
			"rotation": {"angle": 0, "axis": "y", "origin": [7, 8, 7]},
			"faces": {
				"north": {"uv": [7, 5.5, 8, 7.5], "texture": "#0"},
				"east": {"uv": [6, 5.5, 7, 7.5], "texture": "#0"},
				"south": {"uv": [9, 5.5, 10, 7.5], "texture": "#0"},
				"west": {"uv": [8, 5.5, 9, 7.5], "texture": "#0"},
				"up": {"uv": [8, 5.5, 7, 4.5], "texture": "#0"},
				"down": {"uv": [9, 4.5, 8, 5.5], "texture": "#0"}
			}
		},
		{
			"name": "Body",
			"from": [5, 16, 5],
			"to": [11, 24, 11],
			"rotation": {"angle": 0, "axis": "y", "origin": [6, 16, 6]},
			"faces": {
				"north": {"uv": [1.5, 6, 3, 8], "texture": "#0"},
				"east": {"uv": [0, 6, 1.5, 8], "texture": "#0"},
				"south": {"uv": [4.5, 6, 6, 8], "texture": "#0"},
				"west": {"uv": [3, 6, 4.5, 8], "texture": "#0"},
				"up": {"uv": [3, 6, 1.5, 4.5], "texture": "#0"},
				"down": {"uv": [4.5, 4.5, 3, 6], "texture": "#0"}
			}
		},
		{
			"name": "Spikes",
			"from": [8, 14, 11],
			"to": [8, 24, 17],
			"rotation": {"angle": 0, "axis": "y", "origin": [9, 14, 12]},
			"faces": {
				"north": {"uv": [0, 0, 0, 0], "texture": "#0"},
				"east": {"uv": [4, 8, 5.5, 10.5], "texture": "#0"},
				"south": {"uv": [0, 0, 0, 0], "texture": "#0"},
				"west": {"uv": [5.5, 8, 4, 10.5], "texture": "#0"},
				"up": {"uv": [0, 0, 0, 0], "texture": "#0"},
				"down": {"uv": [0, 0, 0, 0], "texture": "#0"}
			}
		},
		{
			"name": "Leg",
			"from": [9, 0, 3],
			"to": [13, 8, 7],
			"rotation": {"angle": 0, "axis": "y", "origin": [10, 8, 6]},
			"faces": {
				"north": {"uv": [2, 2, 4, 6], "texture": "#1"},
				"east": {"uv": [0, 2, 2, 6], "texture": "#1"},
				"south": {"uv": [6, 2, 8, 6], "texture": "#1"},
				"west": {"uv": [4, 2, 6, 6], "texture": "#1"},
				"up": {"uv": [4, 0, 2, 2], "texture": "#1"},
				"down": {"uv": [6, 0, 4, 2], "texture": "#1"}
			}
		},
		{
			"name": "Leg",
			"from": [9, 0, 3],
			"to": [13, 8, 7],
			"rotation": {"angle": 22.5, "axis": "x", "origin": [10, 8, 6]},
			"faces": {
				"north": {"uv": [10, 2, 12, 6], "texture": "#1"},
				"east": {"uv": [8, 2, 10, 6], "texture": "#1"},
				"south": {"uv": [14, 2, 16, 6], "texture": "#1"},
				"west": {"uv": [12, 2, 14, 6], "texture": "#1"},
				"up": {"uv": [12, 0, 10, 2], "texture": "#1"},
				"down": {"uv": [14, 0, 12, 2], "texture": "#1"}
			}
		},
		{
			"name": "Leg",
			"from": [9, 0, 3],
			"to": [13, 8, 7],
			"rotation": {"angle": -22.5, "axis": "x", "origin": [10, 8, 6]},
			"faces": {
				"north": {"uv": [2, 10, 4, 14], "texture": "#1"},
				"east": {"uv": [0, 10, 2, 14], "texture": "#1"},
				"south": {"uv": [6, 10, 8, 14], "texture": "#1"},
				"west": {"uv": [4, 10, 6, 14], "texture": "#1"},
				"up": {"uv": [4, 8, 2, 10], "texture": "#1"},
				"down": {"uv": [6, 8, 4, 10], "texture": "#1"}
			}
		},
		{
			"name": "Leg",
			"from": [9, 0, 9],
			"to": [13, 8, 13],
			"rotation": {"angle": 0, "axis": "y", "origin": [10, 8, 10]},
			"faces": {
				"north": {"uv": [8, 2, 6, 6], "texture": "#1"},
				"east": {"uv": [2, 2, 0, 6], "texture": "#1"},
				"south": {"uv": [4, 2, 2, 6], "texture": "#1"},
				"west": {"uv": [6, 2, 4, 6], "texture": "#1"},
				"up": {"uv": [4, 2, 2, 0], "texture": "#1"},
				"down": {"uv": [4, 2, 6, 0], "texture": "#1"}
			}
		},
		{
			"name": "Leg",
			"from": [9, 0, 9],
			"to": [13, 8, 13],
			"rotation": {"angle": -22.5, "axis": "x", "origin": [10, 8, 10]},
			"faces": {
				"north": {"uv": [16, 2, 14, 6], "texture": "#1"},
				"east": {"uv": [10, 2, 8, 6], "texture": "#1"},
				"south": {"uv": [12, 2, 10, 6], "texture": "#1"},
				"west": {"uv": [14, 2, 12, 6], "texture": "#1"},
				"up": {"uv": [12, 2, 10, 0], "texture": "#1"},
				"down": {"uv": [14, 2, 12, 0], "texture": "#1"}
			}
		},
		{
			"name": "Leg",
			"from": [8.999, -0.001, 8.999],
			"to": [13.001, 8.001, 13.001],
			"rotation": {"angle": 22.5, "axis": "x", "origin": [10, 8, 10]},
			"faces": {
				"north": {"uv": [8, 10, 6, 14], "texture": "#1"},
				"east": {"uv": [2, 10, 0, 14], "texture": "#1"},
				"south": {"uv": [4, 10, 2, 14], "texture": "#1"},
				"west": {"uv": [6, 10, 4, 14], "texture": "#1"},
				"up": {"uv": [4, 10, 2, 8], "texture": "#1"},
				"down": {"uv": [6, 10, 4, 8], "texture": "#1"}
			}
		},
		{
			"name": "Leg",
			"from": [3, 0, 3],
			"to": [7, 8, 7],
			"rotation": {"angle": 0, "axis": "y", "origin": [6, 8, 6]},
			"faces": {
				"north": {"uv": [4, 2, 2, 6], "texture": "#1"},
				"east": {"uv": [6, 2, 4, 6], "texture": "#1"},
				"south": {"uv": [8, 2, 6, 6], "texture": "#1"},
				"west": {"uv": [2, 2, 0, 6], "texture": "#1"},
				"up": {"uv": [2, 0, 4, 2], "texture": "#1"},
				"down": {"uv": [6, 0, 4, 2], "texture": "#1"}
			}
		},
		{
			"name": "Leg",
			"from": [3, 0, 3],
			"to": [7, 8, 7],
			"rotation": {"angle": -22.5, "axis": "x", "origin": [6, 8, 6]},
			"faces": {
				"north": {"uv": [12, 2, 10, 6], "texture": "#1"},
				"east": {"uv": [14, 2, 12, 6], "texture": "#1"},
				"south": {"uv": [16, 2, 14, 6], "texture": "#1"},
				"west": {"uv": [10, 2, 8, 6], "texture": "#1"},
				"up": {"uv": [10, 0, 12, 2], "texture": "#1"},
				"down": {"uv": [12, 0, 14, 2], "texture": "#1"}
			}
		},
		{
			"name": "Leg",
			"from": [3, 0, 3],
			"to": [7, 8, 7],
			"rotation": {"angle": 22.5, "axis": "x", "origin": [6, 8, 6]},
			"faces": {
				"north": {"uv": [4, 10, 2, 14], "texture": "#1"},
				"east": {"uv": [6, 10, 4, 14], "texture": "#1"},
				"south": {"uv": [8, 10, 6, 14], "texture": "#1"},
				"west": {"uv": [2, 10, 0, 14], "texture": "#1"},
				"up": {"uv": [4, 8, 2, 10], "texture": "#1"},
				"down": {"uv": [4, 8, 6, 10], "texture": "#1"}
			}
		},
		{
			"name": "Leg",
			"from": [3, 0, 9],
			"to": [7, 8, 13],
			"rotation": {"angle": 0, "axis": "y", "origin": [6, 8, 10]},
			"faces": {
				"north": {"uv": [6, 2, 8, 6], "texture": "#1"},
				"east": {"uv": [4, 2, 6, 6], "texture": "#1"},
				"south": {"uv": [2, 2, 4, 6], "texture": "#1"},
				"west": {"uv": [0, 2, 2, 6], "texture": "#1"},
				"up": {"uv": [2, 2, 4, 0], "texture": "#1"},
				"down": {"uv": [6, 2, 4, 0], "texture": "#1"}
			}
		},
		{
			"name": "Leg",
			"from": [2.999, -0.001, 8.999],
			"to": [7.001, 8.001, 13.001],
			"rotation": {"angle": 22.5, "axis": "x", "origin": [6, 8, 10]},
			"faces": {
				"north": {"uv": [14, 2, 16, 6], "texture": "#1"},
				"east": {"uv": [12, 2, 14, 6], "texture": "#1"},
				"south": {"uv": [10, 2, 12, 6], "texture": "#1"},
				"west": {"uv": [8, 2, 10, 6], "texture": "#1"},
				"up": {"uv": [10, 2, 12, 0], "texture": "#1"},
				"down": {"uv": [12, 2, 14, 0], "texture": "#1"}
			}
		},
		{
			"name": "Leg",
			"from": [3, 0, 9],
			"to": [7, 8, 13],
			"rotation": {"angle": -22.5, "axis": "x", "origin": [6, 8, 10]},
			"faces": {
				"north": {"uv": [6, 10, 8, 14], "texture": "#1"},
				"east": {"uv": [4, 10, 6, 14], "texture": "#1"},
				"south": {"uv": [2, 10, 4, 14], "texture": "#1"},
				"west": {"uv": [0, 10, 2, 14], "texture": "#1"},
				"up": {"uv": [2, 10, 4, 8], "texture": "#1"},
				"down": {"uv": [4, 10, 6, 8], "texture": "#1"}
			}
		}
	],
	"overrides": [
		{"predicate": {"custom_model_data": 1}, "model": "valiance:item/entity/jeeper/body_walking_hurt"}
	],
	"display": {
		"ground": {
			"rotation": [0, -180, 0],
			"translation": [0, -10, -6.4]
		}
	},
	"groups": [
		{
			"name": "Root",
			"origin": [8, 0, 8],
			"color": 0,
			"children": [
				{
					"name": "Body",
					"origin": [0, 8, 0],
					"color": 0,
					"children": [
						0,
						{
							"name": "BodyMiddle",
							"origin": [0, 16, 0],
							"color": 0,
							"children": [1, 2]
						}
					]
				},
				{
					"name": "Legs",
					"origin": [8, 0, 8],
					"color": 0,
					"children": [
						{
							"name": "LegFrontRight",
							"origin": [10, 8, 6],
							"color": 0,
							"children": [3, 4, 5]
						},
						{
							"name": "LegBackRight",
							"origin": [10, 8, 6],
							"color": 0,
							"children": [6, 7, 8]
						},
						{
							"name": "LegFrontLeft",
							"origin": [10, 8, 6],
							"color": 0,
							"children": [9, 10, 11]
						},
						{
							"name": "LegBackRight",
							"origin": [10, 8, 6],
							"color": 0,
							"children": [12, 13, 14]
						}
					]
				}
			]
		}
	]
}