{
	"credit": "Made with Blockbench",
	"texture_size": [64, 64],
	"textures": {
		"1": "valiance:item/entity/jeeper/jeeper",
		"particle": "valiance:item/entity/jeeper/jeeper"
	},
	"elements": [
		{
			"name": "Body",
			"from": [6, 8, 6],
			"to": [10, 16, 10],
			"rotation": {"angle": 0, "axis": "y", "origin": [7, 8, 7]},
			"faces": {
				"north": {"uv": [7, 5.5, 8, 7.5], "texture": "#1"},
				"east": {"uv": [6, 5.5, 7, 7.5], "texture": "#1"},
				"south": {"uv": [9, 5.5, 10, 7.5], "texture": "#1"},
				"west": {"uv": [8, 5.5, 9, 7.5], "texture": "#1"},
				"up": {"uv": [8, 5.5, 7, 4.5], "texture": "#1"},
				"down": {"uv": [9, 4.5, 8, 5.5], "texture": "#1"}
			}
		},
		{
			"name": "Body",
			"from": [5, 16, 5],
			"to": [11, 24, 11],
			"rotation": {"angle": 0, "axis": "y", "origin": [6, 16, 6]},
			"faces": {
				"north": {"uv": [1.5, 6, 3, 8], "texture": "#1"},
				"east": {"uv": [0, 6, 1.5, 8], "texture": "#1"},
				"south": {"uv": [4.5, 6, 6, 8], "texture": "#1"},
				"west": {"uv": [3, 6, 4.5, 8], "texture": "#1"},
				"up": {"uv": [3, 6, 1.5, 4.5], "texture": "#1"},
				"down": {"uv": [4.5, 4.5, 3, 6], "texture": "#1"}
			}
		},
		{
			"name": "Spikes",
			"from": [8, 14, 11],
			"to": [8, 24, 17],
			"rotation": {"angle": 0, "axis": "y", "origin": [9, 14, 12]},
			"faces": {
				"north": {"uv": [0, 0, 0, 0], "texture": "#1"},
				"east": {"uv": [4, 8, 5.5, 10.5], "texture": "#1"},
				"south": {"uv": [0, 0, 0, 0], "texture": "#1"},
				"west": {"uv": [5.5, 8, 4, 10.5], "texture": "#1"},
				"up": {"uv": [0, 0, 0, 0], "texture": "#1"},
				"down": {"uv": [0, 0, 0, 0], "texture": "#1"}
			}
		},
		{
			"name": "Leg",
			"from": [9, 0, 3],
			"to": [13, 8, 7],
			"rotation": {"angle": 0, "axis": "y", "origin": [11.5, 3, 5.5]},
			"faces": {
				"north": {"uv": [1, 9, 2, 11], "texture": "#1"},
				"east": {"uv": [0, 9, 1, 11], "texture": "#1"},
				"south": {"uv": [3, 9, 4, 11], "texture": "#1"},
				"west": {"uv": [2, 9, 3, 11], "texture": "#1"},
				"up": {"uv": [2, 9, 1, 8], "texture": "#1"},
				"down": {"uv": [3, 8, 2, 9], "texture": "#1"}
			}
		},
		{
			"name": "Leg",
			"from": [9, 0, 9],
			"to": [13, 8, 13],
			"rotation": {"angle": 0, "axis": "y", "origin": [11.5, 3, 10.5]},
			"faces": {
				"north": {"uv": [1, 9, 2, 11], "texture": "#1"},
				"east": {"uv": [0, 9, 1, 11], "texture": "#1"},
				"south": {"uv": [3, 9, 4, 11], "texture": "#1"},
				"west": {"uv": [2, 9, 3, 11], "texture": "#1"},
				"up": {"uv": [2, 9, 1, 8], "texture": "#1"},
				"down": {"uv": [3, 8, 2, 9], "texture": "#1"}
			}
		},
		{
			"name": "Leg",
			"from": [3, 0, 3],
			"to": [7, 8, 7],
			"rotation": {"angle": 0, "axis": "y", "origin": [4.5, 3, 5.5]},
			"faces": {
				"north": {"uv": [2, 9, 1, 11], "texture": "#1"},
				"east": {"uv": [3, 9, 2, 11], "texture": "#1"},
				"south": {"uv": [4, 9, 3, 11], "texture": "#1"},
				"west": {"uv": [1, 9, 0, 11], "texture": "#1"},
				"up": {"uv": [1, 9, 2, 8], "texture": "#1"},
				"down": {"uv": [2, 8, 3, 9], "texture": "#1"}
			}
		},
		{
			"name": "Leg",
			"from": [3, 0, 9],
			"to": [7, 8, 13],
			"rotation": {"angle": 0, "axis": "y", "origin": [4.5, 3, 10.5]},
			"faces": {
				"north": {"uv": [2, 9, 1, 11], "texture": "#1"},
				"east": {"uv": [3, 9, 2, 11], "texture": "#1"},
				"south": {"uv": [4, 9, 3, 11], "texture": "#1"},
				"west": {"uv": [1, 9, 0, 11], "texture": "#1"},
				"up": {"uv": [1, 9, 2, 8], "texture": "#1"},
				"down": {"uv": [2, 8, 3, 9], "texture": "#1"}
			}
		}
	],
	"overrides": [
		{"predicate": {"custom_model_data": 1}, "model": "valiance:item/entity/jeeper/body_idle_hurt"}
	],
	"display": {
		"ground": {
			"rotation": [0, -180, 0],
			"translation": [0, -10, -6.4]
		}
	},
	"groups": [
		{
			"name": "Root",
			"origin": [0, 0, 0],
			"color": 0,
			"children": [
				{
					"name": "Body",
					"origin": [0, 8, 0],
					"color": 0,
					"children": [
						0,
						{
							"name": "BodyMiddle",
							"origin": [0, 16, 0],
							"color": 0,
							"children": [1, 2]
						}
					]
				},
				{
					"name": "Legs",
					"origin": [0, 0, 0],
					"color": 0,
					"children": [
						{
							"name": "LegFrontRight",
							"origin": [2, 8, -2],
							"color": 0,
							"children": [3]
						},
						{
							"name": "LegBackRight",
							"origin": [2, 8, 2],
							"color": 0,
							"children": [4]
						},
						{
							"name": "LegFrontLeft",
							"origin": [-2, 8, -2],
							"color": 0,
							"children": [5]
						},
						{
							"name": "LegBackLeft",
							"origin": [-2, 8, 2],
							"color": 0,
							"children": [6]
						}
					]
				}
			]
		}
	]
}