{
	"credit": "Made with Blockbench",
	"texture_size": [64, 64],
	"textures": {
		"0": "valiance:item/entity/jeeper/jeeper"
	},
	"elements": [
		{
			"name": "Head",
			"from": [3, 0, 3],
			"to": [13, 8, 13],
			"rotation": {"angle": 0, "axis": "y", "origin": [4, 0, 4]},
			"faces": {
				"north": {"uv": [2.5, 2.5, 5, 4.5], "texture": "#0"},
				"east": {"uv": [0, 2.5, 2.5, 4.5], "texture": "#0"},
				"south": {"uv": [7.5, 2.5, 10, 4.5], "texture": "#0"},
				"west": {"uv": [5, 2.5, 7.5, 4.5], "texture": "#0"},
				"up": {"uv": [5, 2.5, 2.5, 0], "texture": "#0"},
				"down": {"uv": [7.5, 0, 5, 2.5], "texture": "#0"}
			}
		},
		{
			"name": "Antlers",
			"from": [0, 3, 8],
			"to": [16, 16, 8],
			"rotation": {"angle": 0, "axis": "y", "origin": [1, 11, 9]},
			"faces": {
				"north": {"uv": [10, 0, 14, 3.25], "texture": "#0"},
				"south": {"uv": [10, 0, 14, 3.25], "texture": "#0"}
			}
		},
		{
			"name": "Spikes",
			"from": [8, -2, 13],
			"to": [8, 8, 19],
			"rotation": {"angle": 0, "axis": "y", "origin": [9, -2, 14]},
			"faces": {
				"east": {"uv": [4, 8, 5.5, 10.5], "texture": "#0"},
				"west": {"uv": [5.5, 8, 4, 10.5], "texture": "#0"}
			}
		}
	],
	"overrides": [
		{"predicate": {"custom_model_data": 1}, "model": "valiance:item/entity/jeeper/head_hurt"}
	],
	"display": {
		"firstperson_righthand": {
			"rotation": [0, 180, 0]
		},
		"ground": {
			"rotation": [0, -180, 0],
			"translation": [0, -3.5, -6.4],
			"scale": [1.01, 1.01, 1.01]
		},
		"gui": {
			"rotation": [30, -135, 0],
			"translation": [0, 3, 0]
		},
		"head": {
			"translation": [0, 6.5, 0],
			"scale": [1.601, 1.601, 1.601]
		},
		"fixed": {
			"translation": [0, 4, 0]
		}
	},
	"groups": [
		{
			"name": "Root",
			"origin": [0, 0, 0],
			"color": 0,
			"children": [
				{
					"name": "Head",
					"origin": [0, 23.9, 0],
					"color": 0,
					"children": [0, 1, 2]
				}
			]
		}
	]
}