{
  "display": {
    "icon": {
      "id": "minecraft:totem_of_undying"
    },
    "title": {
      "translate": "advancements.adventure.totem_of_undying.title"
    },
    "description": {
      "translate": "advancements.adventure.totem_of_undying.description"
    },
    "frame": "goal"
  },
  "parent": "minecraft:adventure/hero_of_the_village",
  "criteria": {
    "used_totem": {
      "trigger": "minecraft:used_totem",
      "conditions": {
        "item": {
          "items": "minecraft:totem_of_undying"
        }
      }
    }
  },
  "requirements": [
    [
      "used_totem"
    ]
  ],
  "sends_telemetry_event": true
}
