{
	"credit": "Made with Blockbench",
	"texture_size": [64, 64],
	"textures": {
		"0": "valiance:item/entity/firework_zombie/default",
		"particle": "valiance:item/entity/firework_zombie/default"
	},
	"elements": [
		{
			"name": "Head",
			"from": [3.99, -0.01, 3.99],
			"to": [12.01, 8.01, 12.01],
			"rotation": {"angle": 0, "axis": "x", "origin": [8, 6.5, 8]},
			"faces": {
				"north": {"uv": [2, 2, 4, 4], "texture": "#0"},
				"east": {"uv": [0, 2, 2, 4], "texture": "#0"},
				"south": {"uv": [6, 2, 8, 4], "texture": "#0"},
				"west": {"uv": [4, 2, 6, 4], "texture": "#0"},
				"up": {"uv": [4, 2, 2, 0], "texture": "#0"},
				"down": {"uv": [6, 0, 4, 2], "texture": "#0"}
			}
		},
		{
			"name": "Band",
			"from": [3.8, 4.8, 3.8],
			"to": [12.2, 7.2, 12.2],
			"rotation": {"angle": 0, "axis": "x", "origin": [8, 6.5, 8]},
			"faces": {
				"north": {"uv": [10, 2, 12, 2.5], "texture": "#0"},
				"east": {"uv": [8, 2, 10, 2.5], "texture": "#0"},
				"south": {"uv": [14, 2, 16, 2.5], "texture": "#0"},
				"west": {"uv": [12, 2, 14, 2.5], "texture": "#0"},
				"up": {"uv": [12, 2, 10, 0], "texture": "#0"},
				"down": {"uv": [14, 0, 12, 2], "texture": "#0"}
			}
		},
		{
			"name": "Firework",
			"from": [12, 1, 6.5],
			"to": [15, 8, 9.5],
			"rotation": {"angle": 0, "axis": "x", "origin": [8, 6.5, 8]},
			"faces": {
				"north": {"uv": [8.75, 3.25, 9.5, 5], "texture": "#0"},
				"east": {"uv": [8, 3.25, 8.75, 5], "texture": "#0"},
				"south": {"uv": [10.25, 3.25, 11, 5], "texture": "#0"},
				"west": {"uv": [9.5, 3.25, 10.25, 5], "texture": "#0"},
				"up": {"uv": [9.5, 3.25, 8.75, 2.5], "texture": "#0"},
				"down": {"uv": [10.25, 2.5, 9.5, 3.25], "texture": "#0"}
			}
		},
		{
			"name": "Firework",
			"from": [11, 8, 5.5],
			"to": [16, 10, 10.5],
			"rotation": {"angle": 0, "axis": "x", "origin": [8, 6.5, 8]},
			"faces": {
				"north": {"uv": [12.25, 3.75, 13.5, 4.25], "texture": "#0"},
				"east": {"uv": [11, 3.75, 12.25, 4.25], "texture": "#0"},
				"south": {"uv": [14.75, 3.75, 16, 4.25], "texture": "#0"},
				"west": {"uv": [13.5, 3.75, 14.75, 4.25], "texture": "#0"},
				"up": {"uv": [13.5, 3.75, 12.25, 2.5], "texture": "#0"},
				"down": {"uv": [14.75, 2.5, 13.5, 3.75], "texture": "#0"}
			}
		},
		{
			"name": "Firework",
			"from": [12, 10, 6.5],
			"to": [15, 12, 9.5],
			"rotation": {"angle": 0, "axis": "x", "origin": [8, 6.5, 8]},
			"faces": {
				"north": {"uv": [11.75, 5, 12.5, 5.5], "texture": "#0"},
				"east": {"uv": [11, 5, 11.75, 5.5], "texture": "#0"},
				"south": {"uv": [13.25, 5, 14, 5.5], "texture": "#0"},
				"west": {"uv": [12.5, 5, 13.25, 5.5], "texture": "#0"},
				"up": {"uv": [12.5, 5, 11.75, 4.25], "texture": "#0"},
				"down": {"uv": [13.25, 4.25, 12.5, 5], "texture": "#0"}
			}
		},
		{
			"name": "Firework",
			"from": [14, 0, 7.5],
			"to": [14, 4, 13.5],
			"rotation": {"angle": 45, "axis": "x", "origin": [14, 1, 8.5]},
			"faces": {
				"north": {"uv": [9.5, 5, 9.5, 6], "texture": "#0"},
				"east": {"uv": [8, 5, 9.5, 6], "texture": "#0"},
				"south": {"uv": [11, 5, 11, 6], "texture": "#0"},
				"west": {"uv": [9.5, 5, 11, 6], "texture": "#0"},
				"up": {"uv": [9.5, 5, 9.5, 3.5], "texture": "#0"},
				"down": {"uv": [9.5, 3.5, 9.5, 5], "texture": "#0"}
			}
		},
		{
			"name": "Firework",
			"from": [1, 1, 6.5],
			"to": [4, 8, 9.5],
			"rotation": {"angle": 0, "axis": "x", "origin": [8, 6.5, 8]},
			"faces": {
				"north": {"uv": [9.5, 3.25, 8.75, 5], "texture": "#0"},
				"east": {"uv": [10.25, 3.25, 9.5, 5], "texture": "#0"},
				"south": {"uv": [11, 3.25, 10.25, 5], "texture": "#0"},
				"west": {"uv": [8.75, 3.25, 8, 5], "texture": "#0"},
				"up": {"uv": [8.75, 3.25, 9.5, 2.5], "texture": "#0"},
				"down": {"uv": [9.5, 2.5, 10.25, 3.25], "texture": "#0"}
			}
		},
		{
			"name": "Firework",
			"from": [0, 8, 5.5],
			"to": [5, 10, 10.5],
			"rotation": {"angle": 0, "axis": "x", "origin": [8, 6.5, 8]},
			"faces": {
				"north": {"uv": [13.5, 3.75, 12.25, 4.25], "texture": "#0"},
				"east": {"uv": [14.75, 3.75, 13.5, 4.25], "texture": "#0"},
				"south": {"uv": [16, 3.75, 14.75, 4.25], "texture": "#0"},
				"west": {"uv": [12.25, 3.75, 11, 4.25], "texture": "#0"},
				"up": {"uv": [12.25, 3.75, 13.5, 2.5], "texture": "#0"},
				"down": {"uv": [13.5, 2.5, 14.75, 3.75], "texture": "#0"}
			}
		},
		{
			"name": "Firework",
			"from": [1, 10, 6.5],
			"to": [4, 12, 9.5],
			"rotation": {"angle": 0, "axis": "x", "origin": [8, 6.5, 8]},
			"faces": {
				"north": {"uv": [12.5, 5, 11.75, 5.5], "texture": "#0"},
				"east": {"uv": [13.25, 5, 12.5, 5.5], "texture": "#0"},
				"south": {"uv": [14, 5, 13.25, 5.5], "texture": "#0"},
				"west": {"uv": [11.75, 5, 11, 5.5], "texture": "#0"},
				"up": {"uv": [11.75, 5, 12.5, 4.25], "texture": "#0"},
				"down": {"uv": [12.5, 4.25, 13.25, 5], "texture": "#0"}
			}
		},
		{
			"name": "Firework",
			"from": [2, 0, 7.5],
			"to": [2, 4, 13.5],
			"rotation": {"angle": 45, "axis": "x", "origin": [2, 1, 8.5]},
			"faces": {
				"north": {"uv": [9.5, 5, 9.5, 6], "texture": "#0"},
				"east": {"uv": [11, 5, 9.5, 6], "texture": "#0"},
				"south": {"uv": [11, 5, 11, 6], "texture": "#0"},
				"west": {"uv": [9.5, 5, 8, 6], "texture": "#0"},
				"up": {"uv": [9.5, 5, 9.5, 3.5], "texture": "#0"},
				"down": {"uv": [9.5, 3.5, 9.5, 5], "texture": "#0"}
			}
		}
	],
	"display": {
		"head": {
			"translation": [0, 6.5, 0],
			"scale": [1.6, 1.6, 1.6]
		}
	}
}