{
  "type": "minecraft:generic",
  "pools": [
    {
      "rolls": 1,
      "entries": [
        {
          "type": "minecraft:item",
          "name": "minecraft:golden_leggings"
        }
      ],
      "functions": [
        {
          "function": "minecraft:set_name",
          "entity": "this",
          "target": "item_name",
          "name": {
            "translate": "item.valiance.tainted_armor",
            "with": [
              {
                "translate": "item.minecraft.golden_leggings"
              }
            ],
            "italic": false,
            "color": "white",
            "font": "valiance:title"
          }
        },
        {
          "function": "minecraft:enchant_with_levels",
          "levels": 30,
          "options": [
            "minecraft:protection",
            "minecraft:unbreaking",
            "minecraft:mending",
            "minecraft:thorns"
          ]
        },
        {
          "function": "minecraft:enchant_randomly",
          "options": [
            "minecraft:binding_curse",
            "valiance:weight_curse"
          ],
          "only_compatible": true
        },
        {
          "function": "minecraft:set_custom_data",
          "tag": "{valiance:{tainted:1}}"
        }
      ]
    }
  ]
}
