{
	"credit": "Made with Blockbench",
	"textures": {
		"0": "valiance:item/buckle_armor_trim_smithing_template",
		"particle": "valiance:item/buckle_armor_trim_smithing_template"
	},
	"elements": [
		{
			"name": "muscle_armor_trim_smithing_template_0",
			"from": [6, 0, 7.5],
			"to": [9, 16, 8.5],
			"rotation": {"angle": 0, "axis": "y", "origin": [0, 0, 7.5]},
			"faces": {
				"north": {"uv": [9, 0, 6, 16], "texture": "#0"},
				"east": {"uv": [8, 0, 9, 16], "texture": "#0"},
				"south": {"uv": [6, 0, 9, 16], "texture": "#0"},
				"west": {"uv": [6, 0, 7, 16], "texture": "#0"},
				"up": {"uv": [6, 0, 9, 1], "texture": "#0"},
				"down": {"uv": [6, 15, 9, 16], "texture": "#0"}
			}
		},
		{
			"name": "muscle_armor_trim_smithing_template_1",
			"from": [5, 1, 7.5],
			"to": [6, 15, 8.5],
			"rotation": {"angle": 0, "axis": "y", "origin": [0, 0, 7.5]},
			"faces": {
				"north": {"uv": [6, 1, 5, 15], "texture": "#0"},
				"east": {"uv": [5, 1, 6, 15], "texture": "#0"},
				"south": {"uv": [5, 1, 6, 15], "texture": "#0"},
				"west": {"uv": [5, 1, 6, 15], "texture": "#0"},
				"up": {"uv": [5, 1, 6, 2], "texture": "#0"},
				"down": {"uv": [5, 14, 6, 15], "texture": "#0"}
			}
		},
		{
			"name": "muscle_armor_trim_smithing_template_2",
			"from": [9, 0, 7.5],
			"to": [11, 15, 8.5],
			"rotation": {"angle": 0, "axis": "y", "origin": [0, 0, 7.5]},
			"faces": {
				"north": {"uv": [11, 1, 9, 16], "texture": "#0"},
				"east": {"uv": [10, 1, 11, 16], "texture": "#0"},
				"south": {"uv": [9, 1, 11, 16], "texture": "#0"},
				"west": {"uv": [9, 1, 10, 16], "texture": "#0"},
				"up": {"uv": [9, 1, 11, 2], "texture": "#0"},
				"down": {"uv": [9, 15, 11, 16], "texture": "#0"}
			}
		},
		{
			"name": "muscle_armor_trim_smithing_template_3",
			"from": [11, 3, 7.5],
			"to": [13, 14, 8.5],
			"rotation": {"angle": 0, "axis": "y", "origin": [0, 0, 7.5]},
			"faces": {
				"north": {"uv": [13, 2, 11, 13], "texture": "#0"},
				"east": {"uv": [12, 2, 13, 13], "texture": "#0"},
				"south": {"uv": [11, 2, 13, 13], "texture": "#0"},
				"west": {"uv": [11, 2, 12, 13], "texture": "#0"},
				"up": {"uv": [11, 2, 13, 3], "texture": "#0"},
				"down": {"uv": [11, 12, 13, 13], "texture": "#0"}
			}
		},
		{
			"name": "muscle_armor_trim_smithing_template_4",
			"from": [4, 1, 7.5],
			"to": [5, 13, 8.5],
			"rotation": {"angle": 0, "axis": "y", "origin": [0, 0, 7.5]},
			"faces": {
				"north": {"uv": [5, 3, 4, 15], "texture": "#0"},
				"east": {"uv": [4, 3, 5, 15], "texture": "#0"},
				"south": {"uv": [4, 3, 5, 15], "texture": "#0"},
				"west": {"uv": [4, 3, 5, 15], "texture": "#0"},
				"up": {"uv": [4, 3, 5, 4], "texture": "#0"},
				"down": {"uv": [4, 14, 5, 15], "texture": "#0"}
			}
		},
		{
			"name": "muscle_armor_trim_smithing_template_5",
			"from": [13, 7, 7.5],
			"to": [15, 13, 8.5],
			"rotation": {"angle": 0, "axis": "y", "origin": [0, 0, 7.5]},
			"faces": {
				"north": {"uv": [15, 3, 13, 9], "texture": "#0"},
				"east": {"uv": [14, 3, 15, 9], "texture": "#0"},
				"south": {"uv": [13, 3, 15, 9], "texture": "#0"},
				"west": {"uv": [13, 3, 14, 9], "texture": "#0"},
				"up": {"uv": [13, 3, 15, 4], "texture": "#0"},
				"down": {"uv": [13, 8, 15, 9], "texture": "#0"}
			}
		},
		{
			"name": "muscle_armor_trim_smithing_template_6",
			"from": [15, 9, 7.5],
			"to": [16, 12, 8.5],
			"rotation": {"angle": 0, "axis": "y", "origin": [0, 0, 7.5]},
			"faces": {
				"north": {"uv": [16, 4, 15, 7], "texture": "#0"},
				"east": {"uv": [15, 4, 16, 7], "texture": "#0"},
				"south": {"uv": [15, 4, 16, 7], "texture": "#0"},
				"west": {"uv": [15, 4, 16, 7], "texture": "#0"},
				"up": {"uv": [15, 4, 16, 5], "texture": "#0"},
				"down": {"uv": [15, 6, 16, 7], "texture": "#0"}
			}
		},
		{
			"name": "muscle_armor_trim_smithing_template_7",
			"from": [3, 2, 7.5],
			"to": [4, 11, 8.5],
			"rotation": {"angle": 0, "axis": "y", "origin": [0, 0, 7.5]},
			"faces": {
				"north": {"uv": [4, 5, 3, 14], "texture": "#0"},
				"east": {"uv": [3, 5, 4, 14], "texture": "#0"},
				"south": {"uv": [3, 5, 4, 14], "texture": "#0"},
				"west": {"uv": [3, 5, 4, 14], "texture": "#0"},
				"up": {"uv": [3, 5, 4, 6], "texture": "#0"},
				"down": {"uv": [3, 13, 4, 14], "texture": "#0"}
			}
		},
		{
			"name": "muscle_armor_trim_smithing_template_8",
			"from": [2, 2, 7.5],
			"to": [3, 9, 8.5],
			"rotation": {"angle": 0, "axis": "y", "origin": [0, 0, 7.5]},
			"faces": {
				"north": {"uv": [3, 7, 2, 14], "texture": "#0"},
				"east": {"uv": [2, 7, 3, 14], "texture": "#0"},
				"south": {"uv": [2, 7, 3, 14], "texture": "#0"},
				"west": {"uv": [2, 7, 3, 14], "texture": "#0"},
				"up": {"uv": [2, 7, 3, 8], "texture": "#0"},
				"down": {"uv": [2, 13, 3, 14], "texture": "#0"}
			}
		},
		{
			"name": "muscle_armor_trim_smithing_template_9",
			"from": [1, 3, 7.5],
			"to": [2, 7, 8.5],
			"rotation": {"angle": 0, "axis": "y", "origin": [0, 0, 7.5]},
			"faces": {
				"north": {"uv": [2, 9, 1, 13], "texture": "#0"},
				"east": {"uv": [1, 9, 2, 13], "texture": "#0"},
				"south": {"uv": [1, 9, 2, 13], "texture": "#0"},
				"west": {"uv": [1, 9, 2, 13], "texture": "#0"},
				"up": {"uv": [1, 9, 2, 10], "texture": "#0"},
				"down": {"uv": [1, 12, 2, 13], "texture": "#0"}
			}
		},
		{
			"name": "muscle_armor_trim_smithing_template_10",
			"from": [13, 5, 7.5],
			"to": [14, 7, 8.5],
			"rotation": {"angle": 0, "axis": "y", "origin": [0, 0, 7.5]},
			"faces": {
				"north": {"uv": [14, 9, 13, 11], "texture": "#0"},
				"east": {"uv": [13, 9, 14, 11], "texture": "#0"},
				"south": {"uv": [13, 9, 14, 11], "texture": "#0"},
				"west": {"uv": [13, 9, 14, 11], "texture": "#0"},
				"up": {"uv": [13, 9, 14, 10], "texture": "#0"},
				"down": {"uv": [13, 10, 14, 11], "texture": "#0"}
			}
		},
		{
			"name": "muscle_armor_trim_smithing_template_11",
			"from": [11, 1, 7.5],
			"to": [12, 3, 8.5],
			"rotation": {"angle": 0, "axis": "y", "origin": [0, 0, 7.5]},
			"faces": {
				"north": {"uv": [12, 13, 11, 15], "texture": "#0"},
				"east": {"uv": [11, 13, 12, 15], "texture": "#0"},
				"south": {"uv": [11, 13, 12, 15], "texture": "#0"},
				"west": {"uv": [11, 13, 12, 15], "texture": "#0"},
				"up": {"uv": [11, 13, 12, 14], "texture": "#0"},
				"down": {"uv": [11, 14, 12, 15], "texture": "#0"}
			}
		}
	],
	"gui_light": "front",
	"display": {
		"thirdperson_righthand": {
			"translation": [0, 3, 1],
			"scale": [0.55, 0.55, 0.55]
		},
		"firstperson_righthand": {
			"rotation": [0, -90, 25],
			"translation": [1.13, 3.2, 1.13],
			"scale": [0.68, 0.68, 0.68]
		},
		"ground": {
			"translation": [0, 2, 0],
			"scale": [0.5, 0.5, 0.5]
		},
		"head": {
			"rotation": [0, 180, 0],
			"translation": [0, 13, 7]
		},
		"fixed": {
			"rotation": [0, 180, 0]
		}
	},
	"groups": [
		{
			"name": "muscle_armor_trim_smithing_template",
			"origin": [8, 8, 8],
			"color": 0,
			"children": [0, 1, 2, 3, 4, 5, 6, 7, 8, 9, 10, 11]
		}
	]
}