{
	"credit": "Made with Blockbench",
	"texture_size": [32, 32],
	"textures": {
		"0": "valiance:item/copper_shield",
		"particle": "valiance:item/copper_shield"
	},
	"elements": [
		{
			"name": "Shield",
			"from": [2, 0, 6],
			"to": [14, 12, 7],
			"rotation": {"angle": 0, "axis": "y", "origin": [8, 6, 6.5]},
			"faces": {
				"north": {"uv": [0.5, 0.5, 6.5, 6.5], "texture": "#0"},
				"east": {"uv": [0, 0.5, 0.5, 6.5], "texture": "#0"},
				"south": {"uv": [7, 0.5, 13, 6.5], "texture": "#0"},
				"west": {"uv": [6.5, 0.5, 7, 6.5], "texture": "#0"},
				"up": {"uv": [6.5, 0.5, 0.5, 0], "texture": "#0"},
				"down": {"uv": [12.5, 0, 6.5, 0.5], "texture": "#0"}
			}
		},
		{
			"name": "Handle",
			"from": [7, 2, 7],
			"to": [9, 8, 13],
			"rotation": {"angle": 0, "axis": "y", "origin": [6, 16, 10]},
			"faces": {
				"north": {"uv": [3, 9.5, 4, 12.5], "texture": "#0"},
				"east": {"uv": [0, 9.5, 3, 12.5], "texture": "#0"},
				"south": {"uv": [7, 9.5, 8, 12.5], "texture": "#0"},
				"west": {"uv": [4, 9.5, 7, 12.5], "texture": "#0"},
				"up": {"uv": [4, 9.5, 3, 6.5], "texture": "#0"},
				"down": {"uv": [5, 6.5, 4, 9.5], "texture": "#0"}
			}
		}
	],
	"display": {
		"thirdperson_righthand": {
			"rotation": [90, -90, 90],
			"translation": [2, 1, 3]
		},
		"thirdperson_lefthand": {
			"rotation": [90, -90, 90],
			"translation": [2, 1, 3]
		},
		"firstperson_righthand": {
			"rotation": [0, 0, -5.5],
			"translation": [1, -2.5, 0],
			"scale": [1.25, 1.25, 1.25]
		},
		"firstperson_lefthand": {
			"rotation": [0, 0, -5.5],
			"translation": [1, -2.5, 0],
			"scale": [1.25, 1.25, 1.25]
		},
		"ground": {
			"translation": [2, 4, 2],
			"scale": [0.5, 0.5, 0.5]
		},
		"gui": {
			"rotation": [171.41, 29.07, -168.39],
			"translation": [0.75, 1.5, 0],
			"scale": [0.8, 0.8, 0.8]
		},
		"fixed": {
			"translation": [0, 2, 0]
		}
	}
}