{
	"credit": "Made with Blockbench",
	"texture_size": [32, 32],
	"textures": {
		"0": "valiance:item/gauntlet",
		"particle": "valiance:item/gauntlet"
	},
	"elements": [
		{
			"name": "Gauntlet",
			"from": [5.5, 1.5, 4],
			"to": [10.5, 6.5, 12],
			"rotation": {"angle": 0, "axis": "z", "origin": [8, 4, 6.75]},
			"faces": {
				"east": {"uv": [2.5, 6.5, 5, 2.5], "rotation": 90, "texture": "#0"},
				"south": {"uv": [5, 0, 2.5, 2.5], "rotation": 270, "texture": "#0"},
				"west": {"uv": [7.5, 6.5, 10, 2.5], "rotation": 270, "texture": "#0"},
				"up": {"uv": [0, 6.5, 2.5, 2.5], "texture": "#0"},
				"down": {"uv": [5, 6.5, 7.5, 2.5], "rotation": 180, "texture": "#0"}
			}
		},
		{
			"name": "Gauntlet",
			"from": [5.999, 1.999, 3.999],
			"to": [10.001, 6.001, 7.001],
			"rotation": {"angle": 0, "axis": "z", "origin": [8, 4, 6.75]},
			"faces": {
				"east": {"uv": [4, 10.5, 2, 9], "rotation": 90, "texture": "#0"},
				"south": {"uv": [2, 7, 4, 9], "rotation": 270, "texture": "#0"},
				"west": {"uv": [8, 10.5, 6, 9], "rotation": 270, "texture": "#0"},
				"up": {"uv": [2, 10.5, 0, 9], "texture": "#0"},
				"down": {"uv": [6, 10.5, 4, 9], "rotation": 180, "texture": "#0"}
			}
		},
		{
			"name": "Gauntlet inverted",
			"from": [10.499, 6.499, 11.999],
			"to": [5.501, 1.501, 4.001],
			"rotation": {"angle": 0, "axis": "z", "origin": [8, 4, 6.75]},
			"faces": {
				"east": {"uv": [10, 6.5, 7.5, 2.5], "rotation": 270, "texture": "#0"},
				"west": {"uv": [5, 6.5, 2.5, 2.5], "rotation": 90, "texture": "#0"},
				"up": {"uv": [7.5, 6.5, 5, 2.5], "rotation": 180, "texture": "#0"},
				"down": {"uv": [2.5, 6.5, 0, 2.5], "texture": "#0"}
			}
		},
		{
			"name": "Gauntlet inverted",
			"from": [10, 6, 7],
			"to": [6, 2, 4],
			"rotation": {"angle": 0, "axis": "z", "origin": [8, 4, 6.75]},
			"faces": {
				"east": {"uv": [6, 10.5, 8, 9], "rotation": 270, "texture": "#0"},
				"west": {"uv": [2, 10.5, 4, 9], "rotation": 90, "texture": "#0"},
				"up": {"uv": [4, 10.5, 6, 9], "rotation": 180, "texture": "#0"},
				"down": {"uv": [0, 10.5, 2, 9], "texture": "#0"}
			}
		},
		{
			"name": "GUI",
			"from": [6, 2, 6],
			"to": [10, 6, 6],
			"rotation": {"angle": 0, "axis": "z", "origin": [8, 4, 11.75]},
			"faces": {
				"north": {"uv": [8, 8, 16, 16], "texture": "#0"}
			}
		},
		{
			"name": "Mesh",
			"from": [9.75, 2, 4],
			"to": [9.75, 6, 5],
			"rotation": {"angle": 0, "axis": "y", "origin": [8, 4, 4.5]},
			"faces": {
				"east": {"uv": [0.5, 0, 0, 2], "texture": "#0"},
				"west": {"uv": [0.5, 0, 0, 2], "texture": "#0"}
			}
		},
		{
			"name": "Mesh",
			"from": [9.5, 2, 4],
			"to": [9.5, 6, 5],
			"rotation": {"angle": 0, "axis": "y", "origin": [8, 4, 4.5]},
			"faces": {
				"east": {"uv": [0.5, 0, 0, 2], "texture": "#0"},
				"west": {"uv": [0.5, 0, 0, 2], "texture": "#0"}
			}
		},
		{
			"name": "Mesh",
			"from": [9, 2, 4],
			"to": [9, 6, 5],
			"rotation": {"angle": 0, "axis": "y", "origin": [8, 4, 4.5]},
			"faces": {
				"east": {"uv": [0.5, 0, 0, 2], "texture": "#0"},
				"west": {"uv": [0.5, 0, 0, 2], "texture": "#0"}
			}
		},
		{
			"name": "Mesh",
			"from": [9.25, 2, 4],
			"to": [9.25, 6, 5],
			"rotation": {"angle": 0, "axis": "y", "origin": [8, 4, 4.5]},
			"faces": {
				"east": {"uv": [0.5, 0, 0, 2], "texture": "#0"},
				"west": {"uv": [0.5, 0, 0, 2], "texture": "#0"}
			}
		},
		{
			"name": "Mesh",
			"from": [8, 2, 4],
			"to": [8, 6, 5],
			"rotation": {"angle": 0, "axis": "y", "origin": [8, 4, 4.5]},
			"faces": {
				"east": {"uv": [0.5, 0, 0, 2], "texture": "#0"},
				"west": {"uv": [0.5, 0, 0, 2], "texture": "#0"}
			}
		},
		{
			"name": "Mesh",
			"from": [8.25, 2, 4],
			"to": [8.25, 6, 5],
			"rotation": {"angle": 0, "axis": "y", "origin": [8, 4, 4.5]},
			"faces": {
				"east": {"uv": [0.5, 0, 0, 2], "texture": "#0"},
				"west": {"uv": [0.5, 0, 0, 2], "texture": "#0"}
			}
		},
		{
			"name": "Mesh",
			"from": [8.75, 2, 4],
			"to": [8.75, 6, 5],
			"rotation": {"angle": 0, "axis": "y", "origin": [8, 4, 4.5]},
			"faces": {
				"east": {"uv": [0.5, 0, 0, 2], "texture": "#0"},
				"west": {"uv": [0.5, 0, 0, 2], "texture": "#0"}
			}
		},
		{
			"name": "Mesh",
			"from": [8.5, 2, 4],
			"to": [8.5, 6, 5],
			"rotation": {"angle": 0, "axis": "y", "origin": [8, 4, 4.5]},
			"faces": {
				"east": {"uv": [0.5, 0, 0, 2], "texture": "#0"},
				"west": {"uv": [0.5, 0, 0, 2], "texture": "#0"}
			}
		},
		{
			"name": "Mesh",
			"from": [7, 2, 4],
			"to": [7, 6, 5],
			"rotation": {"angle": 0, "axis": "y", "origin": [8, 4, 4.5]},
			"faces": {
				"east": {"uv": [0.5, 0, 0, 2], "texture": "#0"},
				"west": {"uv": [0.5, 0, 0, 2], "texture": "#0"}
			}
		},
		{
			"name": "Mesh",
			"from": [7.25, 2, 4],
			"to": [7.25, 6, 5],
			"rotation": {"angle": 0, "axis": "y", "origin": [8, 4, 4.5]},
			"faces": {
				"east": {"uv": [0.5, 0, 0, 2], "texture": "#0"},
				"west": {"uv": [0.5, 0, 0, 2], "texture": "#0"}
			}
		},
		{
			"name": "Mesh",
			"from": [7.75, 2, 4],
			"to": [7.75, 6, 5],
			"rotation": {"angle": 0, "axis": "y", "origin": [8, 4, 4.5]},
			"faces": {
				"east": {"uv": [0.5, 0, 0, 2], "texture": "#0"},
				"west": {"uv": [0.5, 0, 0, 2], "texture": "#0"}
			}
		},
		{
			"name": "Mesh",
			"from": [7.5, 2, 4],
			"to": [7.5, 6, 5],
			"rotation": {"angle": 0, "axis": "y", "origin": [8, 4, 4.5]},
			"faces": {
				"east": {"uv": [0.5, 0, 0, 2], "texture": "#0"},
				"west": {"uv": [0.5, 0, 0, 2], "texture": "#0"}
			}
		},
		{
			"name": "Mesh",
			"from": [6.75, 2, 4],
			"to": [6.75, 6, 5],
			"rotation": {"angle": 0, "axis": "y", "origin": [8, 4, 4.5]},
			"faces": {
				"east": {"uv": [0.5, 0, 0, 2], "texture": "#0"},
				"west": {"uv": [0.5, 0, 0, 2], "texture": "#0"}
			}
		},
		{
			"name": "Mesh",
			"from": [6.5, 2, 4],
			"to": [6.5, 6, 5],
			"rotation": {"angle": 0, "axis": "y", "origin": [8, 4, 4.5]},
			"faces": {
				"east": {"uv": [0.5, 0, 0, 2], "texture": "#0"},
				"west": {"uv": [0.5, 0, 0, 2], "texture": "#0"}
			}
		},
		{
			"name": "Mesh",
			"from": [6.25, 2, 4],
			"to": [6.25, 6, 5],
			"rotation": {"angle": 0, "axis": "y", "origin": [8, 4, 4.5]},
			"faces": {
				"east": {"uv": [0.5, 0, 0, 2], "texture": "#0"},
				"west": {"uv": [0.5, 0, 0, 2], "texture": "#0"}
			}
		},
		{
			"name": "Mesh",
			"from": [6.25, 2, 4],
			"to": [6.25, 6, 5],
			"rotation": {"angle": 0, "axis": "y", "origin": [8, 4, 4.5]},
			"faces": {
				"east": {"uv": [0.5, 0, 0, 2], "texture": "#0"},
				"west": {"uv": [0.5, 0, 0, 2], "texture": "#0"}
			}
		},
		{
			"name": "Mesh",
			"from": [9.75, 2, 4],
			"to": [9.75, 6, 5],
			"rotation": {"angle": 0, "axis": "y", "origin": [8, 4, 4.5]},
			"faces": {
				"east": {"uv": [0.5, 0, 0, 2], "texture": "#0"},
				"west": {"uv": [0.5, 0, 0, 2], "texture": "#0"}
			}
		},
		{
			"name": "Mesh",
			"from": [9.5, 2, 4],
			"to": [9.5, 6, 5],
			"rotation": {"angle": 0, "axis": "y", "origin": [8, 4, 4.5]},
			"faces": {
				"east": {"uv": [0.5, 0, 0, 2], "texture": "#0"},
				"west": {"uv": [0.5, 0, 0, 2], "texture": "#0"}
			}
		},
		{
			"name": "Mesh",
			"from": [9, 2, 4],
			"to": [9, 6, 5],
			"rotation": {"angle": 0, "axis": "y", "origin": [8, 4, 4.5]},
			"faces": {
				"east": {"uv": [0.5, 0, 0, 2], "texture": "#0"},
				"west": {"uv": [0.5, 0, 0, 2], "texture": "#0"}
			}
		},
		{
			"name": "Mesh",
			"from": [9.25, 2, 4],
			"to": [9.25, 6, 5],
			"rotation": {"angle": 0, "axis": "y", "origin": [8, 4, 4.5]},
			"faces": {
				"east": {"uv": [0.5, 0, 0, 2], "texture": "#0"},
				"west": {"uv": [0.5, 0, 0, 2], "texture": "#0"}
			}
		},
		{
			"name": "Mesh",
			"from": [8, 2, 4],
			"to": [8, 6, 5],
			"rotation": {"angle": 0, "axis": "y", "origin": [8, 4, 4.5]},
			"faces": {
				"east": {"uv": [0.5, 0, 0, 2], "texture": "#0"},
				"west": {"uv": [0.5, 0, 0, 2], "texture": "#0"}
			}
		},
		{
			"name": "Mesh",
			"from": [8.25, 2, 4],
			"to": [8.25, 6, 5],
			"rotation": {"angle": 0, "axis": "y", "origin": [8, 4, 4.5]},
			"faces": {
				"east": {"uv": [0.5, 0, 0, 2], "texture": "#0"},
				"west": {"uv": [0.5, 0, 0, 2], "texture": "#0"}
			}
		},
		{
			"name": "Mesh",
			"from": [8.75, 2, 4],
			"to": [8.75, 6, 5],
			"rotation": {"angle": 0, "axis": "y", "origin": [8, 4, 4.5]},
			"faces": {
				"east": {"uv": [0.5, 0, 0, 2], "texture": "#0"},
				"west": {"uv": [0.5, 0, 0, 2], "texture": "#0"}
			}
		},
		{
			"name": "Mesh",
			"from": [8.5, 2, 4],
			"to": [8.5, 6, 5],
			"rotation": {"angle": 0, "axis": "y", "origin": [8, 4, 4.5]},
			"faces": {
				"east": {"uv": [0.5, 0, 0, 2], "texture": "#0"},
				"west": {"uv": [0.5, 0, 0, 2], "texture": "#0"}
			}
		},
		{
			"name": "Mesh",
			"from": [7, 2, 4],
			"to": [7, 6, 5],
			"rotation": {"angle": 0, "axis": "y", "origin": [8, 4, 4.5]},
			"faces": {
				"east": {"uv": [0.5, 0, 0, 2], "texture": "#0"},
				"west": {"uv": [0.5, 0, 0, 2], "texture": "#0"}
			}
		},
		{
			"name": "Mesh",
			"from": [7.25, 2, 4],
			"to": [7.25, 6, 5],
			"rotation": {"angle": 0, "axis": "y", "origin": [8, 4, 4.5]},
			"faces": {
				"east": {"uv": [0.5, 0, 0, 2], "texture": "#0"},
				"west": {"uv": [0.5, 0, 0, 2], "texture": "#0"}
			}
		},
		{
			"name": "Mesh",
			"from": [7.75, 2, 4],
			"to": [7.75, 6, 5],
			"rotation": {"angle": 0, "axis": "y", "origin": [8, 4, 4.5]},
			"faces": {
				"east": {"uv": [0.5, 0, 0, 2], "texture": "#0"},
				"west": {"uv": [0.5, 0, 0, 2], "texture": "#0"}
			}
		},
		{
			"name": "Mesh",
			"from": [7.5, 2, 4],
			"to": [7.5, 6, 5],
			"rotation": {"angle": 0, "axis": "y", "origin": [8, 4, 4.5]},
			"faces": {
				"east": {"uv": [0.5, 0, 0, 2], "texture": "#0"},
				"west": {"uv": [0.5, 0, 0, 2], "texture": "#0"}
			}
		},
		{
			"name": "Mesh",
			"from": [6.75, 2, 4],
			"to": [6.75, 6, 5],
			"rotation": {"angle": 0, "axis": "y", "origin": [8, 4, 4.5]},
			"faces": {
				"east": {"uv": [0.5, 0, 0, 2], "texture": "#0"},
				"west": {"uv": [0.5, 0, 0, 2], "texture": "#0"}
			}
		},
		{
			"name": "Mesh",
			"from": [6.5, 2, 4],
			"to": [6.5, 6, 5],
			"rotation": {"angle": 0, "axis": "y", "origin": [8, 4, 4.5]},
			"faces": {
				"east": {"uv": [0.5, 0, 0, 2], "texture": "#0"},
				"west": {"uv": [0.5, 0, 0, 2], "texture": "#0"}
			}
		},
		{
			"name": "Mesh",
			"from": [6, 2.25, 4],
			"to": [10, 2.25, 5],
			"rotation": {"angle": 0, "axis": "y", "origin": [8, 4, 4.5]},
			"faces": {
				"up": {"uv": [0.5, 0, 0, 2], "rotation": 90, "texture": "#0"},
				"down": {"uv": [0.5, 0, 0, 2], "rotation": 90, "texture": "#0"}
			}
		},
		{
			"name": "Mesh",
			"from": [6, 2.5, 4],
			"to": [10, 2.5, 5],
			"rotation": {"angle": 0, "axis": "y", "origin": [8, 4, 4.5]},
			"faces": {
				"up": {"uv": [0.5, 0, 0, 2], "rotation": 90, "texture": "#0"},
				"down": {"uv": [0.5, 0, 0, 2], "rotation": 90, "texture": "#0"}
			}
		},
		{
			"name": "Mesh",
			"from": [6, 3, 4],
			"to": [10, 3, 5],
			"rotation": {"angle": 0, "axis": "y", "origin": [8, 4, 4.5]},
			"faces": {
				"up": {"uv": [0.5, 0, 0, 2], "rotation": 90, "texture": "#0"},
				"down": {"uv": [0.5, 0, 0, 2], "rotation": 90, "texture": "#0"}
			}
		},
		{
			"name": "Mesh",
			"from": [6, 2.75, 4],
			"to": [10, 2.75, 5],
			"rotation": {"angle": 0, "axis": "y", "origin": [8, 4, 4.5]},
			"faces": {
				"up": {"uv": [0.5, 0, 0, 2], "rotation": 90, "texture": "#0"},
				"down": {"uv": [0.5, 0, 0, 2], "rotation": 90, "texture": "#0"}
			}
		},
		{
			"name": "Mesh",
			"from": [6, 4, 4],
			"to": [10, 4, 5],
			"rotation": {"angle": 0, "axis": "y", "origin": [8, 4, 4.5]},
			"faces": {
				"up": {"uv": [0.5, 0, 0, 2], "rotation": 90, "texture": "#0"},
				"down": {"uv": [0.5, 0, 0, 2], "rotation": 90, "texture": "#0"}
			}
		},
		{
			"name": "Mesh",
			"from": [6, 3.75, 4],
			"to": [10, 3.75, 5],
			"rotation": {"angle": 0, "axis": "y", "origin": [8, 4, 4.5]},
			"faces": {
				"up": {"uv": [0.5, 0, 0, 2], "rotation": 90, "texture": "#0"},
				"down": {"uv": [0.5, 0, 0, 2], "rotation": 90, "texture": "#0"}
			}
		},
		{
			"name": "Mesh",
			"from": [6, 3.25, 4],
			"to": [10, 3.25, 5],
			"rotation": {"angle": 0, "axis": "y", "origin": [8, 4, 4.5]},
			"faces": {
				"up": {"uv": [0.5, 0, 0, 2], "rotation": 90, "texture": "#0"},
				"down": {"uv": [0.5, 0, 0, 2], "rotation": 90, "texture": "#0"}
			}
		},
		{
			"name": "Mesh",
			"from": [6, 3.5, 4],
			"to": [10, 3.5, 5],
			"rotation": {"angle": 0, "axis": "y", "origin": [8, 4, 4.5]},
			"faces": {
				"up": {"uv": [0.5, 0, 0, 2], "rotation": 90, "texture": "#0"},
				"down": {"uv": [0.5, 0, 0, 2], "rotation": 90, "texture": "#0"}
			}
		},
		{
			"name": "Mesh",
			"from": [6, 5, 4],
			"to": [10, 5, 5],
			"rotation": {"angle": 0, "axis": "y", "origin": [8, 4, 4.5]},
			"faces": {
				"up": {"uv": [0.5, 0, 0, 2], "rotation": 90, "texture": "#0"},
				"down": {"uv": [0.5, 0, 0, 2], "rotation": 90, "texture": "#0"}
			}
		},
		{
			"name": "Mesh",
			"from": [6, 4.75, 4],
			"to": [10, 4.75, 5],
			"rotation": {"angle": 0, "axis": "y", "origin": [8, 4, 4.5]},
			"faces": {
				"up": {"uv": [0.5, 0, 0, 2], "rotation": 90, "texture": "#0"},
				"down": {"uv": [0.5, 0, 0, 2], "rotation": 90, "texture": "#0"}
			}
		},
		{
			"name": "Mesh",
			"from": [6, 4.25, 4],
			"to": [10, 4.25, 5],
			"rotation": {"angle": 0, "axis": "y", "origin": [8, 4, 4.5]},
			"faces": {
				"up": {"uv": [0.5, 0, 0, 2], "rotation": 90, "texture": "#0"},
				"down": {"uv": [0.5, 0, 0, 2], "rotation": 90, "texture": "#0"}
			}
		},
		{
			"name": "Mesh",
			"from": [6, 4.5, 4],
			"to": [10, 4.5, 5],
			"rotation": {"angle": 0, "axis": "y", "origin": [8, 4, 4.5]},
			"faces": {
				"up": {"uv": [0.5, 0, 0, 2], "rotation": 90, "texture": "#0"},
				"down": {"uv": [0.5, 0, 0, 2], "rotation": 90, "texture": "#0"}
			}
		},
		{
			"name": "Mesh",
			"from": [6, 5.25, 4],
			"to": [10, 5.25, 5],
			"rotation": {"angle": 0, "axis": "y", "origin": [8, 4, 4.5]},
			"faces": {
				"up": {"uv": [0.5, 0, 0, 2], "rotation": 90, "texture": "#0"},
				"down": {"uv": [0.5, 0, 0, 2], "rotation": 90, "texture": "#0"}
			}
		},
		{
			"name": "Mesh",
			"from": [6, 5.5, 4],
			"to": [10, 5.5, 5],
			"rotation": {"angle": 0, "axis": "y", "origin": [8, 4, 4.5]},
			"faces": {
				"up": {"uv": [0.5, 0, 0, 2], "rotation": 90, "texture": "#0"},
				"down": {"uv": [0.5, 0, 0, 2], "rotation": 90, "texture": "#0"}
			}
		},
		{
			"name": "Mesh",
			"from": [6, 5.75, 4],
			"to": [10, 5.75, 5],
			"rotation": {"angle": 0, "axis": "y", "origin": [8, 4, 4.5]},
			"faces": {
				"up": {"uv": [0.5, 0, 0, 2], "rotation": 90, "texture": "#0"},
				"down": {"uv": [0.5, 0, 0, 2], "rotation": 90, "texture": "#0"}
			}
		},
		{
			"name": "Mesh",
			"from": [6, 5.75, 4],
			"to": [10, 5.75, 5],
			"rotation": {"angle": 0, "axis": "y", "origin": [8, 4, 4.5]},
			"faces": {
				"up": {"uv": [0.5, 0, 0, 2], "rotation": 90, "texture": "#0"},
				"down": {"uv": [0.5, 0, 0, 2], "rotation": 90, "texture": "#0"}
			}
		},
		{
			"name": "Mesh",
			"from": [6, 2.25, 4],
			"to": [10, 2.25, 5],
			"rotation": {"angle": 0, "axis": "y", "origin": [8, 4, 4.5]},
			"faces": {
				"up": {"uv": [0.5, 0, 0, 2], "rotation": 90, "texture": "#0"},
				"down": {"uv": [0.5, 0, 0, 2], "rotation": 90, "texture": "#0"}
			}
		},
		{
			"name": "Mesh",
			"from": [6, 2.5, 4],
			"to": [10, 2.5, 5],
			"rotation": {"angle": 0, "axis": "y", "origin": [8, 4, 4.5]},
			"faces": {
				"up": {"uv": [0.5, 0, 0, 2], "rotation": 90, "texture": "#0"},
				"down": {"uv": [0.5, 0, 0, 2], "rotation": 90, "texture": "#0"}
			}
		},
		{
			"name": "Mesh",
			"from": [6, 3, 4],
			"to": [10, 3, 5],
			"rotation": {"angle": 0, "axis": "y", "origin": [8, 4, 4.5]},
			"faces": {
				"up": {"uv": [0.5, 0, 0, 2], "rotation": 90, "texture": "#0"},
				"down": {"uv": [0.5, 0, 0, 2], "rotation": 90, "texture": "#0"}
			}
		},
		{
			"name": "Mesh",
			"from": [6, 2.75, 4],
			"to": [10, 2.75, 5],
			"rotation": {"angle": 0, "axis": "y", "origin": [8, 4, 4.5]},
			"faces": {
				"up": {"uv": [0.5, 0, 0, 2], "rotation": 90, "texture": "#0"},
				"down": {"uv": [0.5, 0, 0, 2], "rotation": 90, "texture": "#0"}
			}
		},
		{
			"name": "Mesh",
			"from": [6, 4, 4],
			"to": [10, 4, 5],
			"rotation": {"angle": 0, "axis": "y", "origin": [8, 4, 4.5]},
			"faces": {
				"up": {"uv": [0.5, 0, 0, 2], "rotation": 90, "texture": "#0"},
				"down": {"uv": [0.5, 0, 0, 2], "rotation": 90, "texture": "#0"}
			}
		},
		{
			"name": "Mesh",
			"from": [6, 3.75, 4],
			"to": [10, 3.75, 5],
			"rotation": {"angle": 0, "axis": "y", "origin": [8, 4, 4.5]},
			"faces": {
				"up": {"uv": [0.5, 0, 0, 2], "rotation": 90, "texture": "#0"},
				"down": {"uv": [0.5, 0, 0, 2], "rotation": 90, "texture": "#0"}
			}
		},
		{
			"name": "Mesh",
			"from": [6, 3.25, 4],
			"to": [10, 3.25, 5],
			"rotation": {"angle": 0, "axis": "y", "origin": [8, 4, 4.5]},
			"faces": {
				"up": {"uv": [0.5, 0, 0, 2], "rotation": 90, "texture": "#0"},
				"down": {"uv": [0.5, 0, 0, 2], "rotation": 90, "texture": "#0"}
			}
		},
		{
			"name": "Mesh",
			"from": [6, 3.5, 4],
			"to": [10, 3.5, 5],
			"rotation": {"angle": 0, "axis": "y", "origin": [8, 4, 4.5]},
			"faces": {
				"up": {"uv": [0.5, 0, 0, 2], "rotation": 90, "texture": "#0"},
				"down": {"uv": [0.5, 0, 0, 2], "rotation": 90, "texture": "#0"}
			}
		},
		{
			"name": "Mesh",
			"from": [6, 5, 4],
			"to": [10, 5, 5],
			"rotation": {"angle": 0, "axis": "y", "origin": [8, 4, 4.5]},
			"faces": {
				"up": {"uv": [0.5, 0, 0, 2], "rotation": 90, "texture": "#0"},
				"down": {"uv": [0.5, 0, 0, 2], "rotation": 90, "texture": "#0"}
			}
		},
		{
			"name": "Mesh",
			"from": [6, 4.75, 4],
			"to": [10, 4.75, 5],
			"rotation": {"angle": 0, "axis": "y", "origin": [8, 4, 4.5]},
			"faces": {
				"up": {"uv": [0.5, 0, 0, 2], "rotation": 90, "texture": "#0"},
				"down": {"uv": [0.5, 0, 0, 2], "rotation": 90, "texture": "#0"}
			}
		},
		{
			"name": "Mesh",
			"from": [6, 4.25, 4],
			"to": [10, 4.25, 5],
			"rotation": {"angle": 0, "axis": "y", "origin": [8, 4, 4.5]},
			"faces": {
				"up": {"uv": [0.5, 0, 0, 2], "rotation": 90, "texture": "#0"},
				"down": {"uv": [0.5, 0, 0, 2], "rotation": 90, "texture": "#0"}
			}
		},
		{
			"name": "Mesh",
			"from": [6, 4.5, 4],
			"to": [10, 4.5, 5],
			"rotation": {"angle": 0, "axis": "y", "origin": [8, 4, 4.5]},
			"faces": {
				"up": {"uv": [0.5, 0, 0, 2], "rotation": 90, "texture": "#0"},
				"down": {"uv": [0.5, 0, 0, 2], "rotation": 90, "texture": "#0"}
			}
		},
		{
			"name": "Mesh",
			"from": [6, 5.25, 4],
			"to": [10, 5.25, 5],
			"rotation": {"angle": 0, "axis": "y", "origin": [8, 4, 4.5]},
			"faces": {
				"up": {"uv": [0.5, 0, 0, 2], "rotation": 90, "texture": "#0"},
				"down": {"uv": [0.5, 0, 0, 2], "rotation": 90, "texture": "#0"}
			}
		},
		{
			"name": "Mesh",
			"from": [6, 5.5, 4],
			"to": [10, 5.5, 5],
			"rotation": {"angle": 0, "axis": "y", "origin": [8, 4, 4.5]},
			"faces": {
				"up": {"uv": [0.5, 0, 0, 2], "rotation": 90, "texture": "#0"},
				"down": {"uv": [0.5, 0, 0, 2], "rotation": 90, "texture": "#0"}
			}
		}
	],
	"gui_light": "front",
	"display": {
		"thirdperson_righthand": {
			"rotation": [180, 0, 90],
			"translation": [-4, -2, 3.75]
		},
		"thirdperson_lefthand": {
			"rotation": [180, 0, 90],
			"translation": [-4, -2, 3.75]
		},
		"firstperson_righthand": {
			"rotation": [-125, 5, 5],
			"translation": [-2.5, 2, 0.5],
			"scale": [0.5, 0.5, 0.5]
		},
		"firstperson_lefthand": {
			"rotation": [-125, 5, 5],
			"translation": [-2.5, 2, 0.5],
			"scale": [0.5, 0.5, 0.5]
		},
		"ground": {
			"rotation": [-90, 45, -90],
			"translation": [2, 0, 0]
		},
		"gui": {
			"rotation": [180, 0, 180],
			"translation": [0, 16, 0],
			"scale": [4, 4, 1]
		},
		"fixed": {
			"rotation": [-90, 45, -90],
			"translation": [4, -4, 1.75],
			"scale": [1.5, 1.5, 1.5]
		}
	},
	"groups": [
		0,
		1,
		2,
		3,
		4,
		{
			"name": "Mesh",
			"origin": [8, 4, 4.5],
			"color": 0,
			"children": [
				{
					"name": "MeshVertical",
					"origin": [8, 4, 4.5],
					"color": 0,
					"children": [5, 6, 7, 8, 9, 10, 11, 12, 13, 14, 15, 16, 17, 18, 19, 20, 21, 22, 23, 24, 25, 26, 27, 28, 29, 30, 31, 32, 33, 34]
				},
				{
					"name": "MeshHorizontal",
					"origin": [8, 4, 4.5],
					"color": 0,
					"children": [35, 36, 37, 38, 39, 40, 41, 42, 43, 44, 45, 46, 47, 48, 49, 50, 51, 52, 53, 54, 55, 56, 57, 58, 59, 60, 61, 62, 63, 64]
				}
			]
		}
	]
}