{
	"credit": "Made with Blockbench",
	"textures": {
		"0": "valiance:item/ruby_fragment",
		"particle": "valiance:item/ruby_fragment"
	},
	"elements": [
		{
			"name": "ruby_fragment_0",
			"from": [4, 8, 7.5],
			"to": [8, 11, 8.5],
			"rotation": {"angle": 0, "axis": "y", "origin": [0, 0, 7.5]},
			"faces": {
				"north": {"uv": [8, 5, 4, 8], "texture": "#0"},
				"east": {"uv": [7, 5, 8, 8], "texture": "#0"},
				"south": {"uv": [4, 5, 8, 8], "texture": "#0"},
				"west": {"uv": [4, 5, 5, 8], "texture": "#0"},
				"up": {"uv": [4, 5, 8, 6], "texture": "#0"},
				"down": {"uv": [4, 7, 8, 8], "texture": "#0"}
			}
		},
		{
			"name": "ruby_fragment_1",
			"from": [8, 5, 7.5],
			"to": [9, 10, 8.5],
			"rotation": {"angle": 0, "axis": "y", "origin": [0, 0, 7.5]},
			"faces": {
				"north": {"uv": [9, 6, 8, 11], "texture": "#0"},
				"east": {"uv": [8, 6, 9, 11], "texture": "#0"},
				"south": {"uv": [8, 6, 9, 11], "texture": "#0"},
				"west": {"uv": [8, 6, 9, 11], "texture": "#0"},
				"up": {"uv": [8, 6, 9, 7], "texture": "#0"},
				"down": {"uv": [8, 10, 9, 11], "texture": "#0"}
			}
		},
		{
			"name": "ruby_fragment_2",
			"from": [9, 5, 7.5],
			"to": [10, 9, 8.5],
			"rotation": {"angle": 0, "axis": "y", "origin": [0, 0, 7.5]},
			"faces": {
				"north": {"uv": [10, 7, 9, 11], "texture": "#0"},
				"east": {"uv": [9, 7, 10, 11], "texture": "#0"},
				"south": {"uv": [9, 7, 10, 11], "texture": "#0"},
				"west": {"uv": [9, 7, 10, 11], "texture": "#0"},
				"up": {"uv": [9, 7, 10, 8], "texture": "#0"},
				"down": {"uv": [9, 10, 10, 11], "texture": "#0"}
			}
		},
		{
			"name": "ruby_fragment_3",
			"from": [5, 7, 7.5],
			"to": [8, 8, 8.5],
			"rotation": {"angle": 0, "axis": "y", "origin": [0, 0, 7.5]},
			"faces": {
				"north": {"uv": [8, 8, 5, 9], "texture": "#0"},
				"east": {"uv": [7, 8, 8, 9], "texture": "#0"},
				"south": {"uv": [5, 8, 8, 9], "texture": "#0"},
				"west": {"uv": [5, 8, 6, 9], "texture": "#0"},
				"up": {"uv": [5, 8, 8, 9], "texture": "#0"},
				"down": {"uv": [5, 8, 8, 9], "texture": "#0"}
			}
		},
		{
			"name": "ruby_fragment_4",
			"from": [10, 5, 7.5],
			"to": [11, 8, 8.5],
			"rotation": {"angle": 0, "axis": "y", "origin": [0, 0, 7.5]},
			"faces": {
				"north": {"uv": [11, 8, 10, 11], "texture": "#0"},
				"east": {"uv": [10, 8, 11, 11], "texture": "#0"},
				"south": {"uv": [10, 8, 11, 11], "texture": "#0"},
				"west": {"uv": [10, 8, 11, 11], "texture": "#0"},
				"up": {"uv": [10, 8, 11, 9], "texture": "#0"},
				"down": {"uv": [10, 10, 11, 11], "texture": "#0"}
			}
		},
		{
			"name": "ruby_fragment_5",
			"from": [6, 6, 7.5],
			"to": [8, 7, 8.5],
			"rotation": {"angle": 0, "axis": "y", "origin": [0, 0, 7.5]},
			"faces": {
				"north": {"uv": [8, 9, 6, 10], "texture": "#0"},
				"east": {"uv": [7, 9, 8, 10], "texture": "#0"},
				"south": {"uv": [6, 9, 8, 10], "texture": "#0"},
				"west": {"uv": [6, 9, 7, 10], "texture": "#0"},
				"up": {"uv": [6, 9, 8, 10], "texture": "#0"},
				"down": {"uv": [6, 9, 8, 10], "texture": "#0"}
			}
		},
		{
			"name": "ruby_fragment_6",
			"from": [7, 5, 7.5],
			"to": [8, 6, 8.5],
			"rotation": {"angle": 0, "axis": "y", "origin": [0, 0, 7.5]},
			"faces": {
				"north": {"uv": [8, 10, 7, 11], "texture": "#0"},
				"east": {"uv": [7, 10, 8, 11], "texture": "#0"},
				"south": {"uv": [7, 10, 8, 11], "texture": "#0"},
				"west": {"uv": [7, 10, 8, 11], "texture": "#0"},
				"up": {"uv": [7, 10, 8, 11], "texture": "#0"},
				"down": {"uv": [7, 10, 8, 11], "texture": "#0"}
			}
		}
	],
	"gui_light": "front",
	"display": {
		"thirdperson_righthand": {
			"translation": [0, 3, 1],
			"scale": [0.55, 0.55, 0.55]
		},
		"firstperson_righthand": {
			"rotation": [0, -90, 25],
			"translation": [1.13, 3.2, 1.13],
			"scale": [0.68, 0.68, 0.68]
		},
		"ground": {
			"translation": [0, 2, 0],
			"scale": [0.5, 0.5, 0.5]
		},
		"head": {
			"rotation": [0, 180, 0],
			"translation": [0, 13, 7]
		},
		"fixed": {
			"rotation": [0, 180, 0]
		}
	},
	"groups": [
		{
			"name": "ruby_fragment",
			"origin": [8, 8, 8],
			"color": 0,
			"children": [0, 1, 2, 3, 4, 5, 6]
		}
	]
}