{
	"credit": "Made with Blockbench",
	"texture_size": [32, 32],
	"textures": {
		"0": "valiance:item/gauntlet",
		"particle": "valiance:item/gauntlet"
	},
	"elements": [
		{
			"name": "Gauntlet",
			"from": [5.5, 0, 5.5],
			"to": [10.5, 8, 10.5],
			"rotation": {"angle": 0, "axis": "z", "origin": [8, 4, 8]},
			"faces": {
				"north": {"uv": [2.5, 2.5, 5, 6.5], "rotation": 180, "texture": "#0"},
				"east": {"uv": [5, 2.5, 7.5, 6.5], "rotation": 180, "texture": "#0"},
				"south": {"uv": [7.5, 2.5, 10, 6.5], "rotation": 180, "texture": "#0"},
				"west": {"uv": [0, 2.5, 2.5, 6.5], "rotation": 180, "texture": "#0"},
				"up": {"uv": [7.5, 0, 5, 2.5], "rotation": 180, "texture": "#0"},
				"down": {"uv": [5, 2.5, 2.5, 0], "rotation": 180, "texture": "#0"}
			}
		},
		{
			"name": "Gauntlet",
			"from": [5.999, 4.999, 5.999],
			"to": [10.001, 8.001, 10.001],
			"rotation": {"angle": 0, "axis": "z", "origin": [8, 4, 8]},
			"faces": {
				"north": {"uv": [4, 9, 2, 10.5], "rotation": 180, "texture": "#0"},
				"east": {"uv": [6, 9, 4, 10.5], "rotation": 180, "texture": "#0"},
				"south": {"uv": [8, 9, 6, 10.5], "rotation": 180, "texture": "#0"},
				"west": {"uv": [2, 9, 0, 10.5], "rotation": 180, "texture": "#0"},
				"up": {"uv": [2, 9, 4, 7], "rotation": 180, "texture": "#0"},
				"down": {"uv": [4, 7, 6, 9], "rotation": 180, "texture": "#0"}
			}
		},
		{
			"name": "Gauntlet inverted",
			"from": [10.001, 8.001, 10.001],
			"to": [5.999, 4.999, 5.999],
			"rotation": {"angle": 0, "axis": "z", "origin": [8, 4, 8]},
			"faces": {
				"north": {"uv": [-2, 5, -4, 3.5], "rotation": 180, "texture": "#0"},
				"east": {"uv": [0, 5, -2, 3.5], "rotation": 180, "texture": "#0"},
				"south": {"uv": [-6, 5, -8, 3.5], "rotation": 180, "texture": "#0"},
				"west": {"uv": [-4, 5, -6, 3.5], "rotation": 180, "texture": "#0"},
				"up": {"uv": [-4, 5, -2, 7], "rotation": 180, "texture": "#0"},
				"down": {"uv": [-6, 7, -4, 5], "rotation": 180, "texture": "#0"}
			}
		},
		{
			"name": "Gauntlet inverted",
			"from": [10.5, 8, 10.5],
			"to": [5.5, 0, 5.5],
			"rotation": {"angle": 0, "axis": "z", "origin": [8, 4, 8]},
			"faces": {
				"north": {"uv": [7.5, 6.5, 10, 2.5], "rotation": 180, "texture": "#0"},
				"east": {"uv": [0, 6.5, 2.5, 2.5], "rotation": 180, "texture": "#0"},
				"south": {"uv": [2.5, 6.5, 5, 2.5], "rotation": 180, "texture": "#0"},
				"west": {"uv": [5, 6.5, 7.5, 2.5], "rotation": 180, "texture": "#0"},
				"up": {"uv": [2.5, 2.5, 5, 0], "rotation": 180, "texture": "#0"},
				"down": {"uv": [5, 0, 7.5, 2.5], "rotation": 180, "texture": "#0"}
			}
		}
	],
	"display": {
		"thirdperson_righthand": {
			"rotation": [90, 0, 0],
			"translation": [0, -2, 7]
		},
		"thirdperson_lefthand": {
			"rotation": [90, 0, 0],
			"translation": [0, -2, 7]
		},
		"firstperson_righthand": {
			"rotation": [-164.75, 86.67, -84.55],
			"translation": [-0.62, 2.2, 6.8]
		},
		"firstperson_lefthand": {
			"rotation": [-164.75, 86.67, -84.55],
			"translation": [-0.62, 2.2, 6.8]
		},
		"ground": {
			"rotation": [150, 0, 0],
			"translation": [0, -3, 0]
		},
		"gui": {
			"rotation": [0, 0, -145],
			"translation": [4.5, -7, 1],
			"scale": [1.75, 1.75, 1.75]
		},
		"fixed": {
			"rotation": [0, 0, -145],
			"translation": [4.5, -7, 1],
			"scale": [1.75, 1.75, 1.75]
		}
	}
}