{
	"credit": "Made with Blockbench",
	"texture_size": [64, 64],
	"textures": {
		"0": "valiance:item/entity/brute/default",
		"1": "valiance:item/entity/brute/gauntlet",
		"particle": "valiance:item/entity/brute/gauntlet"
	},
	"elements": [
		{
			"name": "Arm",
			"from": [5.24, -0.26, 5.74],
			"to": [10.76, 13.26, 10.26],
			"rotation": {"angle": 0, "axis": "x", "origin": [8, 6.5, 8]},
			"faces": {
				"north": {"uv": [10, 9.5, 11.25, 12.75], "texture": "#0"},
				"east": {"uv": [9, 9.5, 10, 12.75], "texture": "#0"},
				"south": {"uv": [12.25, 9.5, 13.5, 12.75], "texture": "#0"},
				"west": {"uv": [11.25, 9.5, 12.25, 12.75], "texture": "#0"},
				"up": {"uv": [11.25, 9.5, 10, 8.5], "texture": "#0"},
				"down": {"uv": [12.5, 8.5, 11.25, 9.5], "texture": "#0"}
			}
		},
		{
			"name": "Gauntlet",
			"from": [4.75, -0.5, 5.25],
			"to": [11.25, 8, 10.75],
			"rotation": {"angle": 0, "axis": "y", "origin": [8, 12, 6.75]},
			"faces": {
				"north": {"uv": [2.75, 3.25, 1.25, 1.25], "texture": "#1"},
				"east": {"uv": [4, 3.25, 2.75, 1.25], "texture": "#1"},
				"south": {"uv": [5.5, 3.25, 4, 1.25], "texture": "#1"},
				"west": {"uv": [1.25, 3.25, 0, 1.25], "texture": "#1"},
				"up": {"uv": [2.75, 1.25, 4.25, 0], "texture": "#1"},
				"down": {"uv": [1.25, 0, 2.75, 1.25], "texture": "#1"}
			}
		},
		{
			"name": "Gauntlet",
			"from": [5.239, 4.489, 5.739],
			"to": [10.761, 8.011, 10.261],
			"rotation": {"angle": 0, "axis": "y", "origin": [8, 12, 6.75]},
			"faces": {
				"north": {"uv": [1, 5.25, 2.25, 4.5], "texture": "#1"},
				"east": {"uv": [0, 5.25, 1, 4.5], "texture": "#1"},
				"south": {"uv": [3.25, 5.25, 4.5, 4.5], "texture": "#1"},
				"west": {"uv": [2.25, 5.25, 3.25, 4.5], "texture": "#1"},
				"up": {"uv": [3.5, 4.5, 2.25, 3.5], "texture": "#1"},
				"down": {"uv": [2.25, 3.5, 1, 4.5], "texture": "#1"}
			}
		},
		{
			"name": "Gauntlet inverted",
			"from": [10.75, 7.5, 10.25],
			"to": [5.25, 0, 5.75],
			"rotation": {"angle": 0, "axis": "y", "origin": [8, 12, 6.75]},
			"faces": {
				"north": {"uv": [5.5, 1.25, 4, 3.25], "texture": "#1"},
				"east": {"uv": [1.25, 1.25, 0, 3.25], "texture": "#1"},
				"south": {"uv": [2.75, 1.25, 1.25, 3.25], "texture": "#1"},
				"west": {"uv": [4, 1.25, 2.75, 3.25], "texture": "#1"},
				"up": {"uv": [2.75, 0, 1.25, 1.25], "texture": "#1"},
				"down": {"uv": [4.25, 1.25, 2.75, 0], "texture": "#1"}
			}
		},
		{
			"name": "Gauntlet inverted",
			"from": [10.261, 7.511, 9.761],
			"to": [5.739, 4.989, 6.239],
			"rotation": {"angle": 0, "axis": "y", "origin": [8, 12, 6.75]},
			"faces": {
				"north": {"uv": [3.25, 4.5, 4.5, 5.25], "texture": "#1"},
				"east": {"uv": [2.25, 4.5, 3.25, 5.25], "texture": "#1"},
				"south": {"uv": [1, 4.5, 2.25, 5.25], "texture": "#1"},
				"west": {"uv": [0, 4.5, 1, 5.25], "texture": "#1"},
				"up": {"uv": [1, 3.5, 2.25, 4.5], "texture": "#1"},
				"down": {"uv": [2.25, 4.5, 3.5, 3.5], "texture": "#1"}
			}
		}
	],
	"overrides": [
		{"predicate": {"custom_model_data": 1}, "model": "valiance:item/entity/brute/gauntlet_drowned_hurt"}
	],
	"display": {
		"thirdperson_righthand": {
			"rotation": [90, 0, 0],
			"translation": [0.5, -2, 7]
		},
		"thirdperson_lefthand": {
			"rotation": [90, 0, 0],
			"translation": [0.5, -2, 7]
		},
		"firstperson_righthand": {
			"rotation": [-125, 5, 5],
			"translation": [-2.5, 2, 0.5],
			"scale": [0.5, 0.5, 0.5]
		},
		"firstperson_lefthand": {
			"rotation": [-125, 5, 5],
			"translation": [-2.5, 2, 0.5],
			"scale": [0.5, 0.5, 0.5]
		},
		"ground": {
			"rotation": [-90, 45, -90],
			"translation": [2, 0, 0]
		},
		"gui": {
			"rotation": [-66.15, -39.38, 124.91],
			"translation": [-3.25, -3.75, 1.75],
			"scale": [1.25, 1.25, 1.25]
		},
		"fixed": {
			"rotation": [-90, 45, -90],
			"translation": [4, -4, 1.75],
			"scale": [1.5, 1.5, 1.5]
		}
	}
}