{
	"credit": "Made with Blockbench",
	"texture_size": [64, 64],
	"textures": {
		"0": "valiance:item/entity/brute/default",
		"particle": "valiance:item/entity/brute/default"
	},
    "overrides": [
        {"predicate": {"custom_model_data": 1},"model": "valiance:item/entity/brute/head_drowned_hurt"}
    ],
	"elements": [
		{
			"name": "Head",
			"from": [2.74, -0.26, 3.74],
			"to": [13.26, 8.26, 12.26],
			"rotation": {"angle": 0, "axis": "x", "origin": [8, 6.5, 8]},
			"faces": {
				"north": {"uv": [2, 10, 4.5, 12], "texture": "#0"},
				"east": {"uv": [0, 10, 2, 12], "texture": "#0"},
				"south": {"uv": [6.5, 10, 9, 12], "texture": "#0"},
				"west": {"uv": [4.5, 10, 6.5, 12], "texture": "#0"},
				"up": {"uv": [4.5, 10, 2, 8], "texture": "#0"},
				"down": {"uv": [7, 8, 4.5, 10], "texture": "#0"}
			}
		}
	],
	"display": {
		"head": {
			"translation": [0, 6.5, 0],
			"scale": [1.6, 1.6, 1.6]
		}
	}
}