{
	"credit": "Made with Blockbench",
	"texture_size": [32, 32],
	"textures": {
		"0": "valiance:block/grinderizor/grinderizor",
		"1": "valiance:block/grinderizor/grinderizor_active",
		"particle": "valiance:block/grinderizor/grinderizor_active"
	},
	"elements": [
		{
			"name": "Block",
			"from": [-0.031, -0.031, -0.031],
			"to": [16.031, 16.031, 16.031],
			"rotation": {"angle": 0, "axis": "y", "origin": [1, 0, 1]},
			"faces": {
				"north": {"uv": [0, 8, 8, 16], "texture": "#0"},
				"east": {"uv": [0, 8, 8, 16], "texture": "#0"},
				"south": {"uv": [0, 8, 8, 16], "texture": "#0"},
				"west": {"uv": [0, 8, 8, 16], "texture": "#0"},
				"up": {"uv": [0, 0, 8, 8], "texture": "#0"},
				"down": {"uv": [8, 0, 16, 8], "texture": "#0"}
			}
		},
		{
			"name": "Wheel",
			"from": [9.998, 10.998, 1.998],
			"to": [17.002, 18.002, 14.002],
			"rotation": {"angle": 0, "axis": "y", "origin": [16, 11, 3]},
			"faces": {
				"north": {"uv": [0, 14, 7, 7], "rotation": 90, "texture": "#1"},
				"east": {"uv": [0, 0, 12, 7], "texture": "#1"},
				"south": {"uv": [0, 14, 7, 7], "rotation": 90, "texture": "#1"},
				"west": {"uv": [0, 7, 12, 0], "texture": "#1"},
				"up": {"uv": [0, 7, 12, 0], "rotation": 90, "texture": "#1"},
				"down": {"uv": [0, 0, 12, 7], "rotation": 90, "texture": "#1"}
			}
		},
		{
			"name": "Wheel",
			"from": [-1.002, 10.998, 1.998],
			"to": [6.002, 18.002, 14.002],
			"rotation": {"angle": 0, "axis": "y", "origin": [0, 11, 3]},
			"faces": {
				"north": {"uv": [0, 7, 7, 14], "rotation": 90, "texture": "#1"},
				"east": {"uv": [12, 7, 0, 0], "texture": "#1"},
				"south": {"uv": [0, 7, 7, 14], "rotation": 90, "texture": "#1"},
				"west": {"uv": [12, 0, 0, 7], "texture": "#1"},
				"up": {"uv": [0, 0, 12, 7], "rotation": 90, "texture": "#1"},
				"down": {"uv": [0, 7, 12, 0], "rotation": 90, "texture": "#1"}
			}
		}
	],
	"display": {
		"thirdperson_righthand": {
			"rotation": [75, 45, 0],
			"translation": [0, 2.5, 0],
			"scale": [0.375, 0.375, 0.375]
		},
		"thirdperson_lefthand": {
			"rotation": [75, 45, 0],
			"translation": [0, 2.5, 0],
			"scale": [0.375, 0.375, 0.375]
		},
		"firstperson_righthand": {
			"rotation": [0, 45, 0],
			"scale": [0.4, 0.4, 0.4]
		},
		"firstperson_lefthand": {
			"rotation": [0, 225, 0],
			"scale": [0.4, 0.4, 0.4]
		},
		"ground": {
			"translation": [0, 3, 0],
			"scale": [0.25, 0.25, 0.25]
		},
		"gui": {
			"rotation": [30, 225, 0],
			"scale": [0.625, 0.625, 0.625]
		},
		"fixed": {
			"scale": [0.5, 0.5, 0.5]
		}
	}
}