{
	"credit": "Made with Blockbench",
	"texture_size": [32, 32],
	"textures": {
		"0": "valiance:block/grinderizor/grinderizor"
	},
	"elements": [
		{
			"name": "Block",
			"from": [-0.031, -0.031, -0.031],
			"to": [16.031, 16.031, 16.031],
			"rotation": {"angle": 0, "axis": "y", "origin": [1, 0, 1]},
			"faces": {
				"north": {"uv": [0, 8, 8, 16], "texture": "#0"},
				"east": {"uv": [0, 8, 8, 16], "texture": "#0"},
				"south": {"uv": [0, 8, 8, 16], "texture": "#0"},
				"west": {"uv": [0, 8, 8, 16], "texture": "#0"},
				"up": {"uv": [0, 0, 8, 8], "texture": "#0"},
				"down": {"uv": [8, 0, 16, 8], "texture": "#0"}
			}
		},
		{
			"name": "Wheel",
			"from": [10.998, 10.998, 1.998],
			"to": [18.002, 18.002, 14.002],
			"rotation": {"angle": 0, "axis": "y", "origin": [17, 11, 3]},
			"faces": {
				"north": {"uv": [8, 15, 11.5, 11.5], "rotation": 90, "texture": "#0"},
				"east": {"uv": [8, 8, 14, 11.5], "texture": "#0"},
				"south": {"uv": [8, 15, 11.5, 11.5], "rotation": 90, "texture": "#0"},
				"west": {"uv": [8, 11.5, 14, 8], "texture": "#0"},
				"up": {"uv": [8, 11.5, 14, 8], "rotation": 90, "texture": "#0"},
				"down": {"uv": [8, 8, 14, 11.5], "rotation": 90, "texture": "#0"}
			}
		},
		{
			"name": "Wheel",
			"from": [-2.002, 10.998, 1.998],
			"to": [5.002, 18.002, 14.002],
			"rotation": {"angle": 0, "axis": "y", "origin": [-1, 11, 3]},
			"faces": {
				"north": {"uv": [8, 11.5, 11.5, 15], "rotation": 90, "texture": "#0"},
				"east": {"uv": [14, 11.5, 8, 8], "texture": "#0"},
				"south": {"uv": [8, 11.5, 11.5, 15], "rotation": 90, "texture": "#0"},
				"west": {"uv": [14, 8, 8, 11.5], "texture": "#0"},
				"up": {"uv": [8, 8, 14, 11.5], "rotation": 90, "texture": "#0"},
				"down": {"uv": [8, 11.5, 14, 8], "rotation": 90, "texture": "#0"}
			}
		}
	],
	"display": {
		"thirdperson_righthand": {
			"rotation": [75, 45, 0],
			"translation": [0, 2.5, 0],
			"scale": [0.375, 0.375, 0.375]
		},
		"thirdperson_lefthand": {
			"rotation": [75, 45, 0],
			"translation": [0, 2.5, 0],
			"scale": [0.375, 0.375, 0.375]
		},
		"firstperson_righthand": {
			"rotation": [0, 45, 0],
			"scale": [0.4, 0.4, 0.4]
		},
		"firstperson_lefthand": {
			"rotation": [0, 225, 0],
			"scale": [0.4, 0.4, 0.4]
		},
		"ground": {
			"translation": [0, 3, 0],
			"scale": [0.25, 0.25, 0.25]
		},
		"gui": {
			"rotation": [30, 225, 0],
			"scale": [0.625, 0.625, 0.625]
		},
		"fixed": {
			"scale": [0.5, 0.5, 0.5]
		}
	}
}