{
	"credit": "Made with Blockbench",
	"texture_size": [64, 64],
	"textures": {
		"0": "valiance:item/entity/plank_golem/plank_golem"
	},
	"elements": [
		{
			"name": "Body",
			"from": [1, 5, 1],
			"to": [15, 19, 15],
			"rotation": {"angle": 0, "axis": "y", "origin": [8, 12, 8]},
			"faces": {
				"north": {"uv": [3.5, 3.5, 7, 7], "texture": "#0"},
				"east": {"uv": [0, 3.5, 3.5, 7], "texture": "#0"},
				"south": {"uv": [10.5, 3.5, 14, 7], "texture": "#0"},
				"west": {"uv": [7, 3.5, 10.5, 7], "texture": "#0"},
				"up": {"uv": [7, 3.5, 3.5, 0], "texture": "#0"},
				"down": {"uv": [10.5, 0, 7, 3.5], "texture": "#0"}
			}
		},
		{
			"name": "Inner",
			"from": [13, 19, 13],
			"to": [3, 15, 3],
			"rotation": {"angle": 0, "axis": "y", "origin": [10, 22, 10]},
			"faces": {
				"north": {"uv": [7.5, 9.5, 10, 10.5], "texture": "#0"},
				"east": {"uv": [5, 9.5, 7.5, 10.5], "texture": "#0"},
				"south": {"uv": [2.5, 9.5, 5, 10.5], "texture": "#0"},
				"west": {"uv": [0, 9.5, 2.5, 10.5], "texture": "#0"},
				"up": {"uv": [5, 9.5, 7.5, 7], "texture": "#0"}
			}
		},
		{
			"name": "Snout",
			"from": [6, 8, -7],
			"to": [10, 12, 1],
			"rotation": {"angle": 0, "axis": "y", "origin": [8, 10, -3]},
			"faces": {
				"north": {"uv": [10, 11.5, 11, 12.5], "texture": "#0"},
				"east": {"uv": [8, 11.5, 10, 12.5], "texture": "#0"},
				"south": {"uv": [13, 11.5, 14, 12.5], "texture": "#0"},
				"west": {"uv": [11, 11.5, 13, 12.5], "texture": "#0"},
				"up": {"uv": [11, 11.5, 10, 9.5], "texture": "#0"},
				"down": {"uv": [12, 9.5, 11, 11.5], "texture": "#0"}
			}
		},
		{
			"name": "Arrow",
			"from": [2.5, 10, 11.5],
			"to": [13.5, 24, 11.5],
			"rotation": {"angle": 0, "axis": "y", "origin": [8, 17, 8]},
			"faces": {
				"north": {"uv": [2.75, 11.5, 0, 15], "texture": "#0"},
				"south": {"uv": [2.75, 11.5, 0, 15], "texture": "#0"}
			}
		},
		{
			"name": "Arrow",
			"from": [2.5, 10, 8],
			"to": [13.5, 24, 8],
			"rotation": {"angle": 0, "axis": "y", "origin": [8, 17, 8]},
			"faces": {
				"north": {"uv": [2.75, 11.5, 0, 15], "texture": "#0"},
				"south": {"uv": [2.75, 11.5, 0, 15], "texture": "#0"}
			}
		},
		{
			"name": "Arrow",
			"from": [2.5, 10, 4.5],
			"to": [13.5, 24, 4.5],
			"rotation": {"angle": 0, "axis": "y", "origin": [8, 17, 8]},
			"faces": {
				"north": {"uv": [2.75, 11.5, 0, 15], "texture": "#0"},
				"south": {"uv": [2.75, 11.5, 0, 15], "texture": "#0"}
			}
		},
		{
			"name": "Arrow",
			"from": [12, 10, 3],
			"to": [12, 24, 14],
			"rotation": {"angle": 0, "axis": "y", "origin": [17.5, 17, 6.5]},
			"faces": {
				"east": {"uv": [2.75, 11.5, 0, 15], "texture": "#0"},
				"west": {"uv": [2.75, 11.5, 0, 15], "texture": "#0"}
			}
		},
		{
			"name": "Arrow",
			"from": [8, 10, 3],
			"to": [8, 24, 14],
			"rotation": {"angle": 0, "axis": "y", "origin": [13.5, 17, 6.5]},
			"faces": {
				"east": {"uv": [2.75, 11.5, 0, 15], "texture": "#0"},
				"west": {"uv": [2.75, 11.5, 0, 15], "texture": "#0"}
			}
		},
		{
			"name": "Arrow",
			"from": [4, 10, 3],
			"to": [4, 24, 14],
			"rotation": {"angle": 0, "axis": "y", "origin": [9.5, 17, 6.5]},
			"faces": {
				"east": {"uv": [2.75, 11.5, 0, 15], "texture": "#0"},
				"west": {"uv": [2.75, 11.5, 0, 15], "texture": "#0"}
			}
		},
		{
			"name": "Leg",
			"from": [8.5, 0, 6],
			"to": [12.5, 5, 10],
			"rotation": {"angle": 0, "axis": "y", "origin": [15.5, 7, 13]},
			"faces": {
				"north": {"uv": [8.5, 8, 9.5, 9.25], "texture": "#0"},
				"east": {"uv": [7.5, 8, 8.5, 9.25], "texture": "#0"},
				"south": {"uv": [10.5, 8, 11.5, 9.25], "texture": "#0"},
				"west": {"uv": [9.5, 8, 10.5, 9.25], "texture": "#0"},
				"up": {"uv": [9.5, 8, 8.5, 7], "texture": "#0"},
				"down": {"uv": [10.5, 7, 9.5, 8], "texture": "#0"}
			}
		},
		{
			"name": "Leg",
			"from": [3.5, 0, 6],
			"to": [7.5, 5, 10],
			"rotation": {"angle": 0, "axis": "y", "origin": [0.5, 7, 13]},
			"faces": {
				"north": {"uv": [9.5, 8, 8.5, 9.25], "texture": "#0"},
				"east": {"uv": [10.5, 8, 9.5, 9.25], "texture": "#0"},
				"south": {"uv": [11.5, 8, 10.5, 9.25], "texture": "#0"},
				"west": {"uv": [8.5, 8, 7.5, 9.25], "texture": "#0"},
				"up": {"uv": [8.5, 8, 9.5, 7], "texture": "#0"},
				"down": {"uv": [9.5, 7, 10.5, 8], "texture": "#0"}
			}
		}
	],
	"display": {
		"ground": {
			"rotation": [0, -180, 0],
			"translation": [0, -10, -6.4]
		}
	},
	"groups": [
		{
			"name": "Root",
			"origin": [8, 0, 8],
			"color": 0,
			"children": [
				{
					"name": "Body",
					"origin": [8, 5.5, 8],
					"color": 0,
					"children": [
						0,
						1,
						{
							"name": "Snout",
							"origin": [8, 10, -3],
							"color": 0,
							"children": [2]
						},
						{
							"name": "Arrows",
							"origin": [8, 17, 8.25],
							"color": 0,
							"children": [3, 4, 5, 6, 7, 8]
						}
					]
				},
				{
					"name": "Legs",
					"origin": [8, 0, 8],
					"color": 0,
					"children": [
						{
							"name": "LegLeft",
							"origin": [10.5, 5, 8],
							"color": 0,
							"children": [9]
						},
						{
							"name": "LegRight",
							"origin": [5.5, 5, 8],
							"color": 0,
							"children": [10]
						}
					]
				}
			]
		}
	]
}