{
	"credit": "Made with Blockbench",
	"texture_size": [32, 32],
	"textures": {
		"0": "valiance:item/entity/plank_golem/plank_golem",
		"1": "valiance:item/entity/plank_golem/plank_golem_legs",
		"particle": "valiance:item/entity/plank_golem/plank_golem_legs"
	},
	"elements": [
		{
			"name": "Body",
			"from": [1, 5, 1],
			"to": [15, 19, 15],
			"rotation": {"angle": 0, "axis": "y", "origin": [8, 12, 8]},
			"faces": {
				"north": {"uv": [3.5, 3.5, 7, 7], "texture": "#0"},
				"east": {"uv": [0, 3.5, 3.5, 7], "texture": "#0"},
				"south": {"uv": [10.5, 3.5, 14, 7], "texture": "#0"},
				"west": {"uv": [7, 3.5, 10.5, 7], "texture": "#0"},
				"up": {"uv": [7, 3.5, 3.5, 0], "texture": "#0"},
				"down": {"uv": [10.5, 0, 7, 3.5], "texture": "#0"}
			}
		},
		{
			"name": "Inner",
			"from": [13, 19, 13],
			"to": [3, 15, 3],
			"rotation": {"angle": 0, "axis": "y", "origin": [10, 22, 10]},
			"faces": {
				"north": {"uv": [7.5, 9.5, 10, 10.5], "texture": "#0"},
				"east": {"uv": [5, 9.5, 7.5, 10.5], "texture": "#0"},
				"south": {"uv": [2.5, 9.5, 5, 10.5], "texture": "#0"},
				"west": {"uv": [0, 9.5, 2.5, 10.5], "texture": "#0"},
				"up": {"uv": [5, 9.5, 7.5, 7], "texture": "#0"}
			}
		},
		{
			"name": "Snout",
			"from": [6, 8, -7],
			"to": [10, 12, 1],
			"rotation": {"angle": 0, "axis": "y", "origin": [8, 10, -3]},
			"faces": {
				"north": {"uv": [10, 11.5, 11, 12.5], "texture": "#0"},
				"east": {"uv": [8, 11.5, 10, 12.5], "texture": "#0"},
				"south": {"uv": [13, 11.5, 14, 12.5], "texture": "#0"},
				"west": {"uv": [11, 11.5, 13, 12.5], "texture": "#0"},
				"up": {"uv": [11, 11.5, 10, 9.5], "texture": "#0"},
				"down": {"uv": [12, 9.5, 11, 11.5], "texture": "#0"}
			}
		},
		{
			"name": "Arrow",
			"from": [2.5, 10, 11.5],
			"to": [13.5, 24, 11.5],
			"rotation": {"angle": 0, "axis": "y", "origin": [8, 17, 8]},
			"faces": {
				"north": {"uv": [2.75, 11.5, 0, 15], "texture": "#0"},
				"south": {"uv": [2.75, 11.5, 0, 15], "texture": "#0"}
			}
		},
		{
			"name": "Arrow",
			"from": [2.5, 10, 8],
			"to": [13.5, 24, 8],
			"rotation": {"angle": 0, "axis": "y", "origin": [8, 17, 8]},
			"faces": {
				"north": {"uv": [2.75, 11.5, 0, 15], "texture": "#0"},
				"south": {"uv": [2.75, 11.5, 0, 15], "texture": "#0"}
			}
		},
		{
			"name": "Arrow",
			"from": [2.5, 10, 4.5],
			"to": [13.5, 24, 4.5],
			"rotation": {"angle": 0, "axis": "y", "origin": [8, 17, 8]},
			"faces": {
				"north": {"uv": [2.75, 11.5, 0, 15], "texture": "#0"},
				"south": {"uv": [2.75, 11.5, 0, 15], "texture": "#0"}
			}
		},
		{
			"name": "Arrow",
			"from": [12, 10, 3],
			"to": [12, 24, 14],
			"rotation": {"angle": 0, "axis": "y", "origin": [17.5, 17, 6.5]},
			"faces": {
				"east": {"uv": [2.75, 11.5, 0, 15], "texture": "#0"},
				"west": {"uv": [2.75, 11.5, 0, 15], "texture": "#0"}
			}
		},
		{
			"name": "Arrow",
			"from": [8, 10, 3],
			"to": [8, 24, 14],
			"rotation": {"angle": 0, "axis": "y", "origin": [13.5, 17, 6.5]},
			"faces": {
				"east": {"uv": [2.75, 11.5, 0, 15], "texture": "#0"},
				"west": {"uv": [2.75, 11.5, 0, 15], "texture": "#0"}
			}
		},
		{
			"name": "Arrow",
			"from": [4, 10, 3],
			"to": [4, 24, 14],
			"rotation": {"angle": 0, "axis": "y", "origin": [9.5, 17, 6.5]},
			"faces": {
				"east": {"uv": [2.75, 11.5, 0, 15], "texture": "#0"},
				"west": {"uv": [2.75, 11.5, 0, 15], "texture": "#0"}
			}
		},
		{
			"name": "Leg",
			"from": [8.5, 0, 6],
			"to": [12.5, 5, 10],
			"rotation": {"angle": 0, "axis": "y", "origin": [10.5, 5, 8]},
			"faces": {
				"north": {"uv": [2, 2, 4, 4.5], "texture": "#1"},
				"east": {"uv": [0, 2, 2, 4.5], "texture": "#1"},
				"south": {"uv": [6, 2, 8, 4.5], "texture": "#1"},
				"west": {"uv": [4, 2, 6, 4.5], "texture": "#1"},
				"up": {"uv": [2, 0, 4, 2], "texture": "#1"},
				"down": {"uv": [4, 0, 6, 2], "texture": "#1"}
			}
		},
		{
			"name": "Leg",
			"from": [8.5, 0, 6],
			"to": [12.5, 5, 10],
			"rotation": {"angle": -22.5, "axis": "x", "origin": [10.5, 5, 8]},
			"faces": {
				"north": {"uv": [10, 2, 12, 4.5], "texture": "#1"},
				"east": {"uv": [8, 2, 10, 4.5], "texture": "#1"},
				"south": {"uv": [14, 2, 16, 4.5], "texture": "#1"},
				"west": {"uv": [12, 2, 14, 4.5], "texture": "#1"},
				"up": {"uv": [10, 0, 12, 2], "texture": "#1"},
				"down": {"uv": [12, 0, 14, 2], "texture": "#1"}
			}
		},
		{
			"name": "Leg",
			"from": [8.5, 0, 6],
			"to": [12.5, 5, 10],
			"rotation": {"angle": 22.5, "axis": "x", "origin": [10.5, 5, 8]},
			"faces": {
				"north": {"uv": [2, 6.5, 4, 9], "texture": "#1"},
				"east": {"uv": [0, 6.5, 2, 9], "texture": "#1"},
				"south": {"uv": [6, 6.5, 8, 9], "texture": "#1"},
				"west": {"uv": [4, 6.5, 6, 9], "texture": "#1"},
				"up": {"uv": [2, 4.5, 4, 6.5], "texture": "#1"},
				"down": {"uv": [4, 4.5, 6, 6.5], "texture": "#1"}
			}
		},
		{
			"name": "Leg",
			"from": [3.5, 0, 6],
			"to": [7.5, 5, 10],
			"rotation": {"angle": 0, "axis": "y", "origin": [5.5, 5, 8]},
			"faces": {
				"north": {"uv": [4, 2, 2, 4.5], "texture": "#1"},
				"east": {"uv": [6, 2, 4, 4.5], "texture": "#1"},
				"south": {"uv": [8, 2, 6, 4.5], "texture": "#1"},
				"west": {"uv": [2, 2, 0, 4.5], "texture": "#1"},
				"up": {"uv": [4, 0, 2, 2], "texture": "#1"},
				"down": {"uv": [6, 0, 4, 2], "texture": "#1"}
			}
		},
		{
			"name": "Leg",
			"from": [3.5, 0, 6],
			"to": [7.5, 5, 10],
			"rotation": {"angle": 22.5, "axis": "x", "origin": [5.5, 5, 8]},
			"faces": {
				"north": {"uv": [12, 2, 10, 4.5], "texture": "#1"},
				"east": {"uv": [14, 2, 12, 4.5], "texture": "#1"},
				"south": {"uv": [16, 2, 14, 4.5], "texture": "#1"},
				"west": {"uv": [10, 2, 8, 4.5], "texture": "#1"},
				"up": {"uv": [12, 0, 10, 2], "texture": "#1"},
				"down": {"uv": [14, 0, 12, 2], "texture": "#1"}
			}
		},
		{
			"name": "Leg",
			"from": [3.5, 0, 6],
			"to": [7.5, 5, 10],
			"rotation": {"angle": -22.5, "axis": "x", "origin": [5.5, 5, 8]},
			"faces": {
				"north": {"uv": [4, 6.5, 2, 9], "texture": "#1"},
				"east": {"uv": [6, 6.5, 4, 9], "texture": "#1"},
				"south": {"uv": [8, 6.5, 6, 9], "texture": "#1"},
				"west": {"uv": [2, 6.5, 0, 9], "texture": "#1"},
				"up": {"uv": [4, 4.5, 2, 6.5], "texture": "#1"},
				"down": {"uv": [6, 4.5, 4, 6.5], "texture": "#1"}
			}
		}
	],
	"display": {
		"ground": {
			"rotation": [0, -180, 0],
			"translation": [0, -10, -6.4]
		}
	},
	"groups": [
		{
			"name": "Root",
			"origin": [8, 0, 8],
			"color": 0,
			"children": [
				{
					"name": "Body",
					"origin": [8, 5.5, 8],
					"color": 0,
					"children": [
						0,
						1,
						{
							"name": "Snout",
							"origin": [8, 10, -3],
							"color": 0,
							"children": [2]
						},
						{
							"name": "Arrows",
							"origin": [8, 17, 8.25],
							"color": 0,
							"children": [3, 4, 5, 6, 7, 8]
						}
					]
				},
				{
					"name": "Legs",
					"origin": [8, 0, 8],
					"color": 0,
					"children": [
						{
							"name": "LegLeft",
							"origin": [10.5, 5, 8],
							"color": 0,
							"children": [9, 10, 11]
						},
						{
							"name": "LegRight",
							"origin": [5.5, 5, 8],
							"color": 0,
							"children": [12, 13, 14]
						}
					]
				}
			]
		}
	]
}