{
  "display": {
    "icon": {
      "id": "minecraft:iron_sword",
      "components": {
        "minecraft:custom_model_data": 4460011
      }
    },
    "title": {
      "translate": "advancements.valiance.adventure.katana"
    },
    "description": {
      "translate": "advancements.valiance.adventure.katana.description"
    }
  },
  "parent": "valiance:combat/complete_nether_bounty",
  "criteria": {
    "impossible": {
      "trigger": "minecraft:inventory_changed",
      "conditions": {
        "items": [
          {
            "items": "minecraft:iron_sword",
            "predicates": {
              "minecraft:custom_data": "{valiance:{heat:3}}"
            }
          }
        ]
      }
    }
  }
}
