{
  "type": "minecraft:generic",
  "pools": [
    {
      "rolls": 1,
      "entries": [
        {
          "type": "minecraft:item",
          "name": "minecraft:armadillo_spawn_egg"
        }
      ],
      "functions": [
        {
          "function": "minecraft:set_name",
          "entity": "this",
          "target": "item_name",
          "name": {
            "translate": "item.valiance.banding_armor_trim_smithing_template"
          }
        },
        {
          "function": "minecraft:set_lore",
          "entity": "this",
          "lore": [
            {
              "translate": "ui.valiance.title",
              "color": "white",
              "font": "valiance:title",
              "italic": false
            },
            {
              "translate": "trim_pattern.valiance.banding",
              "color": "gray",
              "italic": false
            },
            {
              "text": " "
            },
            {
              "translate": "item.minecraft.smithing_template.applies_to",
              "color": "gray",
              "italic": false
            },
            [
              {
                "text": " "
              },
              {
                "translate": "item.minecraft.smithing_template.armor_trim.applies_to",
                "color": "blue",
                "italic": false
              }
            ],
            {
              "translate": "item.minecraft.smithing_template.ingredients",
              "color": "gray",
              "italic": false
            },
            [
              {
                "text": " "
              },
              {
                "translate": "item.minecraft.smithing_template.armor_trim.ingredients",
                "color": "blue",
                "italic": false
              }
            ]
          ],
          "mode": "replace_all"
        },
        {
          "function": "minecraft:set_components",
          "components": {
            "minecraft:rarity": "uncommon",
            "minecraft:entity_data": {
              "id": "minecraft:turtle",
              "DeathLootTable": "valiance:item/banding_armor_trim_smithing_template",
              "Silent": 1,
              "NoAI": 1,
              "Age": -99,
              "Tags": [
                "thallium.entity",
                "thallium.entity.block",
                "thallium.tick",
                "thallium.registered",
                "thallium.block.not_spawn_egg"
              ]
            }
          }
        },
        {
          "function": "minecraft:set_custom_data",
          "tag": "{valiance:{id:\"banding_armor_trim_smithing_template\"}}"
        },
        {
          "function": "minecraft:set_attributes",
          "modifiers": [
            {
              "id": "valiance:item.banding_armor_trim_smithing_template.block_interaction_range",
              "attribute": "minecraft:player.block_interaction_range",
              "amount": -999,
              "operation": "add_value",
              "slot": "hand"
            }
          ]
        },
        {
          "function": "minecraft:toggle_tooltips",
          "toggles": {
            "attribute_modifiers": false
          }
        }
      ]
    }
  ]
}
