{
  "type": "minecraft:generic",
  "pools": [
    {
      "rolls": 1,
      "entries": [
        {
          "type": "minecraft:item",
          "name": "minecraft:warped_fungus_on_a_stick"
        }
      ],
      "functions": [
        {
          "function": "minecraft:set_name",
          "entity": "this",
          "target": "item_name",
          "name": {
            "translate": "item.valiance.conjurers_staff"
          }
        },
        {
          "function": "minecraft:set_lore",
          "entity": "this",
          "lore": [
            {
              "translate": "ui.valiance.title",
              "color": "white",
              "font": "valiance:title",
              "italic": false
            },
            {
              "text": " "
            },
            {
              "translate": "item.valiance.conjurers_staff.description.1",
              "color": "blue",
              "with": [
                {
                  "keybind": "key.sneak"
                },
                {
                  "keybind": "key.use"
                }
              ],
              "italic": false
            },
            {
              "translate": "item.valiance.conjurers_staff.description.2",
              "color": "blue",
              "with": [
                {
                  "keybind": "key.sneak"
                }
              ],
              "italic": false
            }
          ],
          "mode": "replace_all"
        },
        {
          "function": "minecraft:set_components",
          "components": {
            "minecraft:custom_model_data": 4460008,
            "minecraft:rarity": "rare"
          }
        },
        {
          "function": "minecraft:set_custom_data",
          "tag": "{valiance:{id:\"conjurers_staff\",conjurers_staff_setting:0}}"
        }
      ]
    }
  ]
}
