{
  "type": "minecraft:generic",
  "pools": [
    {
      "rolls": 1,
      "entries": [
        {
          "type": "minecraft:item",
          "name": "minecraft:golden_sword"
        }
      ],
      "functions": [
        {
          "function": "minecraft:set_name",
          "entity": "this",
          "target": "item_name",
          "name": {
            "translate": "item.valiance.golden_hammer"
          }
        },
        {
          "function": "minecraft:set_lore",
          "entity": "this",
          "lore": [
            {
              "translate": "ui.valiance.title",
              "color": "white",
              "font": "valiance:title",
              "italic": false
            },
            {
              "text": " "
            },
            {
              "translate": "item.modifiers.mainhand",
              "color": "gray",
              "italic": false
            },
            [
              {
                "text": " 7 ",
                "color": "dark_green",
                "italic": false
              },
              {
                "translate": "attribute.name.generic.attack_damage",
                "color": "dark_green",
                "italic": false
              }
            ],
            [
              {
                "text": " 1.2 ",
                "color": "dark_green",
                "italic": false
              },
              {
                "translate": "attribute.name.generic.attack_speed",
                "color": "dark_green",
                "italic": false
              }
            ],
            [
              {
                "text": " 1 ",
                "color": "dark_green",
                "italic": false
              },
              {
                "translate": "attribute.valiance.armor_damage",
                "color": "dark_green",
                "italic": false
              }
            ],
            [
              {
                "text": " -25% ",
                "color": "red",
                "italic": false
              },
              {
                "translate": "attribute.name.generic.movement_speed",
                "color": "red",
                "italic": false
              }
            ]
          ],
          "mode": "replace_all"
        },
        {
          "function": "minecraft:set_components",
          "components": {
            "minecraft:custom_model_data": 4460003
          }
        },
        {
          "function": "minecraft:set_custom_data",
          "tag": "{valiance:{id:\"golden_hammer\",weapon_type:\"hammer\"}}"
        },
        {
          "function": "minecraft:set_attributes",
          "modifiers": [
            {
              "attribute": "minecraft:generic.attack_damage",
              "id": "valiance:item.golden_hammer.attack_damage",
              "amount": 7,
              "operation": "add_value",
              "slot": "mainhand"
            },
            {
              "attribute": "minecraft:generic.attack_speed",
              "id": "valiance:item.golden_hammer.attack_speed",
              "amount": -2.8,
              "operation": "add_value",
              "slot": "mainhand"
            },
            {
              "attribute": "minecraft:generic.movement_speed",
              "id": "valiance:item.golden_hammer.movement_speed",
              "amount": -0.25,
              "operation": "add_multiplied_base",
              "slot": "mainhand"
            }
          ]
        },
        {
          "function": "minecraft:toggle_tooltips",
          "toggles": {
            "attribute_modifiers": false
          }
        }
      ]
    }
  ]
}
