{
	"credit": "Made with Blockbench",
	"texture_size": [64, 64],
	"textures": {
		"0": "valiance:block/challender_idol"
	},
	"elements": [
		{
			"name": "Body",
			"from": [6.25, 8, 6.75],
			"to": [9.75, 15.5, 9.25],
			"rotation": {"angle": 0, "axis": "y", "origin": [7.5, 10, 8]},
			"faces": {
				"north": {"uv": [1.25, 6.75, 3, 10.5], "texture": "#0"},
				"east": {"uv": [0, 6.75, 1.25, 10.5], "texture": "#0"},
				"south": {"uv": [4.25, 6.75, 6, 10.5], "texture": "#0"},
				"west": {"uv": [3, 6.75, 4.25, 10.5], "texture": "#0"},
				"up": {"uv": [3, 6.75, 1.25, 5.5], "texture": "#0"},
				"down": {"uv": [4.75, 5.5, 3, 6.75], "texture": "#0"}
			}
		},
		{
			"name": "Head",
			"from": [5.25, 15.5, 5.25],
			"to": [10.75, 21, 10.75],
			"rotation": {"angle": 0, "axis": "y", "origin": [6.5, 22.5, 6.5]},
			"faces": {
				"north": {"uv": [2.75, 2.75, 5.5, 5.5], "texture": "#0"},
				"east": {"uv": [0, 2.75, 2.75, 5.5], "texture": "#0"},
				"south": {"uv": [8.25, 2.75, 11, 5.5], "texture": "#0"},
				"west": {"uv": [5.5, 2.75, 8.25, 5.5], "texture": "#0"},
				"up": {"uv": [5.5, 2.75, 2.75, 0], "texture": "#0"},
				"down": {"uv": [8.25, 0, 5.5, 2.75], "texture": "#0"}
			}
		},
		{
			"name": "Foot",
			"from": [4.75, 4, 4.75],
			"to": [7.25, 8, 7.25],
			"rotation": {"angle": 0, "axis": "y", "origin": [6, 6, 6]},
			"faces": {
				"north": {"uv": [2.5, 11.75, 1.25, 13.75], "texture": "#0"},
				"east": {"uv": [3.75, 11.75, 2.5, 13.75], "texture": "#0"},
				"south": {"uv": [5, 11.75, 3.75, 13.75], "texture": "#0"},
				"west": {"uv": [1.25, 11.75, 0, 13.75], "texture": "#0"},
				"up": {"uv": [1.25, 11.75, 2.5, 10.5], "texture": "#0"},
				"down": {"uv": [2.5, 10.5, 3.75, 11.75], "texture": "#0"}
			}
		},
		{
			"name": "Foot",
			"from": [8.75, 4, 4.75],
			"to": [11.25, 8, 7.25],
			"rotation": {"angle": 0, "axis": "y", "origin": [10, 6, 6]},
			"faces": {
				"north": {"uv": [1.25, 11.75, 2.5, 13.75], "texture": "#0"},
				"east": {"uv": [0, 11.75, 1.25, 13.75], "texture": "#0"},
				"south": {"uv": [3.75, 11.75, 5, 13.75], "texture": "#0"},
				"west": {"uv": [2.5, 11.75, 3.75, 13.75], "texture": "#0"},
				"up": {"uv": [2.5, 11.75, 1.25, 10.5], "texture": "#0"},
				"down": {"uv": [3.75, 10.5, 2.5, 11.75], "texture": "#0"}
			}
		},
		{
			"name": "Foot",
			"from": [8.75, 4, 8.75],
			"to": [11.25, 8, 11.25],
			"rotation": {"angle": 0, "axis": "y", "origin": [10, 6, 10]},
			"faces": {
				"north": {"uv": [5, 11.75, 3.75, 13.75], "texture": "#0"},
				"east": {"uv": [1.25, 11.75, 0, 13.75], "texture": "#0"},
				"south": {"uv": [2.5, 11.75, 1.25, 13.75], "texture": "#0"},
				"west": {"uv": [3.75, 11.75, 2.5, 13.75], "texture": "#0"},
				"up": {"uv": [2.5, 10.5, 1.25, 11.75], "texture": "#0"},
				"down": {"uv": [3.75, 11.75, 2.5, 10.5], "texture": "#0"}
			}
		},
		{
			"name": "Foot",
			"from": [4.75, 4, 8.75],
			"to": [7.25, 8, 11.25],
			"rotation": {"angle": 0, "axis": "y", "origin": [6, 6, 10]},
			"faces": {
				"north": {"uv": [3.75, 11.75, 5, 13.75], "texture": "#0"},
				"east": {"uv": [2.5, 11.75, 3.75, 13.75], "texture": "#0"},
				"south": {"uv": [1.25, 11.75, 2.5, 13.75], "texture": "#0"},
				"west": {"uv": [0, 11.75, 1.25, 13.75], "texture": "#0"},
				"up": {"uv": [1.25, 10.5, 2.5, 11.75], "texture": "#0"},
				"down": {"uv": [2.5, 11.75, 3.75, 10.5], "texture": "#0"}
			}
		},
		{
			"name": "Guard",
			"from": [6.25, 26, 7.75],
			"to": [9.75, 27, 8.25],
			"rotation": {"angle": 0, "axis": "y", "origin": [7.25, 37.5, 7.75]},
			"faces": {
				"north": {"uv": [11, 5.75, 12.75, 6.25], "texture": "#0"},
				"east": {"uv": [10.75, 5.75, 11, 6.25], "texture": "#0"},
				"south": {"uv": [13, 5.75, 14.75, 6.25], "texture": "#0"},
				"west": {"uv": [12.75, 5.75, 13, 6.25], "texture": "#0"},
				"up": {"uv": [12.75, 5.5, 11, 5.75], "texture": "#0"},
				"down": {"uv": [14.5, 5.75, 12.75, 5.5], "texture": "#0"}
			}
		},
		{
			"name": "2D",
			"from": [5.25, 21, 8],
			"to": [10.75, 28, 8],
			"rotation": {"angle": 0, "axis": "y", "origin": [8, 37, 8]},
			"faces": {
				"north": {"uv": [6, 5.5, 8.75, 9], "texture": "#0"},
				"south": {"uv": [6, 5.5, 8.75, 9], "texture": "#0"}
			}
		},
		{
			"name": "Blade",
			"from": [7.25, 21, 7.75],
			"to": [8.75, 26, 8.25],
			"rotation": {"angle": 0, "axis": "y", "origin": [8.25, 39, 7.75]},
			"faces": {
				"north": {"uv": [9, 5.75, 9.75, 8.25], "texture": "#0"},
				"east": {"uv": [8.75, 5.75, 9, 8.25], "texture": "#0"},
				"south": {"uv": [10, 5.75, 10.75, 8.25], "texture": "#0"},
				"west": {"uv": [9.75, 5.75, 10, 8.25], "texture": "#0"},
				"up": {"uv": [10.5, 5.5, 9.75, 5.75], "texture": "#0"},
				"down": {"uv": [9.75, 5.75, 9, 5.5], "texture": "#0"}
			}
		},
		{
			"name": "Square",
			"from": [7.5, 28, 7.5],
			"to": [8.5, 29, 8.5],
			"rotation": {"angle": 0, "axis": "y", "origin": [8.5, 49, 7.5]},
			"faces": {
				"north": {"uv": [9.25, 8.75, 9.75, 9.25], "texture": "#0"},
				"east": {"uv": [8.75, 8.75, 9.25, 9.25], "texture": "#0"},
				"south": {"uv": [10.25, 8.75, 10.75, 9.25], "texture": "#0"},
				"west": {"uv": [9.75, 8.75, 10.25, 9.25], "texture": "#0"},
				"up": {"uv": [9.75, 8.75, 9.25, 8.25], "texture": "#0"},
				"down": {"uv": [10.25, 8.25, 9.75, 8.75], "texture": "#0"}
			}
		},
		{
			"name": "Plaque",
			"from": [5.5, 1, 3],
			"to": [10.5, 3, 4],
			"rotation": {"angle": 0, "axis": "y", "origin": [8, 0.125, 8]},
			"faces": {
				"north": {"uv": [8.75, 0.5, 11.25, 1.5], "texture": "#0"},
				"east": {"uv": [8.25, 0.5, 8.75, 1.5], "texture": "#0"},
				"south": {"uv": [11.75, 0.5, 14.25, 1.5], "texture": "#0"},
				"west": {"uv": [11.25, 0.5, 11.75, 1.5], "texture": "#0"},
				"up": {"uv": [11.25, 0.5, 8.75, 0], "texture": "#0"},
				"down": {"uv": [13.75, 0, 11.25, 0.5], "texture": "#0"}
			}
		}
	],
	"display": {
		"thirdperson_righthand": {
			"scale": [2, 2, 2]
		},
		"thirdperson_lefthand": {
			"scale": [2, 2, 2]
		},
		"firstperson_righthand": {
			"scale": [2, 2, 2]
		},
		"firstperson_lefthand": {
			"scale": [2, 2, 2]
		},
		"ground": {
			"scale": [2, 2, 2]
		},
		"gui": {
			"scale": [2, 2, 2]
		},
		"head": {
			"scale": [2, 2, 2]
		},
		"fixed": {
			"scale": [2, 2, 2]
		}
	},
	"groups": [
		{
			"name": "Root",
			"origin": [8, 18, 8],
			"color": 0,
			"children": [
				{
					"name": "Statue",
					"origin": [8, 0.25, 8],
					"color": 0,
					"children": [
						0,
						1,
						{
							"name": "Feet",
							"origin": [4.5, 12, 6.5],
							"color": 0,
							"children": [2, 3, 4, 5]
						},
						{
							"name": "Sword",
							"origin": [8.5, 51, 7.5],
							"color": 0,
							"children": [6, 7, 8, 9]
						}
					]
				},
				{
					"name": "Podium",
					"origin": [8, 0.25, 8],
					"color": 0,
					"children": [10]
				}
			]
		}
	]
}