{
  "parent": "valiance:recipes/root",
  "criteria": {
    "requirement": {
      "trigger": "minecraft:player_killed_entity",
      "conditions": {
        "entity": {
          "type": "#valiance:zombies"
        }
      }
    }
  },
  "rewards": {
    "recipes": [
      "valiance:monster_kebab/bone_slime_ball",
      "valiance:monster_kebab/bone_spider_eye",
      "valiance:monster_kebab/rotten_flesh_bone",
      "valiance:monster_kebab/rotten_flesh_slime_ball",
      "valiance:monster_kebab/rotten_flesh_spider_eye",
      "valiance:monster_kebab/spider_eye_slime_ball"
    ]
  }
}
