{
  "condition": "minecraft:any_of",
  "terms": [
    {
      "condition": "minecraft:location_check",
      "predicate": {
        "block": {
          "nbt": "{Items:[{Slot:19b,components:{\"minecraft:custom_data\":{thallium:{ui_component:1}}}}]}"
        }
      }
    },
    {
      "condition": "minecraft:location_check",
      "predicate": {
        "block": {
          "nbt": "{Items:[{Slot:20b,components:{\"minecraft:custom_data\":{thallium:{ui_component:1}}}}]}"
        }
      }
    },
    {
      "condition": "minecraft:location_check",
      "predicate": {
        "block": {
          "nbt": "{Items:[{Slot:21b,components:{\"minecraft:custom_data\":{thallium:{ui_component:1}}}}]}"
        }
      }
    },
    {
      "condition": "minecraft:location_check",
      "predicate": {
        "block": {
          "nbt": "{Items:[{Slot:22b,components:{\"minecraft:custom_data\":{thallium:{ui_component:1}}}}]}"
        }
      }
    }
  ]
}
