{
  "pools": [
    {
      "rolls": 1,
      "entries": [
        {
          "type": "minecraft:item",
          "name": "minecraft:lodestone"
        },
        {
          "type": "minecraft:loot_table",
          "value": "valiance:item/cursed_apple"
        },
        {
          "type": "minecraft:loot_table",
          "value": "valiance:item/sets/rare_summoning_horns"
        },
        {
          "type": "minecraft:item",
          "name": "minecraft:breeze_rod",
          "functions": [
            {
              "function": "minecraft:set_count",
              "count": 6
            }
          ]
        },
        {
          "type": "minecraft:item",
          "name": "minecraft:firework_rocket",
          "functions": [
            {
              "function": "minecraft:set_count",
              "count": 10
            }
          ]
        }
      ]
    }
  ]
}
