{
  "type": "minecraft:generic",
  "pools": [
    {
      "rolls": 1,
      "entries": [
        {
          "type": "minecraft:item",
          "name": "minecraft:poisonous_potato"
        }
      ],
      "functions": [
        {
          "function": "minecraft:set_name",
          "entity": "this",
          "target": "item_name",
          "name": {
            "translate": "item.valiance.totem_of_irregularity"
          }
        },
        {
          "function": "minecraft:set_lore",
          "entity": "this",
          "lore": [
            {
              "translate": "ui.valiance.title",
              "color": "white",
              "font": "valiance:title",
              "italic": false
            }
          ],
          "mode": "replace_all"
        },
        {
          "function": "minecraft:set_components",
          "components": {
            "minecraft:item_model": "valiance:totem_of_irregularity/yellow",
            "minecraft:rarity": "uncommon",
            "minecraft:max_stack_size": 1,
            "!minecraft:consumable": {},
            "!minecraft:food": {}
          }
        },
        {
          "function": "minecraft:set_custom_data",
          "tag": "{valiance:{id:\"totem_of_irregularity\"},smithed:{ignore:{functionality:1b,crafting:1b}}}"
        },
        {
          "function": "minecraft:set_attributes",
          "modifiers": [
            {
              "attribute": "minecraft:max_health",
              "id": "valiance:item.totem_of_irregularity.max_health",
              "amount": {
                "type": "minecraft:score",
                "target": "this",
                "score": "valiance.totem_of_irregularity.max_health",
                "scale": 1
              },
              "operation": "add_value",
              "slot": "offhand"
            },
            {
              "attribute": "minecraft:armor",
              "id": "valiance:item.totem_of_irregularity.armor",
              "amount": {
                "type": "minecraft:score",
                "target": "this",
                "score": "valiance.totem_of_irregularity.armor",
                "scale": 1
              },
              "operation": "add_value",
              "slot": "offhand"
            },
            {
              "attribute": "minecraft:attack_damage",
              "id": "valiance:item.totem_of_irregularity.attack_damage",
              "amount": {
                "type": "minecraft:score",
                "target": "this",
                "score": "valiance.totem_of_irregularity.attack_damage",
                "scale": 1
              },
              "operation": "add_value",
              "slot": "offhand"
            },
            {
              "attribute": "minecraft:movement_speed",
              "id": "valiance:item.totem_of_irregularity.movement_speed",
              "amount": {
                "type": "minecraft:score",
                "target": "this",
                "score": "valiance.totem_of_irregularity.movement_speed",
                "scale": 0.1
              },
              "operation": "add_multiplied_base",
              "slot": "offhand"
            }
          ]
        }
      ]
    }
  ]
}
