{
  "type": "minecraft:crafting_shaped",
  "category": "equipment",
  "pattern": [
    "  m",
    " m ",
    "h  "
  ],
  "key": {
    "h": {
      "item": "minecraft:stick"
    },
    "m": {
      "item": "minecraft:iron_ingot"
    }
  },
  "result": {
    "id": "minecraft:iron_sword",
    "count": 1,
    "components": {
      "minecraft:custom_data": "{valiance:{id:\"iron_greatsword\",weapon_type:\"greatsword\"},smithed:{ignore:{functionality:1b,crafting:1b}}}",
      "minecraft:custom_model_data": 4460001,
      "minecraft:item_name": "{\"translate\":\"item.valiance.iron_greatsword\"}",
      "minecraft:attribute_modifiers": {
        "modifiers": [
          {
            "id": "valiance:item.iron_greatsword.attack_damage",
            "type": "minecraft:generic.attack_damage",
            "amount": 8,
            "operation": "add_value",
            "slot": "mainhand"
          },
          {
            "id": "valiance:item.iron_greatsword.attack_speed",
            "type": "minecraft:generic.attack_speed",
            "amount": -2.7,
            "operation": "add_value",
            "slot": "mainhand"
          },
          {
            "id": "valiance:item.iron_greatsword.movement_speed",
            "type": "minecraft:generic.movement_speed",
            "amount": -0.15,
            "operation": "add_multiplied_base",
            "slot": "mainhand"
          }
        ],
        "show_in_tooltip": false
      },
      "minecraft:lore": [
        "{\"translate\":\"ui.valiance.title\",\"color\":\"white\",\"font\":\"valiance:title\",\"italic\":false}",
        "{\"text\":\" \"}",
        "{\"translate\":\"item.modifiers.mainhand\",\"color\":\"gray\",\"italic\":false}",
        "[{\"text\":\" 8 \",\"color\":\"dark_green\",\"italic\":false},{\"translate\":\"attribute.name.generic.attack_damage\",\"color\":\"dark_green\",\"italic\":false}]",
        "[{\"text\":\" 1.3 \",\"color\":\"dark_green\",\"italic\":false},{\"translate\":\"attribute.name.generic.attack_speed\",\"color\":\"dark_green\",\"italic\":false}]",
        "[{\"text\":\" -15% \",\"color\":\"red\",\"italic\":false},{\"translate\":\"attribute.name.generic.movement_speed\",\"color\":\"red\",\"italic\":false}]"
      ]
    }
  }
}
