{
  "type": "minecraft:crafting_shaped",
  "category": "equipment",
  "pattern": [
    "  m",
    " h ",
    "h  "
  ],
  "key": {
    "h": {
      "item": "minecraft:stick"
    },
    "m": {
      "tag": "minecraft:stone_tool_materials"
    }
  },
  "result": {
    "id": "minecraft:stone_sword",
    "count": 1,
    "components": {
      "minecraft:custom_data": "{valiance:{id:\"stone_spear\",weapon_type:\"spear\"},smithed:{ignore:{functionality:1b,crafting:1b}}}",
      "minecraft:custom_model_data": 4460002,
      "minecraft:item_name": "{\"translate\":\"item.valiance.stone_spear\"}",
      "minecraft:attribute_modifiers": {
        "modifiers": [
          {
            "id": "valiance:item.stone_spear.attack_damage",
            "type": "minecraft:generic.attack_damage",
            "amount": 4,
            "operation": "add_value",
            "slot": "mainhand"
          },
          {
            "id": "valiance:item.stone_spear.attack_speed",
            "type": "minecraft:generic.attack_speed",
            "amount": -2.6,
            "operation": "add_value",
            "slot": "mainhand"
          },
          {
            "id": "valiance:item.stone_spear.entity_interaction_range",
            "type": "minecraft:player.entity_interaction_range",
            "amount": 1.5,
            "operation": "add_value",
            "slot": "mainhand"
          }
        ],
        "show_in_tooltip": false
      },
      "minecraft:lore": [
        "{\"translate\":\"ui.valiance.title\",\"color\":\"white\",\"font\":\"valiance:title\",\"italic\":false}",
        "{\"text\":\" \"}",
        "{\"translate\":\"item.modifiers.mainhand\",\"color\":\"gray\",\"italic\":false}",
        "[{\"text\":\" 4 \",\"color\":\"dark_green\",\"italic\":false},{\"translate\":\"attribute.name.generic.attack_damage\",\"color\":\"dark_green\",\"italic\":false}]",
        "[{\"text\":\" 1.4 \",\"color\":\"dark_green\",\"italic\":false},{\"translate\":\"attribute.name.generic.attack_speed\",\"color\":\"dark_green\",\"italic\":false}]",
        "[{\"text\":\" +1.5 \",\"color\":\"red\",\"italic\":false},{\"translate\":\"attribute.valiance.attack_range\",\"color\":\"red\",\"italic\":false}]"
      ]
    }
  }
}
