{
  "type": "minecraft:crafting_shaped",
  "category": "equipment",
  "pattern": [
    "  h",
    " m ",
    "m  "
  ],
  "key": {
    "h": {
      "item": "minecraft:stick"
    },
    "m": {
      "tag": "minecraft:planks"
    }
  },
  "result": {
    "id": "minecraft:wooden_sword",
    "count": 1,
    "components": {
      "minecraft:custom_data": "{valiance:{id:\"wooden_dagger\",weapon_type:\"dagger\"},smithed:{ignore:{functionality:1b,crafting:1b}}}",
      "minecraft:custom_model_data": 4460000,
      "minecraft:item_name": "{\"translate\":\"item.valiance.wooden_dagger\"}",
      "minecraft:attribute_modifiers": {
        "modifiers": [
          {
            "id": "valiance:item.wooden_dagger.attack_damage",
            "type": "minecraft:generic.attack_damage",
            "amount": 9,
            "operation": "add_value",
            "slot": "mainhand"
          },
          {
            "id": "valiance:item.wooden_dagger.attack_speed",
            "type": "minecraft:generic.attack_speed",
            "amount": -2,
            "operation": "add_value",
            "slot": "mainhand"
          },
          {
            "id": "valiance:item.wooden_dagger.entity_interaction_range",
            "type": "minecraft:player.entity_interaction_range",
            "amount": -0.75,
            "operation": "add_value",
            "slot": "mainhand"
          }
        ],
        "show_in_tooltip": false
      },
      "minecraft:lore": [
        "{\"translate\":\"ui.valiance.title\",\"color\":\"white\",\"font\":\"valiance:title\",\"italic\":false}",
        "{\"text\":\" \"}",
        "{\"translate\":\"item.modifiers.mainhand\",\"color\":\"gray\",\"italic\":false}",
        "[{\"text\":\" 9 \",\"color\":\"dark_green\",\"italic\":false},{\"translate\":\"attribute.name.generic.attack_damage\",\"color\":\"dark_green\",\"italic\":false}]",
        "[{\"text\":\" 2 \",\"color\":\"dark_green\",\"italic\":false},{\"translate\":\"attribute.name.generic.attack_speed\",\"color\":\"dark_green\",\"italic\":false}]",
        "[{\"text\":\" -0.75 \",\"color\":\"red\",\"italic\":false},{\"translate\":\"attribute.valiance.attack_range\",\"color\":\"red\",\"italic\":false}]"
      ]
    }
  }
}
