[
  {
    "function": "minecraft:set_components",
    "components": {
      "minecraft:custom_data": "{valiance:{id:\"enchanted_horse_flute\",full:0,horse_data:{}}}",
      "minecraft:enchantment_glint_override": false
    }
  },
  {
    "function": "minecraft:set_lore",
    "entity": "this",
    "lore": [
      {
        "translate": "ui.valiance.title",
        "color": "white",
        "font": "valiance:title",
        "italic": false
      }
    ],
    "mode": "replace_all"
  }
]
