{
  "description": {
    "translate": "enchantment.valiance.burdening_curse"
  },
  "supported_items": "#minecraft:enchantable/armor",
  "weight": 5,
  "max_level": 1,
  "min_cost": {
    "base": 5,
    "per_level_above_first": 8
  },
  "max_cost": {
    "base": 25,
    "per_level_above_first": 8
  },
  "anvil_cost": 2,
  "slots": [
    "armor"
  ],
  "effects": {
    "minecraft:attributes": [
      {
        "id": "valiance:enchantment.burdening_curse",
        "attribute": "minecraft:movement_speed",
        "amount": -0.05,
        "operation": "add_multiplied_base"
      }
    ]
  }
}
