{
  "description": {
    "translate": "enchantment.valiance.deterioration_curse"
  },
  "supported_items": "#minecraft:enchantable/durability",
  "weight": 5,
  "max_level": 1,
  "min_cost": {
    "base": 5,
    "per_level_above_first": 8
  },
  "max_cost": {
    "base": 25,
    "per_level_above_first": 8
  },
  "anvil_cost": 2,
  "slots": [
    "armor"
  ],
  "effects": {
    "minecraft:item_damage": [
      {
        "effect": {
          "type": "minecraft:add",
          "value": 2
        }
      }
    ]
  }
}
