{
  "parent": "valiance:recipes/root",
  "criteria": {
    "requirement": {
      "trigger": "minecraft:inventory_changed",
      "conditions": {
        "items": [
          {
            "items": "minecraft:armadillo_scute"
          }
        ]
      }
    }
  },
  "rewards": {
    "recipes": [
      "valiance:scute_shield",
      "valiance:ceramic_shield/angler",
      "valiance:ceramic_shield/archer",
      "valiance:ceramic_shield/arms_up",
      "valiance:ceramic_shield/blade",
      "valiance:ceramic_shield/brewer",
      "valiance:ceramic_shield/burn",
      "valiance:ceramic_shield/danger",
      "valiance:ceramic_shield/explorer",
      "valiance:ceramic_shield/flow",
      "valiance:ceramic_shield/friend",
      "valiance:ceramic_shield/guster",
      "valiance:ceramic_shield/heart",
      "valiance:ceramic_shield/heartbreak",
      "valiance:ceramic_shield/howl",
      "valiance:ceramic_shield/miner",
      "valiance:ceramic_shield/mourner",
      "valiance:ceramic_shield/plenty",
      "valiance:ceramic_shield/prize",
      "valiance:ceramic_shield/scrape",
      "valiance:ceramic_shield/sheaf",
      "valiance:ceramic_shield/shelter",
      "valiance:ceramic_shield/skull",
      "valiance:ceramic_shield/snort"
    ]
  }
}
