{
  "type": "minecraft:crafting_shapeless",
  "category": "food",
  "group": "valiance:monster_kebab",
  "ingredients": [
    "minecraft:stick",
    "minecraft:bone",
    "minecraft:spider_eye"
  ],
  "result": {
    "id": "minecraft:cooked_mutton",
    "count": 1,
    "components": {
      "minecraft:custom_data": "{valiance:{id:\"monster_kebab\"},smithed:{ignore:{functionality:1b,crafting:1b}}}",
      "minecraft:item_model": "valiance:monster_kebab",
      "minecraft:item_name": "{\"translate\":\"item.valiance.monster_kebab\"}",
      "minecraft:lore": [
        "{\"translate\":\"ui.valiance.title\",\"color\":\"white\",\"font\":\"valiance:title\",\"italic\":false}"
      ],
      "minecraft:food": {
        "nutrition": 8,
        "saturation": 12,
        "eat_seconds": 1.2,
        "effects": [
          {
            "effect": {
              "id": "minecraft:hunger",
              "amplifier": 0,
              "duration": 200
            },
            "probability": 0.25
          }
        ]
      }
    }
  }
}
