{
  "pools": [
    {
      "rolls": 1,
      "entries": [
        {
          "type": "minecraft:item",
          "name": "minecraft:diamond_axe",
          "weight": 10
        },
        {
          "type": "minecraft:item",
          "name": "minecraft:diamond_sword",
          "weight": 2
        },
        {
          "type": "minecraft:loot_table",
          "value": "valiance:item/diamond_dagger",
          "weight": 2
        },
        {
          "type": "minecraft:loot_table",
          "value": "valiance:item/diamond_greatsword",
          "weight": 2
        },
        {
          "type": "minecraft:loot_table",
          "value": "valiance:item/diamond_spear",
          "weight": 2
        },
        {
          "type": "minecraft:loot_table",
          "value": "valiance:item/diamond_hammer",
          "weight": 10
        }
      ]
    }
  ]
}
