{
  "item.loot_bag": { "subtitle": "subtitles.lead.item.loot_bag", "sounds": [ "minecraft:item/bundle/drop_contents1", "minecraft:item/bundle/drop_contents2", "minecraft:item/bundle/drop_contents3" ]},

  "item.sword.hit": { "subtitle": "subtitles.valiance.item.sword.hit", "sounds": [ "valiance:item/melee_weapons/sword/hit1", "valiance:item/melee_weapons/sword/hit2", "valiance:item/melee_weapons/sword/hit3", "valiance:item/melee_weapons/sword/hit4" ]},

  "item.dagger.hit": { "subtitle": "subtitles.valiance.item.dagger.hit", "sounds": [ "valiance:item/melee_weapons/dagger/hit1", "valiance:item/melee_weapons/dagger/hit2", "valiance:item/melee_weapons/dagger/hit3" ]},

  "item.greatsword.hit": { "subtitle": "subtitles.valiance.item.greatsword.hit", "sounds": [ "valiance:item/melee_weapons/greatsword/hit1", "valiance:item/melee_weapons/greatsword/hit2" ]},

  "item.spear.hit": { "subtitle": "subtitles.valiance.item.spear.hit", "sounds": [ "valiance:item/melee_weapons/dagger/hit1", "valiance:item/melee_weapons/dagger/hit2", "valiance:item/melee_weapons/dagger/hit3" ]},

  "item.hammer.hit": { "subtitle": "subtitles.valiance.item.hammer.hit", "sounds": [ "valiance:item/melee_weapons/hammer/hit1", "valiance:item/melee_weapons/hammer/hit2", "valiance:item/melee_weapons/hammer/hit3", "valiance:item/melee_weapons/hammer/hit4" ]},

  "item.gauntlet.hit": { "subtitle": "subtitles.valiance.item.gauntlet.hit", "sounds": [ "valiance:item/melee_weapons/gauntlet/hit1", "valiance:item/melee_weapons/gauntlet/hit2", "valiance:item/melee_weapons/gauntlet/hit3" ]},

  "item.gauntlet.block": { "subtitle": "subtitles.valiance.item.gauntlet.block", "sounds": [ "valiance:item/melee_weapons/gauntlet/hit1", "valiance:item/melee_weapons/gauntlet/hit2", "valiance:item/melee_weapons/gauntlet/hit3" ]},

  "item.lance.hit": { "subtitle": "subtitles.valiance.item.lance.hit", "sounds": [ "valiance:item/melee_weapons/lance/hit1" ]},

  "item.shield.block": { "subtitle": "subtitles.item.shield.block", "sounds": [ "item/shield/block1", "item/shield/block2", "item/shield/block3", "item/shield/block4" ]},

  "item.commanding_rod": { "subtitle": "subtitles.valiance.item.commanding_rod", "sounds": [ "valiance:item/commanding_rod" ]},

  "bounty.start": { "sounds": [ "minecraft:item/book/open_flip1", "minecraft:item/book/open_flip2", "minecraft:item/book/open_flip3" ]},

  "bounty.end": { "sounds": [ "valiance:bounty/end" ]},

  "item.dynamite.throw": { "subtitle": "subtitles.valiance.item.dynamite.throw", "sounds": [ "minecraft:random/bow" ]},

  "item.dynamite.explode": { "subtitle": "subtitles.valiance.item.dynamite.explode", "sounds": [
{"name": "minecraft:random/explode1", "pitch": 1.25}, {"name": "minecraft:random/explode2", "pitch": 1.25}, {"name": "minecraft:random/explode3", "pitch": 1.25}, {"name": "minecraft:random/explode4", "pitch": 1.25} ]},

  "entity.brute.ambient": { "subtitle": "subtitles.valiance.entity.brute.ambient", "sounds": [
{"name": "minecraft:mob/zombie/say1", "pitch": 0.75}, {"name": "minecraft:mob/zombie/say2", "pitch": 0.75}, {"name": "minecraft:mob/zombie/say3", "pitch": 0.75}, {"name": "minecraft:mob/zombie/say4", "pitch": 0.75}, {"name": "minecraft:mob/zombie/say5", "pitch": 0.75} ]},

  "entity.brute.hurt": { "subtitle": "subtitles.valiance.entity.brute.hurt", "sounds": [
{"name": "minecraft:mob/zombie/hurt1", "pitch": 0.75}, {"name": "minecraft:mob/zombie/hurt2", "pitch": 0.75} ]},

  "entity.brute.death": { "subtitle": "subtitles.valiance.entity.brute.death", "sounds": [
{"name": "minecraft:mob/zombie/death", "pitch": 0.75} ]},

  "entity.brute.step": { "subtitle": "subtitles.block.generic.footsteps", "sounds": [
{"name": "minecraft:mob/zombie/step1", "pitch": 0.75}, {"name": "minecraft:mob/zombie/step2", "pitch": 0.75}, {"name": "minecraft:mob/zombie/step3", "pitch": 0.75}, {"name": "minecraft:mob/zombie/step4", "pitch": 0.75}, {"name": "minecraft:mob/zombie/step5", "pitch": 0.75} ]},

  "entity.brute.husk.ambient": { "subtitle": "subtitles.valiance.entity.brute.husk.ambient", "sounds": [
{"name": "minecraft:mob/husk/idle1", "pitch": 0.75}, {"name": "minecraft:mob/husk/idle2", "pitch": 0.75}, {"name": "minecraft:mob/husk/idle3", "pitch": 0.75} ]},

  "entity.brute.husk.hurt": { "subtitle": "subtitles.valiance.entity.brute.hurt", "sounds": [
{"name": "minecraft:mob/husk/hurt1", "pitch": 0.75}, {"name": "minecraft:mob/husk/hurt2", "pitch": 0.75} ]},

  "entity.brute.husk.death": { "subtitle": "subtitles.valiance.entity.brute.death", "sounds": [
{"name": "minecraft:mob/husk/death1", "pitch": 0.75}, {"name": "minecraft:mob/husk/death2", "pitch": 0.75} ]},

  "entity.brute.husk.step": { "subtitle": "subtitles.block.generic.footsteps", "sounds": [
{"name": "minecraft:mob/husk/step1", "pitch": 0.75}, {"name": "minecraft:mob/husk/step2", "pitch": 0.75}, {"name": "minecraft:mob/husk/step3", "pitch": 0.75}, {"name": "minecraft:mob/husk/step4", "pitch": 0.75}, {"name": "minecraft:mob/husk/step5", "pitch": 0.75} ]},

  "entity.brute.drowned.ambient": { "subtitle": "subtitles.valiance.entity.brute.drowned.ambient", "sounds": [
{"name": "minecraft:mob/drowned/idle1", "pitch": 0.75}, {"name": "minecraft:mob/drowned/idle2", "pitch": 0.75}, {"name": "minecraft:mob/drowned/idle3", "pitch": 0.75}, {"name": "minecraft:mob/drowned/idle4", "pitch": 0.75}, {"name": "minecraft:mob/drowned/idle5", "pitch": 0.75} ]},

  "entity.brute.drowned.hurt": { "subtitle": "subtitles.valiance.entity.brute.hurt", "sounds": [
{"name": "minecraft:mob/drowned/hurt1", "pitch": 0.75}, {"name": "minecraft:mob/drowned/hurt2", "pitch": 0.75}, {"name": "minecraft:mob/drowned/hurt3", "pitch": 0.75} ]},

  "entity.brute.drowned.death": { "subtitle": "subtitles.valiance.entity.brute.death", "sounds": [
{"name": "minecraft:mob/drowned/death1", "pitch": 0.75}, {"name": "minecraft:mob/drowned/death2", "pitch": 0.75} ]},

  "entity.brute.drowned.step": { "subtitle": "subtitles.block.generic.footsteps", "sounds": [
{"name": "minecraft:mob/drowned/step1", "pitch": 0.75}, {"name": "minecraft:mob/drowned/step2", "pitch": 0.75}, {"name": "minecraft:mob/drowned/step3", "pitch": 0.75}, {"name": "minecraft:mob/drowned/step4", "pitch": 0.75}, {"name": "minecraft:mob/drowned/step5", "pitch": 0.75} ]},

  "entity.bedazzle.ambient": { "subtitle": "subtitles.valiance.entity.bedazzle.ambient", "sounds": [
"valiance:entity/bedazzle/idle1", "valiance:entity/bedazzle/idle2", "valiance:entity/bedazzle/idle3" ]},

  "entity.bedazzle.hurt": { "subtitle": "subtitles.valiance.entity.bedazzle.hurt", "sounds": [
"valiance:entity/bedazzle/hit1", "valiance:entity/bedazzle/hit2", "valiance:entity/bedazzle/hit3" ]},

  "entity.bedazzle.death": { "subtitle": "subtitles.valiance.entity.bedazzle.death", "sounds": [
"valiance:entity/bedazzle/death" ]},

  "entity.bedazzle.shoot": { "subtitle": "subtitles.valiance.entity.bedazzle.shoot", "sounds": [
"valiance:entity/bedazzle/shard_shoot1", "valiance:entity/bedazzle/shard_shoot2", "valiance:entity/bedazzle/shard_shoot3" ]},

  "entity.amethyst_shard.shatter": { "subtitle": "subtitles.valiance.entity.amethyst_shard.shatter", "sounds": [
"valiance:entity/bedazzle/shard_shatter1", "valiance:entity/bedazzle/shard_shatter2", "valiance:entity/bedazzle/shard_shatter3" ]},

  "entity.bedazzle.raise_spikes": { "subtitle": "subtitles.valiance.entity.bedazzle.earthquake", "sounds": [
"valiance:entity/bedazzle/earthquake" ]},

  "entity.amethyst_spike.rise": { "subtitle": "subtitles.valiance.entity.amethyst_spike.rise", "sounds": [
"valiance:entity/bedazzle/spike_raise1", "valiance:entity/bedazzle/spike_raise2", "valiance:entity/bedazzle/spike_raise3" ]},

  "entity.amethyst_spike.sink": { "subtitle": "subtitles.valiance.entity.amethyst_spike.sink", "sounds": [
"valiance:entity/bedazzle/spike_sink1", "valiance:entity/bedazzle/spike_sink2", "valiance:entity/bedazzle/spike_sink3" ]},

  "entity.player.bonus_hit": { "subtitle": "subtitles.valiance.entity.player.bonus_hit", "sounds": [
"valiance:entity/player/bonus_hit" ]}

}