{
  "type": "minecraft:generic",
  "pools": [
    {
      "rolls": 1,
      "entries": [
        {
          "type": "minecraft:item",
          "name": "minecraft:goat_horn"
        }
      ],
      "functions": [
        {
          "function": "minecraft:set_name",
          "entity": "this",
          "target": "item_name",
          "name": {
            "translate": "item.valiance.summoning_horn"
          }
        },
        {
          "function": "minecraft:set_lore",
          "entity": "this",
          "lore": [
            {
              "translate": "ui.valiance.title",
              "color": "white",
              "font": "valiance:title",
              "italic": false
            }
          ],
          "mode": "replace_all"
        },
        {
          "function": "minecraft:set_components",
          "components": {
            "minecraft:item_model": "valiance:summoning_horn",
            "minecraft:rarity": "uncommon",
            "minecraft:instrument": "valiance:grief"
          }
        },
        {
          "function": "minecraft:set_custom_data",
          "tag": "{valiance:{id:\"summoning_horn\"},thallium:{right_click_detection:1},smithed:{ignore:{functionality:1b,crafting:1b}}}"
        }
      ]
    }
  ]
}
