[
  {
    "function": "minecraft:set_custom_data",
    "tag": "{valiance:{id:\"netherite_greatsword\",weapon_type:\"greatsword\"}}"
  },
  {
    "function": "minecraft:set_components",
    "components": {
      "minecraft:custom_model_data": 4460001,
      "minecraft:lore": []
    }
  },
  {
    "function": "minecraft:set_name",
    "entity": "this",
    "target": "item_name",
    "name": {
      "translate": "item.valiance.netherite_greatsword"
    }
  },
  {
    "function": "minecraft:set_lore",
    "entity": "this",
    "lore": [
      {
        "translate": "ui.valiance.title",
        "color": "white",
        "font": "valiance:title",
        "italic": false
      },
      {
        "text": " "
      },
      {
        "translate": "item.modifiers.mainhand",
        "color": "gray",
        "italic": false
      },
      [
        {
          "text": " 10 ",
          "color": "dark_green",
          "italic": false
        },
        {
          "translate": "attribute.name.generic.attack_damage",
          "color": "dark_green",
          "italic": false
        }
      ],
      [
        {
          "text": " 1.3 ",
          "color": "dark_green",
          "italic": false
        },
        {
          "translate": "attribute.name.generic.attack_speed",
          "color": "dark_green",
          "italic": false
        }
      ],
      [
        {
          "text": " -15% ",
          "color": "red",
          "italic": false
        },
        {
          "translate": "attribute.name.generic.movement_speed",
          "color": "red",
          "italic": false
        }
      ]
    ],
    "mode": "replace_all"
  },
  {
    "function": "minecraft:set_attributes",
    "modifiers": [
      {
        "attribute": "minecraft:generic.attack_damage",
        "id": "valiance:item.netherite_greatsword.attack_damage",
        "amount": 10,
        "operation": "add_value",
        "slot": "mainhand"
      },
      {
        "attribute": "minecraft:generic.attack_speed",
        "id": "valiance:item.netherite_greatsword.attack_speed",
        "amount": -2.7,
        "operation": "add_value",
        "slot": "mainhand"
      },
      {
        "attribute": "minecraft:generic.movement_speed",
        "id": "valiance:item.netherite_greatsword.movement_speed",
        "amount": -0.15,
        "operation": "add_multiplied_base",
        "slot": "mainhand"
      }
    ]
  },
  {
    "function": "minecraft:toggle_tooltips",
    "toggles": {
      "attribute_modifiers": false
    }
  }
]
