{
  "criteria": {
    "skeleton": {
      "trigger": "minecraft:player_killed_entity",
      "conditions": {
        "player": [
          {
            "condition": "minecraft:entity_scores",
            "entity": "this",
            "scores": {
              "valiance.bounty.type": 1,
              "valiance.bounty.target_kills": {
                "min": 1
              }
            }
          }
        ],
        "entity": {
          "type": "#minecraft:skeletons"
        }
      }
    },
    "spider": {
      "trigger": "minecraft:player_killed_entity",
      "conditions": {
        "player": [
          {
            "condition": "minecraft:entity_scores",
            "entity": "this",
            "scores": {
              "valiance.bounty.type": 2,
              "valiance.bounty.target_kills": {
                "min": 1
              }
            }
          }
        ],
        "entity": {
          "type": "#valiance:spiders"
        }
      }
    },
    "creeper": {
      "trigger": "minecraft:player_killed_entity",
      "conditions": {
        "player": [
          {
            "condition": "minecraft:entity_scores",
            "entity": "this",
            "scores": {
              "valiance.bounty.type": 3,
              "valiance.bounty.target_kills": {
                "min": 1
              }
            }
          }
        ],
        "entity": {
          "type": "minecraft:creeper"
        }
      }
    },
    "enderman": {
      "trigger": "minecraft:player_killed_entity",
      "conditions": {
        "player": [
          {
            "condition": "minecraft:entity_scores",
            "entity": "this",
            "scores": {
              "valiance.bounty.type": 4,
              "valiance.bounty.target_kills": {
                "min": 1
              }
            }
          }
        ],
        "entity": {
          "type": "minecraft:enderman"
        }
      }
    },
    "illager": {
      "trigger": "minecraft:player_killed_entity",
      "conditions": {
        "player": [
          {
            "condition": "minecraft:entity_scores",
            "entity": "this",
            "scores": {
              "valiance.bounty.type": 5,
              "valiance.bounty.target_kills": {
                "min": 1
              }
            }
          }
        ],
        "entity": {
          "type": "#minecraft:illager"
        }
      }
    },
    "witch": {
      "trigger": "minecraft:player_killed_entity",
      "conditions": {
        "player": [
          {
            "condition": "minecraft:entity_scores",
            "entity": "this",
            "scores": {
              "valiance.bounty.type": 6,
              "valiance.bounty.target_kills": {
                "min": 1
              }
            }
          }
        ],
        "entity": {
          "type": "minecraft:witch"
        }
      }
    },
    "bedazzle": {
      "trigger": "minecraft:player_killed_entity",
      "conditions": {
        "player": [
          {
            "condition": "minecraft:entity_scores",
            "entity": "this",
            "scores": {
              "valiance.bounty.type": 7,
              "valiance.bounty.target_kills": {
                "min": 1
              }
            }
          }
        ],
        "entity": {
          "type": "minecraft:wandering_trader",
          "nbt": "{Tags:[\"valiance.entity.bedazzle\"]}"
        }
      }
    },
    "piglin": {
      "trigger": "minecraft:player_killed_entity",
      "conditions": {
        "player": [
          {
            "condition": "minecraft:entity_scores",
            "entity": "this",
            "scores": {
              "valiance.bounty.type": 100,
              "valiance.bounty.target_kills": {
                "min": 1
              }
            }
          }
        ],
        "entity": {
          "type": "minecraft:piglin"
        }
      }
    },
    "hoglin": {
      "trigger": "minecraft:player_killed_entity",
      "conditions": {
        "player": [
          {
            "condition": "minecraft:entity_scores",
            "entity": "this",
            "scores": {
              "valiance.bounty.type": 101,
              "valiance.bounty.target_kills": {
                "min": 1
              }
            }
          }
        ],
        "entity": {
          "type": "minecraft:hoglin"
        }
      }
    },
    "ghast": {
      "trigger": "minecraft:player_killed_entity",
      "conditions": {
        "player": [
          {
            "condition": "minecraft:entity_scores",
            "entity": "this",
            "scores": {
              "valiance.bounty.type": 102,
              "valiance.bounty.target_kills": {
                "min": 1
              }
            }
          }
        ],
        "entity": {
          "type": "minecraft:ghast"
        }
      }
    },
    "wither_skeleton": {
      "trigger": "minecraft:player_killed_entity",
      "conditions": {
        "player": [
          {
            "condition": "minecraft:entity_scores",
            "entity": "this",
            "scores": {
              "valiance.bounty.type": 103,
              "valiance.bounty.target_kills": {
                "min": 1
              }
            }
          }
        ],
        "entity": {
          "type": "minecraft:wither_skeleton"
        }
      }
    }
  },
  "requirements": [
    [
      "skeleton",
      "spider",
      "creeper",
      "enderman",
      "illager",
      "witch",
      "bedazzle",
      "piglin",
      "hoglin",
      "ghast",
      "wither_skeleton"
    ]
  ],
  "rewards": {
    "function": "valiance:entity/player/bounty/kill"
  }
}
