{
  "type": "minecraft:generic",
  "pools": [
    {
      "rolls": 1,
      "entries": [
        {
          "type": "minecraft:item",
          "name": "minecraft:shield"
        }
      ],
      "functions": [
        {
          "function": "minecraft:set_name",
          "entity": "this",
          "target": "item_name",
          "name": {
            "translate": "item.valiance.ceramic_shield"
          }
        },
        {
          "function": "minecraft:set_lore",
          "entity": "this",
          "lore": [
            {
              "translate": "ui.valiance.title",
              "color": "white",
              "font": "valiance:title",
              "italic": false
            },
            {
              "text": " "
            },
            {
              "translate": "item.minecraft.burn_pottery_sherd",
              "color": "gray",
              "italic": false
            }
          ],
          "mode": "replace_all"
        },
        {
          "function": "minecraft:set_components",
          "components": {
            "minecraft:custom_model_data": 4460009,
            "minecraft:max_damage": 1000
          }
        },
        {
          "function": "minecraft:set_custom_data",
          "tag": "{valiance:{id:\"ceramic_shield\",design:\"burn_pottery_sherd\"},smithed:{ignore:{functionality:1b,crafting:1b}}}"
        }
      ]
    }
  ]
}
