{
	"credit": "Made with Blockbench",
	"texture_size": [64, 64],
	"textures": {
		"0": "valiance:item/entity/dynamite/dynamite_flying",
		"particle": "valiance:item/entity/dynamite/dynamite_flying"
	},
	"elements": [
		{
			"name": "SoManyCubes",
			"from": [6.5, 0, 6.5],
			"to": [9.5, 8, 9.5],
			"rotation": {"angle": 0, "axis": "y", "origin": [8, 4, 8]},
			"faces": {
				"north": {"uv": [0, 0.75, 0.75, 2.75], "texture": "#0"},
				"east": {"uv": [0.75, 0.75, 0, 2.75], "texture": "#0"},
				"south": {"uv": [0, 0.75, 0.75, 2.75], "texture": "#0"},
				"west": {"uv": [0.75, 0.75, 0, 2.75], "texture": "#0"},
				"up": {"uv": [0, 0, 0.75, 0.75], "texture": "#0"},
				"down": {"uv": [0.75, 0, 1.5, 0.75], "texture": "#0"}
			}
		},
		{
			"name": "SoManyCubes",
			"from": [8, 8, 1.5],
			"to": [8, 12, 9.5],
			"rotation": {"angle": 0, "axis": "y", "origin": [8, 4, 8]},
			"faces": {
				"east": {"uv": [0.75, 0.75, 2.75, 1.75], "texture": "#0"},
				"west": {"uv": [2.75, 0.75, 0.75, 1.75], "texture": "#0"}
			}
		},
		{
			"name": "SoManyCubes",
			"from": [6.5, 0, 6.5],
			"to": [9.5, 8, 9.5],
			"rotation": {"angle": 22.5, "axis": "x", "origin": [8, 4, 8]},
			"faces": {
				"north": {"uv": [4, 0.75, 4.75, 2.75], "texture": "#0"},
				"east": {"uv": [4.75, 0.75, 4, 2.75], "texture": "#0"},
				"south": {"uv": [4, 0.75, 4.75, 2.75], "texture": "#0"},
				"west": {"uv": [4.75, 0.75, 4, 2.75], "texture": "#0"},
				"up": {"uv": [4, 0, 4.75, 0.75], "texture": "#0"},
				"down": {"uv": [4.75, 0, 5.5, 0.75], "texture": "#0"}
			}
		},
		{
			"name": "SoManyCubes",
			"from": [8, 8, 1.5],
			"to": [8, 12, 9.5],
			"rotation": {"angle": 22.5, "axis": "x", "origin": [8, 4, 8]},
			"faces": {
				"east": {"uv": [4.75, 0.75, 6.75, 1.75], "texture": "#0"},
				"west": {"uv": [6.75, 0.75, 4.75, 1.75], "texture": "#0"}
			}
		},
		{
			"name": "SoManyCubes",
			"from": [6.5, 0, 6.5],
			"to": [9.5, 8, 9.5],
			"rotation": {"angle": 45, "axis": "x", "origin": [8, 4, 8]},
			"faces": {
				"north": {"uv": [8, 0.75, 8.75, 2.75], "texture": "#0"},
				"east": {"uv": [8.75, 0.75, 8, 2.75], "texture": "#0"},
				"south": {"uv": [8, 0.75, 8.75, 2.75], "texture": "#0"},
				"west": {"uv": [8.75, 0.75, 8, 2.75], "texture": "#0"},
				"up": {"uv": [8, 0, 8.75, 0.75], "texture": "#0"},
				"down": {"uv": [8.75, 0, 9.5, 0.75], "texture": "#0"}
			}
		},
		{
			"name": "SoManyCubes",
			"from": [8, 8, 1.5],
			"to": [8, 12, 9.5],
			"rotation": {"angle": 45, "axis": "x", "origin": [8, 4, 8]},
			"faces": {
				"east": {"uv": [8.75, 0.75, 10.75, 1.75], "texture": "#0"},
				"west": {"uv": [10.75, 0.75, 8.75, 1.75], "texture": "#0"}
			}
		},
		{
			"name": "SoManyCubes",
			"from": [6.5, 2.5, 4],
			"to": [9.5, 5.5, 12],
			"rotation": {"angle": -22.5, "axis": "x", "origin": [8, 4, 8]},
			"faces": {
				"north": {"uv": [12.75, 0, 13.5, 0.75], "rotation": 180, "texture": "#0"},
				"east": {"uv": [12.75, 0.75, 12, 2.75], "rotation": 270, "texture": "#0"},
				"south": {"uv": [12, 0, 12.75, 0.75], "texture": "#0"},
				"west": {"uv": [12.75, 0.75, 12, 2.75], "rotation": 90, "texture": "#0"},
				"up": {"uv": [12, 0.75, 12.75, 2.75], "rotation": 180, "texture": "#0"},
				"down": {"uv": [12, 0.75, 12.75, 2.75], "texture": "#0"}
			}
		},
		{
			"name": "SoManyCubes",
			"from": [8, 2.5, 12],
			"to": [8, 10.5, 16],
			"rotation": {"angle": -22.5, "axis": "x", "origin": [8, 4, 8]},
			"faces": {
				"east": {"uv": [12.75, 0.75, 14.75, 1.75], "rotation": 270, "texture": "#0"},
				"west": {"uv": [14.75, 0.75, 12.75, 1.75], "rotation": 90, "texture": "#0"}
			}
		},
		{
			"name": "SoManyCubes",
			"from": [8, -4, 6.5],
			"to": [8, 0, 14.5],
			"rotation": {"angle": -22.5, "axis": "x", "origin": [8, 4, 8]},
			"faces": {
				"east": {"uv": [12.75, 4.75, 14.75, 5.75], "rotation": 180, "texture": "#0"},
				"west": {"uv": [14.75, 4.75, 12.75, 5.75], "rotation": 180, "texture": "#0"}
			}
		},
		{
			"name": "SoManyCubes",
			"from": [6.5, 2.5, 4],
			"to": [9.5, 5.5, 12],
			"rotation": {"angle": 0, "axis": "x", "origin": [8, 4, 8]},
			"faces": {
				"north": {"uv": [0.75, 4, 1.5, 4.75], "rotation": 180, "texture": "#0"},
				"east": {"uv": [0.75, 4.75, 0, 6.75], "rotation": 270, "texture": "#0"},
				"south": {"uv": [0, 4, 0.75, 4.75], "texture": "#0"},
				"west": {"uv": [0.75, 4.75, 0, 6.75], "rotation": 90, "texture": "#0"},
				"up": {"uv": [0, 4.75, 0.75, 6.75], "rotation": 180, "texture": "#0"},
				"down": {"uv": [0, 4.75, 0.75, 6.75], "texture": "#0"}
			}
		},
		{
			"name": "SoManyCubes",
			"from": [8, 2.5, 12],
			"to": [8, 10.5, 16],
			"rotation": {"angle": 0, "axis": "x", "origin": [8, 4, 8]},
			"faces": {
				"east": {"uv": [0.75, 4.75, 2.75, 5.75], "rotation": 270, "texture": "#0"},
				"west": {"uv": [2.75, 4.75, 0.75, 5.75], "rotation": 90, "texture": "#0"}
			}
		},
		{
			"name": "SoManyCubes",
			"from": [6.5, 2.5, 4],
			"to": [9.5, 5.5, 12],
			"rotation": {"angle": 22.5, "axis": "x", "origin": [8, 4, 8]},
			"faces": {
				"north": {"uv": [4.75, 4, 5.5, 4.75], "rotation": 180, "texture": "#0"},
				"east": {"uv": [4.75, 4.75, 4, 6.75], "rotation": 270, "texture": "#0"},
				"south": {"uv": [4, 4, 4.75, 4.75], "texture": "#0"},
				"west": {"uv": [4.75, 4.75, 4, 6.75], "rotation": 90, "texture": "#0"},
				"up": {"uv": [4, 4.75, 4.75, 6.75], "rotation": 180, "texture": "#0"},
				"down": {"uv": [4, 4.75, 4.75, 6.75], "texture": "#0"}
			}
		},
		{
			"name": "SoManyCubes",
			"from": [8, 2.5, 12],
			"to": [8, 10.5, 16],
			"rotation": {"angle": 22.5, "axis": "x", "origin": [8, 4, 8]},
			"faces": {
				"east": {"uv": [4.75, 4.75, 6.75, 5.75], "rotation": 270, "texture": "#0"},
				"west": {"uv": [6.75, 4.75, 4.75, 5.75], "rotation": 90, "texture": "#0"}
			}
		},
		{
			"name": "SoManyCubes",
			"from": [6.5, 0, 6.5],
			"to": [9.5, 8, 9.5],
			"rotation": {"angle": -45, "axis": "x", "origin": [8, 4, 8]},
			"faces": {
				"north": {"uv": [8, 4.75, 8.75, 6.75], "rotation": 180, "texture": "#0"},
				"east": {"uv": [8.75, 4.75, 8, 6.75], "rotation": 180, "texture": "#0"},
				"south": {"uv": [8, 4.75, 8.75, 6.75], "rotation": 180, "texture": "#0"},
				"west": {"uv": [8.75, 4.75, 8, 6.75], "rotation": 180, "texture": "#0"},
				"up": {"uv": [8.75, 4, 9.5, 4.75], "texture": "#0"},
				"down": {"uv": [8, 4, 8.75, 4.75], "texture": "#0"}
			}
		},
		{
			"name": "SoManyCubes",
			"from": [8, -4, 6.5],
			"to": [8, 0, 14.5],
			"rotation": {"angle": -45, "axis": "x", "origin": [8, 4, 8]},
			"faces": {
				"east": {"uv": [8.75, 4.75, 10.75, 5.75], "rotation": 180, "texture": "#0"},
				"west": {"uv": [10.75, 4.75, 8.75, 5.75], "rotation": 180, "texture": "#0"}
			}
		},
		{
			"name": "SoManyCubes",
			"from": [6.5, 0, 6.5],
			"to": [9.5, 8, 9.5],
			"rotation": {"angle": -22.5, "axis": "x", "origin": [8, 4, 8]},
			"faces": {
				"north": {"uv": [12, 4.75, 12.75, 6.75], "rotation": 180, "texture": "#0"},
				"east": {"uv": [12.75, 4.75, 12, 6.75], "rotation": 180, "texture": "#0"},
				"south": {"uv": [12, 4.75, 12.75, 6.75], "rotation": 180, "texture": "#0"},
				"west": {"uv": [12.75, 4.75, 12, 6.75], "rotation": 180, "texture": "#0"},
				"up": {"uv": [12.75, 4, 13.5, 4.75], "texture": "#0"},
				"down": {"uv": [12, 4, 12.75, 4.75], "texture": "#0"}
			}
		},
		{
			"name": "SoManyCubes",
			"from": [8, -2.5, 0],
			"to": [8, 5.5, 4],
			"rotation": {"angle": -22.5, "axis": "x", "origin": [8, 4, 8]},
			"faces": {
				"east": {"uv": [12.75, 8.75, 14.75, 9.75], "rotation": 90, "texture": "#0"},
				"west": {"uv": [14.75, 8.75, 12.75, 9.75], "rotation": 270, "texture": "#0"}
			}
		},
		{
			"name": "SoManyCubes",
			"from": [6.5, 0, 6.5],
			"to": [9.5, 8, 9.5],
			"rotation": {"angle": 0, "axis": "x", "origin": [8, 4, 8]},
			"faces": {
				"north": {"uv": [0, 8.75, 0.75, 10.75], "rotation": 180, "texture": "#0"},
				"east": {"uv": [0.75, 8.75, 0, 10.75], "rotation": 180, "texture": "#0"},
				"south": {"uv": [0, 8.75, 0.75, 10.75], "rotation": 180, "texture": "#0"},
				"west": {"uv": [0.75, 8.75, 0, 10.75], "rotation": 180, "texture": "#0"},
				"up": {"uv": [0.75, 8, 1.5, 8.75], "texture": "#0"},
				"down": {"uv": [0, 8, 0.75, 8.75], "texture": "#0"}
			}
		},
		{
			"name": "SoManyCubes",
			"from": [8, -4, 6.5],
			"to": [8, 0, 14.5],
			"rotation": {"angle": 0, "axis": "x", "origin": [8, 4, 8]},
			"faces": {
				"east": {"uv": [0.75, 8.75, 2.75, 9.75], "rotation": 180, "texture": "#0"},
				"west": {"uv": [2.75, 8.75, 0.75, 9.75], "rotation": 180, "texture": "#0"}
			}
		},
		{
			"name": "SoManyCubes",
			"from": [6.5, 0, 6.5],
			"to": [9.5, 8, 9.5],
			"rotation": {"angle": 22.5, "axis": "x", "origin": [8, 4, 8]},
			"faces": {
				"north": {"uv": [4, 8.75, 4.75, 10.75], "rotation": 180, "texture": "#0"},
				"east": {"uv": [4.75, 8.75, 4, 10.75], "rotation": 180, "texture": "#0"},
				"south": {"uv": [4, 8.75, 4.75, 10.75], "rotation": 180, "texture": "#0"},
				"west": {"uv": [4.75, 8.75, 4, 10.75], "rotation": 180, "texture": "#0"},
				"up": {"uv": [4.75, 8, 5.5, 8.75], "texture": "#0"},
				"down": {"uv": [4, 8, 4.75, 8.75], "texture": "#0"}
			}
		},
		{
			"name": "SoManyCubes",
			"from": [8, -4, 6.5],
			"to": [8, 0, 14.5],
			"rotation": {"angle": 22.5, "axis": "x", "origin": [8, 4, 8]},
			"faces": {
				"east": {"uv": [4.75, 8.75, 6.75, 9.75], "rotation": 180, "texture": "#0"},
				"west": {"uv": [6.75, 8.75, 4.75, 9.75], "rotation": 180, "texture": "#0"}
			}
		},
		{
			"name": "SoManyCubes",
			"from": [6.5, 0, 6.5],
			"to": [9.5, 8, 9.5],
			"rotation": {"angle": 45, "axis": "x", "origin": [8, 4, 8]},
			"faces": {
				"north": {"uv": [8, 8.75, 8.75, 10.75], "rotation": 180, "texture": "#0"},
				"east": {"uv": [8.75, 8.75, 8, 10.75], "rotation": 180, "texture": "#0"},
				"south": {"uv": [8, 8.75, 8.75, 10.75], "rotation": 180, "texture": "#0"},
				"west": {"uv": [8.75, 8.75, 8, 10.75], "rotation": 180, "texture": "#0"},
				"up": {"uv": [8.75, 8, 9.5, 8.75], "texture": "#0"},
				"down": {"uv": [8, 8, 8.75, 8.75], "texture": "#0"}
			}
		},
		{
			"name": "SoManyCubes",
			"from": [8, -2.5, 0],
			"to": [8, 5.5, 4],
			"rotation": {"angle": -22.5, "axis": "x", "origin": [8, 4, 8]},
			"faces": {
				"east": {"uv": [8.75, 8.75, 10.75, 9.75], "rotation": 90, "texture": "#0"},
				"west": {"uv": [10.75, 8.75, 8.75, 9.75], "rotation": 270, "texture": "#0"}
			}
		},
		{
			"name": "SoManyCubes",
			"from": [6.5, 2.5, 4],
			"to": [9.5, 5.5, 12],
			"rotation": {"angle": 0, "axis": "x", "origin": [8, 4, 8]},
			"faces": {
				"north": {"uv": [12, 8, 12.75, 8.75], "rotation": 180, "texture": "#0"},
				"east": {"uv": [12.75, 8.75, 12, 10.75], "rotation": 90, "texture": "#0"},
				"south": {"uv": [12.75, 8, 13.5, 8.75], "texture": "#0"},
				"west": {"uv": [12.75, 8.75, 12, 10.75], "rotation": 270, "texture": "#0"},
				"up": {"uv": [12, 8.75, 12.75, 10.75], "texture": "#0"},
				"down": {"uv": [12, 8.75, 12.75, 10.75], "rotation": 180, "texture": "#0"}
			}
		},
		{
			"name": "SoManyCubes",
			"from": [6.5, 2.5, 4],
			"to": [9.5, 5.5, 12],
			"rotation": {"angle": 45, "axis": "x", "origin": [8, 4, 8]},
			"faces": {
				"north": {"uv": [0, 12, 0.75, 12.75], "rotation": 180, "texture": "#0"},
				"east": {"uv": [0.75, 12.75, 0, 14.75], "rotation": 90, "texture": "#0"},
				"south": {"uv": [0.75, 12, 1.5, 12.75], "texture": "#0"},
				"west": {"uv": [0.75, 12.75, 0, 14.75], "rotation": 270, "texture": "#0"},
				"up": {"uv": [0, 12.75, 0.75, 14.75], "texture": "#0"},
				"down": {"uv": [0, 12.75, 0.75, 14.75], "rotation": 180, "texture": "#0"}
			}
		},
		{
			"name": "SoManyCubes",
			"from": [8, -2.5, 0],
			"to": [8, 5.5, 4],
			"rotation": {"angle": 45, "axis": "x", "origin": [8, 4, 8]},
			"faces": {
				"east": {"uv": [0.75, 12.75, 2.75, 13.75], "rotation": 90, "texture": "#0"},
				"west": {"uv": [2.75, 12.75, 0.75, 13.75], "rotation": 270, "texture": "#0"}
			}
		},
		{
			"name": "SoManyCubes",
			"from": [6.5, 0, 6.5],
			"to": [9.5, 8, 9.5],
			"rotation": {"angle": -22.5, "axis": "x", "origin": [8, 4, 8]},
			"faces": {
				"north": {"uv": [4, 12.75, 4.75, 14.75], "texture": "#0"},
				"east": {"uv": [4.75, 12.75, 4, 14.75], "texture": "#0"},
				"south": {"uv": [4, 12.75, 4.75, 14.75], "texture": "#0"},
				"west": {"uv": [4.75, 12.75, 4, 14.75], "texture": "#0"},
				"up": {"uv": [4, 12, 4.75, 12.75], "texture": "#0"},
				"down": {"uv": [4.75, 12, 5.5, 12.75], "texture": "#0"}
			}
		},
		{
			"name": "SoManyCubes",
			"from": [8, 8, 1.5],
			"to": [8, 12, 9.5],
			"rotation": {"angle": -22.5, "axis": "x", "origin": [8, 4, 8]},
			"faces": {
				"east": {"uv": [4.75, 12.75, 6.75, 13.75], "texture": "#0"},
				"west": {"uv": [6.75, 12.75, 4.75, 13.75], "texture": "#0"}
			}
		},
		{
			"name": "SoManyCubes",
			"from": [6.5, 0, 6.5],
			"to": [9.5, 8, 9.5],
			"rotation": {"angle": 0, "axis": "x", "origin": [8, 4, 8]},
			"faces": {
				"north": {"uv": [8, 12.75, 8.75, 14.75], "texture": "#0"},
				"east": {"uv": [8.75, 12.75, 8, 14.75], "texture": "#0"},
				"south": {"uv": [8, 12.75, 8.75, 14.75], "texture": "#0"},
				"west": {"uv": [8.75, 12.75, 8, 14.75], "texture": "#0"},
				"up": {"uv": [8, 12, 8.75, 12.75], "texture": "#0"},
				"down": {"uv": [8.75, 12, 9.5, 12.75], "texture": "#0"}
			}
		},
		{
			"name": "SoManyCubes",
			"from": [8, 8, 1.5],
			"to": [8, 12, 9.5],
			"rotation": {"angle": 0, "axis": "x", "origin": [8, 4, 8]},
			"faces": {
				"east": {"uv": [8.75, 12.75, 10.75, 13.75], "texture": "#0"},
				"west": {"uv": [10.75, 12.75, 8.75, 13.75], "texture": "#0"}
			}
		}
	]
}