{
  "type": "minecraft:equipment",
  "pools": [
    {
      "rolls": 1,
      "entries": [
        {
          "type": "minecraft:item",
          "name": "minecraft:chainmail_leggings",
          "functions": [
            {
              "function": "minecraft:enchant_with_levels",
              "levels": 10,
              "options": "#valiance:cursed_armor_enchantments"
            },
            {
              "function": "minecraft:enchant_randomly",
              "options": "#valiance:cursed_armor_curses",
              "only_compatible": true
            }
          ]
        }
      ]
    }
  ]
}
