{
  "type": "minecraft:crafting_shaped",
  "category": "equipment",
  "group": "valiance:ceramic_shield",
  "pattern": [
    "mmm",
    "mwm",
    "mmm"
  ],
  "key": {
    "m": "minecraft:armadillo_scute",
    "w": "minecraft:mourner_pottery_sherd"
  },
  "result": {
    "id": "minecraft:shield",
    "count": 1,
    "components": {
      "minecraft:custom_data": "{valiance:{id:\"ceramic_shield\",design:\"mourner\"},smithed:{ignore:{functionality:1b,crafting:1b}}}",
      "minecraft:item_model": "valiance:ceramic_shield/mourner",
      "minecraft:max_damage": 1000,
      "minecraft:item_name": "{\"translate\":\"item.valiance.ceramic_shield\"}",
      "minecraft:lore": [
        "{\"translate\":\"ui.valiance.title\",\"color\":\"white\",\"font\":\"valiance:title\",\"italic\":false}",
        "{\"text\":\" \"}",
        "{\"translate\":\"item.minecraft.mourner_pottery_sherd\",\"color\":\"gray\",\"italic\":false}"
      ]
    }
  }
}
