{
	"credit": "Made with Blockbench",
	"texture_size": [32, 32],
	"textures": {
		"0": "valiance:item/lance/lance",
		"particle": "valiance:item/lance/lance"
	},
	"elements": [
		{
			"name": "Lance",
			"from": [4.5, 0.5, 4],
			"to": [11.5, 7.5, 14],
			"rotation": {"angle": 0, "axis": "z", "origin": [9, 3, 6.75]},
			"faces": {
				"east": {"uv": [4.5, 8.5, 8, 3.5], "rotation": 90, "texture": "#0"},
				"south": {"uv": [4.5, 0, 8, 3.5], "texture": "#0"},
				"west": {"uv": [8, 3.5, 4.5, 8.5], "rotation": 90, "texture": "#0"},
				"up": {"uv": [8, 8.5, 4.5, 3.5], "texture": "#0"},
				"down": {"uv": [4.5, 3.5, 8, 8.5], "texture": "#0"}
			}
		},
		{
			"name": "Lance",
			"from": [5.5, 1.5, 14],
			"to": [10.5, 6.5, 21],
			"rotation": {"angle": 0, "axis": "z", "origin": [8, 4, 16.75]},
			"faces": {
				"east": {"uv": [2, 6, 4.5, 2.5], "rotation": 90, "texture": "#0"},
				"south": {"uv": [2, 0, 4.5, 2.5], "texture": "#0"},
				"west": {"uv": [4.5, 2.5, 2, 6], "rotation": 90, "texture": "#0"},
				"up": {"uv": [4.5, 6, 2, 2.5], "texture": "#0"},
				"down": {"uv": [2, 2.5, 4.5, 6], "texture": "#0"}
			}
		},
		{
			"name": "Lance",
			"from": [6.5, 2.5, 21],
			"to": [9.5, 5.5, 26],
			"rotation": {"angle": 0, "axis": "z", "origin": [7, 5, 23.75]},
			"faces": {
				"east": {"uv": [0.5, 4, 2, 1.5], "rotation": 90, "texture": "#0"},
				"south": {"uv": [0.5, 0, 2, 1.5], "texture": "#0"},
				"west": {"uv": [2, 1.5, 0.5, 4], "rotation": 90, "texture": "#0"},
				"up": {"uv": [2, 4, 0.5, 1.5], "texture": "#0"},
				"down": {"uv": [0.5, 1.5, 2, 4], "texture": "#0"}
			}
		},
		{
			"name": "Lance",
			"from": [7.5, 3.5, 26],
			"to": [8.5, 4.5, 31],
			"rotation": {"angle": 0, "axis": "z", "origin": [6, 6, 28.75]},
			"faces": {
				"east": {"uv": [0.5, 3, 0, 0.5], "rotation": 90, "texture": "#0"},
				"south": {"uv": [0.5, 0.5, 0, 0], "texture": "#0"},
				"west": {"uv": [0.5, 0.5, 0, 3], "rotation": 90, "texture": "#0"},
				"up": {"uv": [0.5, 3, 0, 0.5], "texture": "#0"},
				"down": {"uv": [0.5, 0.5, 0, 3], "texture": "#0"}
			}
		},
		{
			"name": "Lance inverted",
			"from": [8.499, 4.499, 30.999],
			"to": [7.501, 3.501, 26.001],
			"rotation": {"angle": 0, "axis": "z", "origin": [6, 6, 28.75]},
			"faces": {
				"east": {"uv": [8, 0, 8.5, 0.5], "rotation": 90, "texture": "#0"},
				"west": {"uv": [8, 0, 8.5, 0.5], "rotation": 90, "texture": "#0"},
				"up": {"uv": [8, 0, 8.5, 0.5], "rotation": 90, "texture": "#0"},
				"down": {"uv": [8, 0, 8.5, 0.5], "rotation": 90, "texture": "#0"}
			}
		},
		{
			"name": "Lance inverted",
			"from": [9.499, 5.499, 25.999],
			"to": [6.501, 2.501, 21.001],
			"rotation": {"angle": 0, "axis": "z", "origin": [7, 5, 23.75]},
			"faces": {
				"east": {"uv": [8, 0, 8.5, 0.5], "rotation": 90, "texture": "#0"},
				"west": {"uv": [8, 0, 8.5, 0.5], "rotation": 90, "texture": "#0"},
				"up": {"uv": [8, 0, 8.5, 0.5], "rotation": 90, "texture": "#0"},
				"down": {"uv": [8, 0, 8.5, 0.5], "rotation": 90, "texture": "#0"}
			}
		},
		{
			"name": "Lance inverted",
			"from": [10.499, 6.499, 20.999],
			"to": [5.501, 1.501, 14.001],
			"rotation": {"angle": 0, "axis": "z", "origin": [8, 4, 16.75]},
			"faces": {
				"east": {"uv": [8, 0, 8.5, 0.5], "rotation": 90, "texture": "#0"},
				"west": {"uv": [8, 0, 8.5, 0.5], "rotation": 90, "texture": "#0"},
				"up": {"uv": [8, 0, 8.5, 0.5], "rotation": 90, "texture": "#0"},
				"down": {"uv": [8, 0, 8.5, 0.5], "rotation": 90, "texture": "#0"}
			}
		},
		{
			"name": "Lance inverted",
			"from": [11.499, 7.499, 13.999],
			"to": [4.501, 0.501, 4.001],
			"rotation": {"angle": 0, "axis": "z", "origin": [9, 3, 6.75]},
			"faces": {
				"east": {"uv": [8, 0, 8.5, 0.5], "rotation": 90, "texture": "#0"},
				"west": {"uv": [8, 0, 8.5, 0.5], "rotation": 90, "texture": "#0"},
				"up": {"uv": [8, 0, 8.5, 0.5], "rotation": 90, "texture": "#0"},
				"down": {"uv": [8, 0, 8.5, 0.5], "rotation": 90, "texture": "#0"}
			}
		},
		{
			"name": "Handle",
			"from": [7, 3, 0],
			"to": [9, 5, 4],
			"rotation": {"angle": 0, "axis": "z", "origin": [6.5, 5.5, 2.75]},
			"faces": {
				"east": {"uv": [1, 6.5, 0, 4.5], "rotation": 90, "texture": "#0"},
				"west": {"uv": [0, 4.5, 1, 6.5], "rotation": 90, "texture": "#0"},
				"up": {"uv": [0, 6.5, 1, 4.5], "texture": "#0"},
				"down": {"uv": [1, 4.5, 0, 6.5], "texture": "#0"}
			}
		},
		{
			"name": "Handle inverted",
			"from": [9, 5, 4],
			"to": [7, 3, 0],
			"rotation": {"angle": 0, "axis": "y", "origin": [6.5, 5.5, 2.75]},
			"faces": {
				"east": {"uv": [1.5, 4.5, 1, 5], "rotation": 90, "texture": "#0"},
				"west": {"uv": [1, 5, 1.5, 4.5], "rotation": 90, "texture": "#0"},
				"up": {"uv": [1, 4.5, 1.5, 5], "texture": "#0"},
				"down": {"uv": [1.5, 5, 1, 4.5], "texture": "#0"}
			}
		},
		{
			"name": "GUI",
			"from": [6, 2, 6],
			"to": [10, 6, 6],
			"rotation": {"angle": 0, "axis": "z", "origin": [8, 4, 11.75]},
			"faces": {
				"north": {"uv": [8, 8, 16, 16], "texture": "#0"}
			}
		},
		{
			"name": "Mesh",
			"from": [7.25, 3, 0],
			"to": [7.25, 5, 1],
			"rotation": {"angle": 0, "axis": "z", "origin": [8, 4, 0.5]},
			"faces": {
				"east": {"uv": [1, 5.5, 1.5, 4.5], "rotation": 90, "texture": "#0"},
				"west": {"uv": [1, 5.5, 1.5, 4.5], "rotation": 90, "texture": "#0"}
			}
		},
		{
			"name": "Mesh",
			"from": [7.5, 3, 0],
			"to": [7.5, 5, 1],
			"rotation": {"angle": 0, "axis": "z", "origin": [8, 4, 0.5]},
			"faces": {
				"east": {"uv": [1, 5.5, 1.5, 4.5], "rotation": 90, "texture": "#0"},
				"west": {"uv": [1, 5.5, 1.5, 4.5], "rotation": 90, "texture": "#0"}
			}
		},
		{
			"name": "Mesh",
			"from": [7.75, 3, 0],
			"to": [7.75, 5, 1],
			"rotation": {"angle": 0, "axis": "z", "origin": [8, 4, 0.5]},
			"faces": {
				"east": {"uv": [1, 5.5, 1.5, 4.5], "rotation": 90, "texture": "#0"},
				"west": {"uv": [1, 5.5, 1.5, 4.5], "rotation": 90, "texture": "#0"}
			}
		},
		{
			"name": "Mesh",
			"from": [8, 3, 0],
			"to": [8, 5, 1],
			"rotation": {"angle": 0, "axis": "z", "origin": [8, 4, 0.5]},
			"faces": {
				"east": {"uv": [1, 5.5, 1.5, 4.5], "rotation": 90, "texture": "#0"},
				"west": {"uv": [1, 5.5, 1.5, 4.5], "rotation": 90, "texture": "#0"}
			}
		},
		{
			"name": "Mesh",
			"from": [8.25, 3, 0],
			"to": [8.25, 5, 1],
			"rotation": {"angle": 0, "axis": "z", "origin": [8, 4, 0.5]},
			"faces": {
				"east": {"uv": [1, 5.5, 1.5, 4.5], "rotation": 90, "texture": "#0"},
				"west": {"uv": [1, 5.5, 1.5, 4.5], "rotation": 90, "texture": "#0"}
			}
		},
		{
			"name": "Mesh",
			"from": [8.5, 3, 0],
			"to": [8.5, 5, 1],
			"rotation": {"angle": 0, "axis": "z", "origin": [8, 4, 0.5]},
			"faces": {
				"east": {"uv": [1, 5.5, 1.5, 4.5], "rotation": 90, "texture": "#0"},
				"west": {"uv": [1, 5.5, 1.5, 4.5], "rotation": 90, "texture": "#0"}
			}
		},
		{
			"name": "Mesh",
			"from": [8.75, 3, 0],
			"to": [8.75, 5, 1],
			"rotation": {"angle": 0, "axis": "z", "origin": [8, 4, 0.5]},
			"faces": {
				"east": {"uv": [1, 5.5, 1.5, 4.5], "rotation": 90, "texture": "#0"},
				"west": {"uv": [1, 5.5, 1.5, 4.5], "rotation": 90, "texture": "#0"}
			}
		},
		{
			"name": "Mesh",
			"from": [7, 3.25, 0],
			"to": [9, 3.25, 1],
			"rotation": {"angle": 0, "axis": "z", "origin": [8, 4, 0.5]},
			"faces": {
				"up": {"uv": [1.5, 4.5, 1, 5.5], "rotation": 180, "texture": "#0"},
				"down": {"uv": [1.5, 4.5, 1, 5.5], "rotation": 180, "texture": "#0"}
			}
		},
		{
			"name": "Mesh",
			"from": [7, 3.5, 0],
			"to": [9, 3.5, 1],
			"rotation": {"angle": 0, "axis": "z", "origin": [8, 4, 0.5]},
			"faces": {
				"up": {"uv": [1.5, 4.5, 1, 5.5], "rotation": 180, "texture": "#0"},
				"down": {"uv": [1.5, 4.5, 1, 5.5], "rotation": 180, "texture": "#0"}
			}
		},
		{
			"name": "Mesh",
			"from": [7, 3.75, 0],
			"to": [9, 3.75, 1],
			"rotation": {"angle": 0, "axis": "z", "origin": [8, 4, 0.5]},
			"faces": {
				"up": {"uv": [1.5, 4.5, 1, 5.5], "rotation": 180, "texture": "#0"},
				"down": {"uv": [1.5, 4.5, 1, 5.5], "rotation": 180, "texture": "#0"}
			}
		},
		{
			"name": "Mesh",
			"from": [7, 4, 0],
			"to": [9, 4, 1],
			"rotation": {"angle": 0, "axis": "z", "origin": [8, 4, 0.5]},
			"faces": {
				"up": {"uv": [1.5, 4.5, 1, 5.5], "rotation": 180, "texture": "#0"},
				"down": {"uv": [1.5, 4.5, 1, 5.5], "rotation": 180, "texture": "#0"}
			}
		},
		{
			"name": "Mesh",
			"from": [7, 4.25, 0],
			"to": [9, 4.25, 1],
			"rotation": {"angle": 0, "axis": "z", "origin": [8, 4, 0.5]},
			"faces": {
				"up": {"uv": [1.5, 4.5, 1, 5.5], "rotation": 180, "texture": "#0"},
				"down": {"uv": [1.5, 4.5, 1, 5.5], "rotation": 180, "texture": "#0"}
			}
		},
		{
			"name": "Mesh",
			"from": [7, 4.5, 0],
			"to": [9, 4.5, 1],
			"rotation": {"angle": 0, "axis": "z", "origin": [8, 4, 0.5]},
			"faces": {
				"up": {"uv": [1.5, 4.5, 1, 5.5], "rotation": 180, "texture": "#0"},
				"down": {"uv": [1.5, 4.5, 1, 5.5], "rotation": 180, "texture": "#0"}
			}
		},
		{
			"name": "Mesh",
			"from": [7, 4.75, 0],
			"to": [9, 4.75, 1],
			"rotation": {"angle": 0, "axis": "z", "origin": [8, 4, 0.5]},
			"faces": {
				"up": {"uv": [1.5, 4.5, 1, 5.5], "rotation": 180, "texture": "#0"},
				"down": {"uv": [1.5, 4.5, 1, 5.5], "rotation": 180, "texture": "#0"}
			}
		},
		{
			"name": "Mesh",
			"from": [4.75, 0.5, 4],
			"to": [4.75, 7.5, 5],
			"rotation": {"angle": 0, "axis": "z", "origin": [8, 4, 4.5]},
			"faces": {
				"east": {"uv": [8, 3.5, 8.5, 0], "rotation": 90, "texture": "#0"},
				"west": {"uv": [8, 3.5, 8.5, 0], "rotation": 90, "texture": "#0"}
			}
		},
		{
			"name": "Mesh",
			"from": [5, 0.5, 4],
			"to": [5, 7.5, 5],
			"rotation": {"angle": 0, "axis": "z", "origin": [8, 4, 4.5]},
			"faces": {
				"east": {"uv": [8, 3.5, 8.5, 0], "rotation": 90, "texture": "#0"},
				"west": {"uv": [8, 3.5, 8.5, 0], "rotation": 90, "texture": "#0"}
			}
		},
		{
			"name": "Mesh",
			"from": [5.5, 0.5, 4],
			"to": [5.5, 7.5, 5],
			"rotation": {"angle": 0, "axis": "z", "origin": [8, 4, 4.5]},
			"faces": {
				"east": {"uv": [8, 3.5, 8.5, 0], "rotation": 90, "texture": "#0"},
				"west": {"uv": [8, 3.5, 8.5, 0], "rotation": 90, "texture": "#0"}
			}
		},
		{
			"name": "Mesh",
			"from": [5.25, 0.5, 4],
			"to": [5.25, 7.5, 5],
			"rotation": {"angle": 0, "axis": "z", "origin": [8, 4, 4.5]},
			"faces": {
				"east": {"uv": [8, 3.5, 8.5, 0], "rotation": 90, "texture": "#0"},
				"west": {"uv": [8, 3.5, 8.5, 0], "rotation": 90, "texture": "#0"}
			}
		},
		{
			"name": "Mesh",
			"from": [6.5, 0.5, 4],
			"to": [6.5, 7.5, 5],
			"rotation": {"angle": 0, "axis": "z", "origin": [8, 4, 4.5]},
			"faces": {
				"east": {"uv": [8, 3.5, 8.5, 0], "rotation": 90, "texture": "#0"},
				"west": {"uv": [8, 3.5, 8.5, 0], "rotation": 90, "texture": "#0"}
			}
		},
		{
			"name": "Mesh",
			"from": [6.25, 0.5, 4],
			"to": [6.25, 7.5, 5],
			"rotation": {"angle": 0, "axis": "z", "origin": [8, 4, 4.5]},
			"faces": {
				"east": {"uv": [8, 3.5, 8.5, 0], "rotation": 90, "texture": "#0"},
				"west": {"uv": [8, 3.5, 8.5, 0], "rotation": 90, "texture": "#0"}
			}
		},
		{
			"name": "Mesh",
			"from": [5.75, 0.5, 4],
			"to": [5.75, 7.5, 5],
			"rotation": {"angle": 0, "axis": "z", "origin": [8, 4, 4.5]},
			"faces": {
				"east": {"uv": [8, 3.5, 8.5, 0], "rotation": 90, "texture": "#0"},
				"west": {"uv": [8, 3.5, 8.5, 0], "rotation": 90, "texture": "#0"}
			}
		},
		{
			"name": "Mesh",
			"from": [6, 0.5, 4],
			"to": [6, 7.5, 5],
			"rotation": {"angle": 0, "axis": "z", "origin": [8, 4, 4.5]},
			"faces": {
				"east": {"uv": [8, 3.5, 8.5, 0], "rotation": 90, "texture": "#0"},
				"west": {"uv": [8, 3.5, 8.5, 0], "rotation": 90, "texture": "#0"}
			}
		},
		{
			"name": "Mesh",
			"from": [7.5, 0.5, 4],
			"to": [7.5, 7.5, 5],
			"rotation": {"angle": 0, "axis": "z", "origin": [8, 4, 4.5]},
			"faces": {
				"east": {"uv": [8, 3.5, 8.5, 0], "rotation": 90, "texture": "#0"},
				"west": {"uv": [8, 3.5, 8.5, 0], "rotation": 90, "texture": "#0"}
			}
		},
		{
			"name": "Mesh",
			"from": [7.25, 0.5, 4],
			"to": [7.25, 7.5, 5],
			"rotation": {"angle": 0, "axis": "z", "origin": [8, 4, 4.5]},
			"faces": {
				"east": {"uv": [8, 3.5, 8.5, 0], "rotation": 90, "texture": "#0"},
				"west": {"uv": [8, 3.5, 8.5, 0], "rotation": 90, "texture": "#0"}
			}
		},
		{
			"name": "Mesh",
			"from": [6.75, 0.5, 4],
			"to": [6.75, 7.5, 5],
			"rotation": {"angle": 0, "axis": "z", "origin": [8, 4, 4.5]},
			"faces": {
				"east": {"uv": [8, 3.5, 8.5, 0], "rotation": 90, "texture": "#0"},
				"west": {"uv": [8, 3.5, 8.5, 0], "rotation": 90, "texture": "#0"}
			}
		},
		{
			"name": "Mesh",
			"from": [7, 0.5, 4],
			"to": [7, 7.5, 5],
			"rotation": {"angle": 0, "axis": "z", "origin": [8, 4, 4.5]},
			"faces": {
				"east": {"uv": [8, 3.5, 8.5, 0], "rotation": 90, "texture": "#0"},
				"west": {"uv": [8, 3.5, 8.5, 0], "rotation": 90, "texture": "#0"}
			}
		},
		{
			"name": "Mesh",
			"from": [8.5, 0.5, 4],
			"to": [8.5, 7.5, 5],
			"rotation": {"angle": 0, "axis": "z", "origin": [8, 4, 4.5]},
			"faces": {
				"east": {"uv": [8, 3.5, 8.5, 0], "rotation": 90, "texture": "#0"},
				"west": {"uv": [8, 3.5, 8.5, 0], "rotation": 90, "texture": "#0"}
			}
		},
		{
			"name": "Mesh",
			"from": [8.25, 0.5, 4],
			"to": [8.25, 7.5, 5],
			"rotation": {"angle": 0, "axis": "z", "origin": [8, 4, 4.5]},
			"faces": {
				"east": {"uv": [8, 3.5, 8.5, 0], "rotation": 90, "texture": "#0"},
				"west": {"uv": [8, 3.5, 8.5, 0], "rotation": 90, "texture": "#0"}
			}
		},
		{
			"name": "Mesh",
			"from": [7.75, 0.5, 4],
			"to": [7.75, 7.5, 5],
			"rotation": {"angle": 0, "axis": "z", "origin": [8, 4, 4.5]},
			"faces": {
				"east": {"uv": [8, 3.5, 8.5, 0], "rotation": 90, "texture": "#0"},
				"west": {"uv": [8, 3.5, 8.5, 0], "rotation": 90, "texture": "#0"}
			}
		},
		{
			"name": "Mesh",
			"from": [8, 0.5, 4],
			"to": [8, 7.5, 5],
			"rotation": {"angle": 0, "axis": "z", "origin": [8, 4, 4.5]},
			"faces": {
				"east": {"uv": [8, 3.5, 8.5, 0], "rotation": 90, "texture": "#0"},
				"west": {"uv": [8, 3.5, 8.5, 0], "rotation": 90, "texture": "#0"}
			}
		},
		{
			"name": "Mesh",
			"from": [9.5, 0.5, 4],
			"to": [9.5, 7.5, 5],
			"rotation": {"angle": 0, "axis": "z", "origin": [8, 4, 4.5]},
			"faces": {
				"east": {"uv": [8, 3.5, 8.5, 0], "rotation": 90, "texture": "#0"},
				"west": {"uv": [8, 3.5, 8.5, 0], "rotation": 90, "texture": "#0"}
			}
		},
		{
			"name": "Mesh",
			"from": [9.25, 0.5, 4],
			"to": [9.25, 7.5, 5],
			"rotation": {"angle": 0, "axis": "z", "origin": [8, 4, 4.5]},
			"faces": {
				"east": {"uv": [8, 3.5, 8.5, 0], "rotation": 90, "texture": "#0"},
				"west": {"uv": [8, 3.5, 8.5, 0], "rotation": 90, "texture": "#0"}
			}
		},
		{
			"name": "Mesh",
			"from": [8.75, 0.5, 4],
			"to": [8.75, 7.5, 5],
			"rotation": {"angle": 0, "axis": "z", "origin": [8, 4, 4.5]},
			"faces": {
				"east": {"uv": [8, 3.5, 8.5, 0], "rotation": 90, "texture": "#0"},
				"west": {"uv": [8, 3.5, 8.5, 0], "rotation": 90, "texture": "#0"}
			}
		},
		{
			"name": "Mesh",
			"from": [9, 0.5, 4],
			"to": [9, 7.5, 5],
			"rotation": {"angle": 0, "axis": "z", "origin": [8, 4, 4.5]},
			"faces": {
				"east": {"uv": [8, 3.5, 8.5, 0], "rotation": 90, "texture": "#0"},
				"west": {"uv": [8, 3.5, 8.5, 0], "rotation": 90, "texture": "#0"}
			}
		},
		{
			"name": "Mesh",
			"from": [10.5, 0.5, 4],
			"to": [10.5, 7.5, 5],
			"rotation": {"angle": 0, "axis": "z", "origin": [8, 4, 4.5]},
			"faces": {
				"east": {"uv": [8, 3.5, 8.5, 0], "rotation": 90, "texture": "#0"},
				"west": {"uv": [8, 3.5, 8.5, 0], "rotation": 90, "texture": "#0"}
			}
		},
		{
			"name": "Mesh",
			"from": [10.25, 0.5, 4],
			"to": [10.25, 7.5, 5],
			"rotation": {"angle": 0, "axis": "z", "origin": [8, 4, 4.5]},
			"faces": {
				"east": {"uv": [8, 3.5, 8.5, 0], "rotation": 90, "texture": "#0"},
				"west": {"uv": [8, 3.5, 8.5, 0], "rotation": 90, "texture": "#0"}
			}
		},
		{
			"name": "Mesh",
			"from": [9.75, 0.5, 4],
			"to": [9.75, 7.5, 5],
			"rotation": {"angle": 0, "axis": "z", "origin": [8, 4, 4.5]},
			"faces": {
				"east": {"uv": [8, 3.5, 8.5, 0], "rotation": 90, "texture": "#0"},
				"west": {"uv": [8, 3.5, 8.5, 0], "rotation": 90, "texture": "#0"}
			}
		},
		{
			"name": "Mesh",
			"from": [10, 0.5, 4],
			"to": [10, 7.5, 5],
			"rotation": {"angle": 0, "axis": "z", "origin": [8, 4, 4.5]},
			"faces": {
				"east": {"uv": [8, 3.5, 8.5, 0], "rotation": 90, "texture": "#0"},
				"west": {"uv": [8, 3.5, 8.5, 0], "rotation": 90, "texture": "#0"}
			}
		},
		{
			"name": "Mesh",
			"from": [11.25, 0.5, 4],
			"to": [11.25, 7.5, 5],
			"rotation": {"angle": 0, "axis": "z", "origin": [8, 4, 4.5]},
			"faces": {
				"east": {"uv": [8, 3.5, 8.5, 0], "rotation": 90, "texture": "#0"},
				"west": {"uv": [8, 3.5, 8.5, 0], "rotation": 90, "texture": "#0"}
			}
		},
		{
			"name": "Mesh",
			"from": [10.75, 0.5, 4],
			"to": [10.75, 7.5, 5],
			"rotation": {"angle": 0, "axis": "z", "origin": [8, 4, 4.5]},
			"faces": {
				"east": {"uv": [8, 3.5, 8.5, 0], "rotation": 90, "texture": "#0"},
				"west": {"uv": [8, 3.5, 8.5, 0], "rotation": 90, "texture": "#0"}
			}
		},
		{
			"name": "Mesh",
			"from": [11, 0.5, 4],
			"to": [11, 7.5, 5],
			"rotation": {"angle": 0, "axis": "z", "origin": [8, 4, 4.5]},
			"faces": {
				"east": {"uv": [8, 3.5, 8.5, 0], "rotation": 90, "texture": "#0"},
				"west": {"uv": [8, 3.5, 8.5, 0], "rotation": 90, "texture": "#0"}
			}
		},
		{
			"name": "Mesh",
			"from": [4.5, 0.75, 4],
			"to": [11.5, 0.75, 5],
			"rotation": {"angle": 0, "axis": "z", "origin": [8, 4, 4.5]},
			"faces": {
				"up": {"uv": [8.5, 0, 8, 3.5], "rotation": 180, "texture": "#0"},
				"down": {"uv": [8.5, 0, 8, 3.5], "rotation": 180, "texture": "#0"}
			}
		},
		{
			"name": "Mesh",
			"from": [4.5, 1, 4],
			"to": [11.5, 1, 5],
			"rotation": {"angle": 0, "axis": "z", "origin": [8, 4, 4.5]},
			"faces": {
				"up": {"uv": [8.5, 0, 8, 3.5], "rotation": 180, "texture": "#0"},
				"down": {"uv": [8.5, 0, 8, 3.5], "rotation": 180, "texture": "#0"}
			}
		},
		{
			"name": "Mesh",
			"from": [4.5, 1.5, 4],
			"to": [11.5, 1.5, 5],
			"rotation": {"angle": 0, "axis": "z", "origin": [8, 4, 4.5]},
			"faces": {
				"up": {"uv": [8.5, 0, 8, 3.5], "rotation": 180, "texture": "#0"},
				"down": {"uv": [8.5, 0, 8, 3.5], "rotation": 180, "texture": "#0"}
			}
		},
		{
			"name": "Mesh",
			"from": [4.5, 1.25, 4],
			"to": [11.5, 1.25, 5],
			"rotation": {"angle": 0, "axis": "z", "origin": [8, 4, 4.5]},
			"faces": {
				"up": {"uv": [8.5, 0, 8, 3.5], "rotation": 180, "texture": "#0"},
				"down": {"uv": [8.5, 0, 8, 3.5], "rotation": 180, "texture": "#0"}
			}
		},
		{
			"name": "Mesh",
			"from": [4.5, 2.5, 4],
			"to": [11.5, 2.5, 5],
			"rotation": {"angle": 0, "axis": "z", "origin": [8, 4, 4.5]},
			"faces": {
				"up": {"uv": [8.5, 0, 8, 3.5], "rotation": 180, "texture": "#0"},
				"down": {"uv": [8.5, 0, 8, 3.5], "rotation": 180, "texture": "#0"}
			}
		},
		{
			"name": "Mesh",
			"from": [4.5, 2.25, 4],
			"to": [11.5, 2.25, 5],
			"rotation": {"angle": 0, "axis": "z", "origin": [8, 4, 4.5]},
			"faces": {
				"up": {"uv": [8.5, 0, 8, 3.5], "rotation": 180, "texture": "#0"},
				"down": {"uv": [8.5, 0, 8, 3.5], "rotation": 180, "texture": "#0"}
			}
		},
		{
			"name": "Mesh",
			"from": [4.5, 1.75, 4],
			"to": [11.5, 1.75, 5],
			"rotation": {"angle": 0, "axis": "z", "origin": [8, 4, 4.5]},
			"faces": {
				"up": {"uv": [8.5, 0, 8, 3.5], "rotation": 180, "texture": "#0"},
				"down": {"uv": [8.5, 0, 8, 3.5], "rotation": 180, "texture": "#0"}
			}
		},
		{
			"name": "Mesh",
			"from": [4.5, 2, 4],
			"to": [11.5, 2, 5],
			"rotation": {"angle": 0, "axis": "z", "origin": [8, 4, 4.5]},
			"faces": {
				"up": {"uv": [8.5, 0, 8, 3.5], "rotation": 180, "texture": "#0"},
				"down": {"uv": [8.5, 0, 8, 3.5], "rotation": 180, "texture": "#0"}
			}
		},
		{
			"name": "Mesh",
			"from": [4.5, 3.5, 4],
			"to": [11.5, 3.5, 5],
			"rotation": {"angle": 0, "axis": "z", "origin": [8, 4, 4.5]},
			"faces": {
				"up": {"uv": [8.5, 0, 8, 3.5], "rotation": 180, "texture": "#0"},
				"down": {"uv": [8.5, 0, 8, 3.5], "rotation": 180, "texture": "#0"}
			}
		},
		{
			"name": "Mesh",
			"from": [4.5, 3.25, 4],
			"to": [11.5, 3.25, 5],
			"rotation": {"angle": 0, "axis": "z", "origin": [8, 4, 4.5]},
			"faces": {
				"up": {"uv": [8.5, 0, 8, 3.5], "rotation": 180, "texture": "#0"},
				"down": {"uv": [8.5, 0, 8, 3.5], "rotation": 180, "texture": "#0"}
			}
		},
		{
			"name": "Mesh",
			"from": [4.5, 2.75, 4],
			"to": [11.5, 2.75, 5],
			"rotation": {"angle": 0, "axis": "z", "origin": [8, 4, 4.5]},
			"faces": {
				"up": {"uv": [8.5, 0, 8, 3.5], "rotation": 180, "texture": "#0"},
				"down": {"uv": [8.5, 0, 8, 3.5], "rotation": 180, "texture": "#0"}
			}
		},
		{
			"name": "Mesh",
			"from": [4.5, 3, 4],
			"to": [11.5, 3, 5],
			"rotation": {"angle": 0, "axis": "z", "origin": [8, 4, 4.5]},
			"faces": {
				"up": {"uv": [8.5, 0, 8, 3.5], "rotation": 180, "texture": "#0"},
				"down": {"uv": [8.5, 0, 8, 3.5], "rotation": 180, "texture": "#0"}
			}
		},
		{
			"name": "Mesh",
			"from": [4.5, 4.5, 4],
			"to": [11.5, 4.5, 5],
			"rotation": {"angle": 0, "axis": "z", "origin": [8, 4, 4.5]},
			"faces": {
				"up": {"uv": [8.5, 0, 8, 3.5], "rotation": 180, "texture": "#0"},
				"down": {"uv": [8.5, 0, 8, 3.5], "rotation": 180, "texture": "#0"}
			}
		},
		{
			"name": "Mesh",
			"from": [4.5, 4.25, 4],
			"to": [11.5, 4.25, 5],
			"rotation": {"angle": 0, "axis": "z", "origin": [8, 4, 4.5]},
			"faces": {
				"up": {"uv": [8.5, 0, 8, 3.5], "rotation": 180, "texture": "#0"},
				"down": {"uv": [8.5, 0, 8, 3.5], "rotation": 180, "texture": "#0"}
			}
		},
		{
			"name": "Mesh",
			"from": [4.5, 3.75, 4],
			"to": [11.5, 3.75, 5],
			"rotation": {"angle": 0, "axis": "z", "origin": [8, 4, 4.5]},
			"faces": {
				"up": {"uv": [8.5, 0, 8, 3.5], "rotation": 180, "texture": "#0"},
				"down": {"uv": [8.5, 0, 8, 3.5], "rotation": 180, "texture": "#0"}
			}
		},
		{
			"name": "Mesh",
			"from": [4.5, 4, 4],
			"to": [11.5, 4, 5],
			"rotation": {"angle": 0, "axis": "z", "origin": [8, 4, 4.5]},
			"faces": {
				"up": {"uv": [8.5, 0, 8, 3.5], "rotation": 180, "texture": "#0"},
				"down": {"uv": [8.5, 0, 8, 3.5], "rotation": 180, "texture": "#0"}
			}
		},
		{
			"name": "Mesh",
			"from": [4.5, 5.5, 4],
			"to": [11.5, 5.5, 5],
			"rotation": {"angle": 0, "axis": "z", "origin": [8, 4, 4.5]},
			"faces": {
				"up": {"uv": [8.5, 0, 8, 3.5], "rotation": 180, "texture": "#0"},
				"down": {"uv": [8.5, 0, 8, 3.5], "rotation": 180, "texture": "#0"}
			}
		},
		{
			"name": "Mesh",
			"from": [4.5, 5.25, 4],
			"to": [11.5, 5.25, 5],
			"rotation": {"angle": 0, "axis": "z", "origin": [8, 4, 4.5]},
			"faces": {
				"up": {"uv": [8.5, 0, 8, 3.5], "rotation": 180, "texture": "#0"},
				"down": {"uv": [8.5, 0, 8, 3.5], "rotation": 180, "texture": "#0"}
			}
		},
		{
			"name": "Mesh",
			"from": [4.5, 4.75, 4],
			"to": [11.5, 4.75, 5],
			"rotation": {"angle": 0, "axis": "z", "origin": [8, 4, 4.5]},
			"faces": {
				"up": {"uv": [8.5, 0, 8, 3.5], "rotation": 180, "texture": "#0"},
				"down": {"uv": [8.5, 0, 8, 3.5], "rotation": 180, "texture": "#0"}
			}
		},
		{
			"name": "Mesh",
			"from": [4.5, 5, 4],
			"to": [11.5, 5, 5],
			"rotation": {"angle": 0, "axis": "z", "origin": [8, 4, 4.5]},
			"faces": {
				"up": {"uv": [8.5, 0, 8, 3.5], "rotation": 180, "texture": "#0"},
				"down": {"uv": [8.5, 0, 8, 3.5], "rotation": 180, "texture": "#0"}
			}
		},
		{
			"name": "Mesh",
			"from": [4.5, 6.5, 4],
			"to": [11.5, 6.5, 5],
			"rotation": {"angle": 0, "axis": "z", "origin": [8, 4, 4.5]},
			"faces": {
				"up": {"uv": [8.5, 0, 8, 3.5], "rotation": 180, "texture": "#0"},
				"down": {"uv": [8.5, 0, 8, 3.5], "rotation": 180, "texture": "#0"}
			}
		},
		{
			"name": "Mesh",
			"from": [4.5, 6.25, 4],
			"to": [11.5, 6.25, 5],
			"rotation": {"angle": 0, "axis": "z", "origin": [8, 4, 4.5]},
			"faces": {
				"up": {"uv": [8.5, 0, 8, 3.5], "rotation": 180, "texture": "#0"},
				"down": {"uv": [8.5, 0, 8, 3.5], "rotation": 180, "texture": "#0"}
			}
		},
		{
			"name": "Mesh",
			"from": [4.5, 5.75, 4],
			"to": [11.5, 5.75, 5],
			"rotation": {"angle": 0, "axis": "z", "origin": [8, 4, 4.5]},
			"faces": {
				"up": {"uv": [8.5, 0, 8, 3.5], "rotation": 180, "texture": "#0"},
				"down": {"uv": [8.5, 0, 8, 3.5], "rotation": 180, "texture": "#0"}
			}
		},
		{
			"name": "Mesh",
			"from": [4.5, 6, 4],
			"to": [11.5, 6, 5],
			"rotation": {"angle": 0, "axis": "z", "origin": [8, 4, 4.5]},
			"faces": {
				"up": {"uv": [8.5, 0, 8, 3.5], "rotation": 180, "texture": "#0"},
				"down": {"uv": [8.5, 0, 8, 3.5], "rotation": 180, "texture": "#0"}
			}
		},
		{
			"name": "Mesh",
			"from": [4.5, 7.25, 4],
			"to": [11.5, 7.25, 5],
			"rotation": {"angle": 0, "axis": "z", "origin": [8, 4, 4.5]},
			"faces": {
				"up": {"uv": [8.5, 0, 8, 3.5], "rotation": 180, "texture": "#0"},
				"down": {"uv": [8.5, 0, 8, 3.5], "rotation": 180, "texture": "#0"}
			}
		},
		{
			"name": "Mesh",
			"from": [4.5, 6.75, 4],
			"to": [11.5, 6.75, 5],
			"rotation": {"angle": 0, "axis": "z", "origin": [8, 4, 4.5]},
			"faces": {
				"up": {"uv": [8.5, 0, 8, 3.5], "rotation": 180, "texture": "#0"},
				"down": {"uv": [8.5, 0, 8, 3.5], "rotation": 180, "texture": "#0"}
			}
		},
		{
			"name": "Mesh",
			"from": [4.5, 7, 4],
			"to": [11.5, 7, 5],
			"rotation": {"angle": 0, "axis": "z", "origin": [8, 4, 4.5]},
			"faces": {
				"up": {"uv": [8.5, 0, 8, 3.5], "rotation": 180, "texture": "#0"},
				"down": {"uv": [8.5, 0, 8, 3.5], "rotation": 180, "texture": "#0"}
			}
		}
	],
	"gui_light": "front",
	"display": {
		"thirdperson_righthand": {
			"rotation": [-90, 0, 0],
			"translation": [0, 4.25, -1.75],
			"scale": [0.85, 0.85, 0.85]
		},
		"thirdperson_lefthand": {
			"rotation": [-90, 0, 0],
			"translation": [0, 4.25, -1.75],
			"scale": [0.85, 0.85, 0.85]
		},
		"firstperson_righthand": {
			"rotation": [-100, 5, 0],
			"translation": [0.25, 2.75, 0.5],
			"scale": [0.45, 0.45, 0.45]
		},
		"firstperson_lefthand": {
			"rotation": [-100, 5, 0],
			"translation": [0.25, 2.75, 0.5],
			"scale": [0.45, 0.45, 0.45]
		},
		"ground": {
			"rotation": [-90, 45, -90],
			"translation": [2, 0, 0]
		},
		"gui": {
			"rotation": [180, 0, 180],
			"translation": [0, 16, 0],
			"scale": [4, 4, 1]
		},
		"fixed": {
			"rotation": [-90, 45, -90],
			"translation": [-2.5, -11, 0],
			"scale": [1.5, 1.5, 1.5]
		}
	},
	"groups": [
		0,
		1,
		2,
		3,
		4,
		5,
		6,
		7,
		8,
		9,
		10,
		{
			"name": "MeshHandle",
			"origin": [8, 4, 4.5],
			"color": 0,
			"children": [
				{
					"name": "MeshVertical",
					"origin": [8, 4, 4.5],
					"color": 0,
					"children": [11, 12, 13, 14, 15, 16, 17]
				},
				{
					"name": "MeshHorizontal",
					"origin": [8, 4, 4.5],
					"color": 0,
					"children": [18, 19, 20, 21, 22, 23, 24]
				}
			]
		},
		{
			"name": "Mesh",
			"origin": [7, 3, 6.75],
			"color": 0,
			"children": [
				{
					"name": "MeshVertical",
					"origin": [7, 3, 6.75],
					"color": 0,
					"children": [25, 26, 27, 28, 29, 30, 31, 32, 33, 34, 35, 36, 37, 38, 39, 40, 41, 42, 43, 44, 45, 46, 47, 48, 49, 50, 51]
				},
				{
					"name": "MeshHorizontal",
					"origin": [7, 3, 6.75],
					"color": 0,
					"children": [52, 53, 54, 55, 56, 57, 58, 59, 60, 61, 62, 63, 64, 65, 66, 67, 68, 69, 70, 71, 72, 73, 74, 75, 76, 77, 78]
				}
			]
		}
	]
}