{
  "type": "minecraft:generic",
  "pools": [
    {
      "rolls": 1,
      "entries": [
        {
          "type": "minecraft:item",
          "name": "minecraft:diamond_chestplate"
        }
      ],
      "functions": [
        {
          "function": "minecraft:set_name",
          "entity": "this",
          "target": "item_name",
          "name": {
            "translate": "item.valiance.tainted_armor",
            "with": [
              {
                "translate": "item.minecraft.diamond_chestplate"
              }
            ],
            "color": "gray",
            "italic": false
          }
        },
        {
          "function": "minecraft:set_lore",
          "entity": "this",
          "lore": [
            {
              "translate": "ui.valiance.title",
              "color": "#df2209",
              "italic": false
            }
          ],
          "mode": "replace_all"
        },
        {
          "function": "minecraft:set_components",
          "components": {
            "minecraft:enchantment_glint_override": true
          }
        },
        {
          "function": "minecraft:set_custom_data",
          "tag": "{valiance:{tainted:1}}"
        }
      ]
    }
  ]
}
