{
  "type": "minecraft:generic",
  "pools": [
    {
      "rolls": 1,
      "entries": [
        {
          "type": "minecraft:item",
          "name": "minecraft:cooked_mutton"
        }
      ],
      "functions": [
        {
          "function": "minecraft:set_name",
          "entity": "this",
          "target": "item_name",
          "name": {
            "translate": "item.valiance.monster_kebab",
            "italic": false
          }
        },
        {
          "function": "minecraft:set_lore",
          "entity": "this",
          "lore": [
            {
              "translate": "ui.valiance.title",
              "color": "#df2209",
              "italic": false
            }
          ],
          "mode": "replace_all"
        },
        {
          "function": "minecraft:set_components",
          "components": {
            "minecraft:custom_model_data": 4460000,
            "minecraft:food": {
              "nutrition": 8,
              "saturation": 6,
              "eat_seconds": 1.2,
              "effects": [
                {
                  "effect": {
                    "id": "minecraft:hunger",
                    "amplifier": 0,
                    "duration": 200
                  },
                  "probability": 0.5
                }
              ]
            }
          }
        },
        {
          "function": "minecraft:set_custom_data",
          "tag": "{valiance:{id:\"monster_kebab\"}}"
        }
      ]
    }
  ]
}
