{
  "type": "minecraft:generic",
  "pools": [
    {
      "rolls": 1,
      "entries": [
        {
          "type": "minecraft:item",
          "name": "minecraft:jigsaw"
        }
      ],
      "functions": [
        {
          "function": "minecraft:set_name",
          "entity": "this",
          "target": "item_name",
          "name": {
            "translate": "item.valiance.strange_amulet"
          }
        },
        {
          "function": "minecraft:set_lore",
          "entity": "this",
          "lore": [
            {
              "translate": "ui.valiance.title",
              "color": "#df2209",
              "italic": false
            },
            {
              "text": ""
            },
            {
              "translate": "item.valiance.strange_amulet.description",
              "color": "gray",
              "italic": false
            }
          ],
          "mode": "replace_all"
        },
        {
          "function": "minecraft:set_components",
          "components": {
            "minecraft:custom_model_data": 4460029,
            "minecraft:rarity": "uncommon",
            "minecraft:max_stack_size": 1
          }
        },
        {
          "function": "minecraft:set_custom_data",
          "tag": "{valiance:{id:\"strange_amulet\"}}"
        }
      ]
    }
  ]
}
