{
  "type": "minecraft:generic",
  "pools": [
    {
      "rolls": 1,
      "entries": [
        {
          "type": "minecraft:item",
          "name": "minecraft:black_banner"
        }
      ],
      "functions": [
        {
          "function": "minecraft:set_name",
          "entity": "this",
          "target": "item_name",
          "name": {
            "translate": "item.valiance.threatening_banner",
            "color": "#ff3109"
          }
        },
        {
          "function": "minecraft:set_lore",
          "entity": "this",
          "lore": [
            {
              "translate": "ui.valiance.title",
              "color": "#df2209",
              "italic": false
            }
          ],
          "mode": "replace_all"
        },
        {
          "function": "minecraft:set_custom_data",
          "tag": "{valiance:{id:\"threatening_banner\"}}"
        },
        {
          "function": "minecraft:set_components",
          "components": {
            "minecraft:hide_additional_tooltip": {}
          }
        },
        {
          "function": "minecraft:set_banner_pattern",
          "patterns": [
            {
              "pattern": "minecraft:triangles_top",
              "color": "white"
            },
            {
              "pattern": "minecraft:triangles_bottom",
              "color": "white"
            },
            {
              "pattern": "minecraft:skull",
              "color": "white"
            }
          ],
          "append": true
        }
      ]
    }
  ]
}
