{
  "type": "minecraft:generic",
  "pools": [
    {
      "rolls": 1,
      "entries": [
        {
          "type": "minecraft:item",
          "name": "minecraft:wooden_sword"
        }
      ],
      "functions": [
        {
          "function": "minecraft:set_name",
          "entity": "this",
          "target": "item_name",
          "name": {
            "translate": "item.valiance.wooden_dagger",
            "italic": false
          }
        },
        {
          "function": "minecraft:set_lore",
          "entity": "this",
          "lore": [
            {
              "translate": "ui.valiance.title",
              "color": "#df2209",
              "italic": false
            },
            {
              "text": " "
            },
            {
              "translate": "item.modifiers.mainhand",
              "color": "gray",
              "italic": false
            },
            [
              {
                "text": " 9 ",
                "color": "dark_green",
                "italic": false
              },
              {
                "translate": "attribute.name.generic.attack_damage",
                "color": "dark_green",
                "italic": false
              }
            ],
            [
              {
                "text": " 2 ",
                "color": "dark_green",
                "italic": false
              },
              {
                "translate": "attribute.name.generic.attack_speed",
                "color": "dark_green",
                "italic": false
              }
            ],
            [
              {
                "text": " -0.75 ",
                "color": "red",
                "italic": false
              },
              {
                "translate": "attribute.valiance.attack_range",
                "color": "red",
                "italic": false
              }
            ]
          ],
          "mode": "replace_all"
        },
        {
          "function": "minecraft:set_components",
          "components": {
            "minecraft:custom_model_data": 4460000
          }
        },
        {
          "function": "minecraft:set_custom_data",
          "tag": "{valiance:{id:\"wooden_dagger\",weapon_type:\"dagger\"}}"
        },
        {
          "function": "minecraft:set_attributes",
          "modifiers": [
            {
              "attribute": "minecraft:generic.attack_damage",
              "name": "attack_damage",
              "amount": 9,
              "operation": "add_value",
              "slot": "mainhand"
            },
            {
              "attribute": "minecraft:generic.attack_speed",
              "name": "attack_speed",
              "amount": -2,
              "operation": "add_value",
              "slot": "mainhand"
            },
            {
              "attribute": "minecraft:player.entity_interaction_range",
              "name": "attack_range",
              "amount": -0.75,
              "operation": "add_value",
              "slot": "mainhand"
            }
          ]
        },
        {
          "function": "minecraft:toggle_tooltips",
          "toggles": {
            "attribute_modifiers": false
          }
        }
      ]
    }
  ]
}
