{
  "criteria": {
    "requirement": {
      "trigger": "minecraft:entity_hurt_player",
      "conditions": {
        "player": [
          {
            "condition": "minecraft:any_of",
            "terms": [
              {
                "condition": "minecraft:entity_properties",
                "entity": "this",
                "predicate": {
                  "equipment": {
                    "mainhand": {
                      "predicates": {
                        "minecraft:custom_data": "{valiance:{id:\"totem_of_shielding\"}}"
                      }
                    }
                  }
                }
              },
              {
                "condition": "minecraft:entity_properties",
                "entity": "this",
                "predicate": {
                  "equipment": {
                    "offhand": {
                      "predicates": {
                        "minecraft:custom_data": "{valiance:{id:\"totem_of_shielding\"}}"
                      }
                    }
                  }
                }
              }
            ]
          }
        ]
      }
    }
  },
  "rewards": {
    "function": "valiance:item/totem_of_shielding/hurt"
  }
}
