{
	"credit": "Made with Blockbench",
	"textures": {
		"0": "valiance:item/entity/dynamite",
		"particle": "valiance:item/entity/dynamite"
	},
	"elements": [
		{
			"name": "Dynamite",
			"from": [6.5, 0, 6.5],
			"to": [9.5, 8, 9.5],
			"faces": {
				"north": {"uv": [0, 3, 3, 11], "texture": "#0"},
				"east": {"uv": [3, 3, 0, 11], "texture": "#0"},
				"south": {"uv": [0, 3, 3, 11], "texture": "#0"},
				"west": {"uv": [3, 3, 0, 11], "texture": "#0"},
				"up": {"uv": [0, 0, 3, 3], "texture": "#0"},
				"down": {"uv": [3, 0, 6, 3], "texture": "#0"}
			}
		},
		{
			"name": "Dynamite",
			"from": [8, 8, 1.5],
			"to": [8, 12, 9.5],
			"faces": {
				"east": {"uv": [3, 3, 11, 7], "texture": "#0"},
				"west": {"uv": [11, 3, 3, 7], "texture": "#0"}
			}
		}
	]
}