{
  "criteria": {
    "skeleton": {
      "trigger": "minecraft:player_killed_entity",
      "conditions": {
        "player": [
          {
            "condition": "minecraft:entity_scores",
            "entity": "this",
            "scores": {
              "valiance.bounty.type": 1
            }
          }
        ],
        "entity": {
          "type": "#minecraft:skeletons"
        }
      }
    },
    "spider": {
      "trigger": "minecraft:player_killed_entity",
      "conditions": {
        "player": [
          {
            "condition": "minecraft:entity_scores",
            "entity": "this",
            "scores": {
              "valiance.bounty.type": 2
            }
          }
        ],
        "entity": {
          "type": "#valiance:spiders"
        }
      }
    },
    "creeper": {
      "trigger": "minecraft:player_killed_entity",
      "conditions": {
        "player": [
          {
            "condition": "minecraft:entity_scores",
            "entity": "this",
            "scores": {
              "valiance.bounty.type": 3
            }
          }
        ],
        "entity": {
          "type": "minecraft:creeper"
        }
      }
    },
    "enderman": {
      "trigger": "minecraft:player_killed_entity",
      "conditions": {
        "player": [
          {
            "condition": "minecraft:entity_scores",
            "entity": "this",
            "scores": {
              "valiance.bounty.type": 4
            }
          }
        ],
        "entity": {
          "type": "minecraft:enderman"
        }
      }
    },
    "illager": {
      "trigger": "minecraft:player_killed_entity",
      "conditions": {
        "player": [
          {
            "condition": "minecraft:entity_scores",
            "entity": "this",
            "scores": {
              "valiance.bounty.type": 5
            }
          }
        ],
        "entity": {
          "type": "#minecraft:illager"
        }
      }
    },
    "witch": {
      "trigger": "minecraft:player_killed_entity",
      "conditions": {
        "player": [
          {
            "condition": "minecraft:entity_scores",
            "entity": "this",
            "scores": {
              "valiance.bounty.type": 6
            }
          }
        ],
        "entity": {
          "type": "minecraft:witch"
        }
      }
    },
    "piglin": {
      "trigger": "minecraft:player_killed_entity",
      "conditions": {
        "player": [
          {
            "condition": "minecraft:entity_scores",
            "entity": "this",
            "scores": {
              "valiance.bounty.type": 7
            }
          }
        ],
        "entity": {
          "type": "minecraft:piglin"
        }
      }
    },
    "hoglin": {
      "trigger": "minecraft:player_killed_entity",
      "conditions": {
        "player": [
          {
            "condition": "minecraft:entity_scores",
            "entity": "this",
            "scores": {
              "valiance.bounty.type": 8
            }
          }
        ],
        "entity": {
          "type": "minecraft:hoglin"
        }
      }
    },
    "ghast": {
      "trigger": "minecraft:player_killed_entity",
      "conditions": {
        "player": [
          {
            "condition": "minecraft:entity_scores",
            "entity": "this",
            "scores": {
              "valiance.bounty.type": 9
            }
          }
        ],
        "entity": {
          "type": "minecraft:ghast"
        }
      }
    },
    "wither_skeleton": {
      "trigger": "minecraft:player_killed_entity",
      "conditions": {
        "player": [
          {
            "condition": "minecraft:entity_scores",
            "entity": "this",
            "scores": {
              "valiance.bounty.type": 10
            }
          }
        ],
        "entity": {
          "type": "minecraft:wither_skeleton"
        }
      }
    }
  },
  "requirements": [
    [
      "skeleton",
      "spider",
      "creeper",
      "enderman",
      "illager",
      "witch",
      "piglin",
      "hoglin",
      "ghast",
      "wither_skeleton"
    ]
  ],
  "rewards": {
    "function": "valiance:entity/player/bounty/kill"
  }
}
