{
  "display": {
    "icon": {
      "id": "minecraft:chiseled_tuff",
      "count": 1
    },
    "title": {
      "translate": "advancements.adventure.minecraft_trials_edition.title"
    },
    "description": {
      "translate": "advancements.adventure.minecraft_trials_edition.description"
    }
  },
  "parent": "valiance:combat/root",
  "criteria": {
    "minecraft_trials_edition": {
      "trigger": "minecraft:location",
      "conditions": {
        "player": [
          {
            "condition": "minecraft:entity_properties",
            "entity": "this",
            "predicate": {
              "location": {
                "structures": "minecraft:trial_chambers"
              }
            }
          }
        ]
      }
    }
  },
  "requirements": [
    [
      "minecraft_trials_edition"
    ]
  ],
  "sends_telemetry_event": true
}
