{
  "display": {
    "icon": {
      "id": "minecraft:white_banner",
      "components": {
        "minecraft:banner_patterns": [
          {
            "pattern": "minecraft:rhombus",
            "color": "cyan"
          },
          {
            "pattern": "minecraft:stripe_bottom",
            "color": "light_gray"
          },
          {
            "pattern": "minecraft:stripe_center",
            "color": "gray"
          },
          {
            "pattern": "minecraft:border",
            "color": "light_gray"
          },
          {
            "pattern": "minecraft:stripe_middle",
            "color": "black"
          },
          {
            "pattern": "minecraft:half_horizontal",
            "color": "light_gray"
          },
          {
            "pattern": "minecraft:circle",
            "color": "light_gray"
          },
          {
            "pattern": "minecraft:border",
            "color": "black"
          }
        ],
        "minecraft:hide_additional_tooltip": {},
        "minecraft:item_name": "{\"color\":\"gold\",\"translate\":\"block.minecraft.ominous_banner\"}"
      }
    },
    "title": {
      "translate": "advancements.adventure.voluntary_exile.title"
    },
    "description": {
      "translate": "advancements.adventure.voluntary_exile.description"
    },
    "hidden": true
  },
  "parent": "valiance:combat/root",
  "criteria": {
    "voluntary_exile": {
      "trigger": "minecraft:player_killed_entity",
      "conditions": {
        "entity": [
          {
            "condition": "minecraft:entity_properties",
            "entity": "this",
            "predicate": {
              "type": "#minecraft:raiders",
              "type_specific": {
                "type": "minecraft:raider",
                "is_captain": true
              }
            }
          }
        ]
      }
    }
  },
  "requirements": [
    [
      "voluntary_exile"
    ]
  ],
  "sends_telemetry_event": true
}
