{
  "type": "minecraft:jigsaw",
  "biomes": "#minecraft:is_overworld",
  "step": "underground_structures",
  "spawn_overrides": {},
  "terrain_adaptation": "none",
  "start_pool": "valiance:dungeon/halls",
  "size": 10,
  "start_height": {
    "type": "minecraft:uniform",
    "min_inclusive": {
      "absolute": -100
    },
    "max_inclusive": {
      "absolute": -40
    }
  },
  "project_start_to_heightmap": "MOTION_BLOCKING_NO_LEAVES",
  "max_distance_from_center": 116,
  "use_expansion_hack": false,
  "liquid_settings": "ignore_waterlogging"
}
