{
  "type": "minecraft:generic",
  "pools": [
    {
      "rolls": 1,
      "entries": [
        {
          "type": "minecraft:item",
          "name": "minecraft:iron_sword"
        }
      ],
      "functions": [
        {
          "function": "minecraft:set_name",
          "entity": "this",
          "target": "item_name",
          "name": {
            "translate": "item.valiance.lance"
          }
        },
        {
          "function": "minecraft:set_lore",
          "entity": "this",
          "lore": [
            {
              "translate": "ui.valiance.title",
              "color": "white",
              "font": "valiance:title",
              "italic": false
            },
            {
              "text": " "
            },
            {
              "translate": "item.modifiers.mainhand",
              "color": "gray",
              "italic": false
            },
            [
              {
                "text": " 6 ",
                "color": "dark_green",
                "italic": false
              },
              {
                "translate": "attribute.name.generic.attack_damage",
                "color": "dark_green",
                "italic": false
              }
            ],
            [
              {
                "text": " 1.6 ",
                "color": "dark_green",
                "italic": false
              },
              {
                "translate": "attribute.name.generic.attack_speed",
                "color": "dark_green",
                "italic": false
              }
            ],
            [
              {
                "text": " +1 ",
                "color": "dark_green",
                "italic": false
              },
              {
                "translate": "attribute.valiance.attack_range",
                "color": "dark_green",
                "italic": false
              }
            ]
          ],
          "mode": "replace_all"
        },
        {
          "function": "minecraft:set_custom_data",
          "tag": "{valiance:{id:\"lance\",weapon_type:\"lance\",age:-1}}"
        },
        {
          "function": "minecraft:set_components",
          "components": {
            "minecraft:custom_model_data": 4460004,
            "minecraft:max_damage": 400
          }
        },
        {
          "function": "minecraft:set_attributes",
          "modifiers": [
            {
              "attribute": "minecraft:generic.attack_damage",
              "id": "valiance:item.lance.attack_damage",
              "amount": 6,
              "operation": "add_value",
              "slot": "mainhand"
            },
            {
              "attribute": "minecraft:generic.attack_speed",
              "id": "valiance:item.lance.attack_speed",
              "amount": -2.4,
              "operation": "add_value",
              "slot": "mainhand"
            },
            {
              "attribute": "minecraft:player.entity_interaction_range",
              "id": "valiance:item.lance.entity_interaction_range",
              "amount": 1,
              "operation": "add_value",
              "slot": "mainhand"
            }
          ]
        },
        {
          "function": "minecraft:toggle_tooltips",
          "toggles": {
            "attribute_modifiers": false
          }
        }
      ]
    }
  ]
}
