{
  "type": "minecraft:crafting_shaped",
  "category": "equipment",
  "pattern": [
    "  i",
    "bb ",
    "ib "
  ],
  "key": {
    "i": {
      "item": "minecraft:copper_ingot"
    },
    "b": [
      {
        "item": "minecraft:copper_block"
      },
      {
        "item": "minecraft:waxed_copper_block"
      }
    ]
  },
  "result": {
    "id": "minecraft:iron_sword",
    "count": 1,
    "components": {
      "minecraft:custom_data": "{valiance:{id:\"lance\",weapon_type:\"lance\",age:-1},smithed:{ignore:{functionality:1b,crafting:1b}}}",
      "minecraft:custom_model_data": 4460004,
      "minecraft:max_damage": 400,
      "minecraft:item_name": "{\"translate\":\"item.valiance.lance\"}",
      "minecraft:attribute_modifiers": {
        "modifiers": [
          {
            "id": "valiance:item.lance.attack_damage",
            "type": "minecraft:generic.attack_damage",
            "amount": 6,
            "operation": "add_value",
            "slot": "mainhand"
          },
          {
            "id": "valiance:item.lance.attack_speed",
            "type": "minecraft:generic.attack_speed",
            "amount": -2.4,
            "operation": "add_value",
            "slot": "mainhand"
          },
          {
            "id": "valiance:item.lance.entity_interaction_range",
            "type": "minecraft:player.entity_interaction_range",
            "amount": 1,
            "operation": "add_value",
            "slot": "mainhand"
          }
        ],
        "show_in_tooltip": false
      },
      "minecraft:lore": [
        "{\"translate\":\"ui.valiance.title\",\"color\":\"white\",\"font\":\"valiance:title\",\"italic\":false}",
        "{\"text\":\" \"}",
        "{\"translate\":\"item.modifiers.mainhand\",\"color\":\"gray\",\"italic\":false}",
        "[{\"text\":\" 6 \",\"color\":\"dark_green\",\"italic\":false},{\"translate\":\"attribute.name.generic.attack_damage\",\"color\":\"dark_green\",\"italic\":false}]",
        "[{\"text\":\" 1.6 \",\"color\":\"dark_green\",\"italic\":false},{\"translate\":\"attribute.name.generic.attack_speed\",\"color\":\"dark_green\",\"italic\":false}]",
        "[{\"text\":\" +1 \",\"color\":\"dark_green\",\"italic\":false},{\"translate\":\"attribute.valiance.attack_range\",\"color\":\"dark_green\",\"italic\":false}]"
      ]
    }
  }
}
