{
	"credit": "Made with Blockbench",
	"texture_size": [32, 32],
	"textures": {
		"0": "valiance:block/tanning_rack",
		"particle": "valiance:block/tanning_rack"
	},
	"elements": [
		{
			"name": "Pole",
			"from": [0.999, -1.001, 1.749],
			"to": [3.001, 20.001, 3.751],
			"rotation": {"angle": 22.5, "axis": "x", "origin": [2, 0, 2.75]},
			"faces": {
				"north": {"uv": [1, 3, 2, 13.5], "texture": "#0"},
				"east": {"uv": [0, 3, 1, 13.5], "texture": "#0"},
				"south": {"uv": [3, 3, 4, 13.5], "texture": "#0"},
				"west": {"uv": [2, 3, 3, 13.5], "texture": "#0"},
				"up": {"uv": [2, 3, 1, 2], "texture": "#0"},
				"down": {"uv": [3, 2, 2, 3], "texture": "#0"}
			}
		},
		{
			"name": "Pole",
			"from": [12.999, -1.001, 1.749],
			"to": [15.001, 20.001, 3.751],
			"rotation": {"angle": 22.5, "axis": "x", "origin": [14, 0, 2.75]},
			"faces": {
				"north": {"uv": [1, 3, 2, 13.5], "texture": "#0"},
				"east": {"uv": [0, 3, 1, 13.5], "texture": "#0"},
				"south": {"uv": [3, 3, 4, 13.5], "texture": "#0"},
				"west": {"uv": [2, 3, 3, 13.5], "texture": "#0"},
				"up": {"uv": [2, 3, 1, 2], "texture": "#0"},
				"down": {"uv": [3, 2, 2, 3], "texture": "#0"}
			}
		},
		{
			"name": "Pole",
			"from": [1, -1, 12.25],
			"to": [3, 20, 14.25],
			"rotation": {"angle": -22.5, "axis": "x", "origin": [2, 0, 13.25]},
			"faces": {
				"north": {"uv": [1, 3, 2, 13.5], "texture": "#0"},
				"east": {"uv": [0, 3, 1, 13.5], "texture": "#0"},
				"south": {"uv": [3, 3, 4, 13.5], "texture": "#0"},
				"west": {"uv": [2, 3, 3, 13.5], "texture": "#0"},
				"up": {"uv": [2, 3, 1, 2], "texture": "#0"},
				"down": {"uv": [3, 2, 2, 3], "texture": "#0"}
			}
		},
		{
			"name": "Pole",
			"from": [13, -1, 12.25],
			"to": [15, 20, 14.25],
			"rotation": {"angle": -22.5, "axis": "x", "origin": [14, 0, 13.25]},
			"faces": {
				"north": {"uv": [1, 3, 2, 13.5], "texture": "#0"},
				"east": {"uv": [0, 3, 1, 13.5], "texture": "#0"},
				"south": {"uv": [3, 3, 4, 13.5], "texture": "#0"},
				"west": {"uv": [2, 3, 3, 13.5], "texture": "#0"},
				"up": {"uv": [2, 3, 1, 2], "texture": "#0"},
				"down": {"uv": [3, 2, 2, 3], "texture": "#0"}
			}
		},
		{
			"name": "Support",
			"from": [2, 2, 1.75],
			"to": [14, 4, 3.75],
			"rotation": {"angle": 22.5, "axis": "x", "origin": [3, 0, 2.75]},
			"faces": {
				"north": {"uv": [1, 1, 7, 2], "texture": "#0"},
				"east": {"uv": [0, 1, 1, 2], "texture": "#0"},
				"south": {"uv": [8, 1, 14, 2], "texture": "#0"},
				"west": {"uv": [7, 1, 8, 2], "texture": "#0"},
				"up": {"uv": [7, 1, 1, 0], "texture": "#0"},
				"down": {"uv": [13, 0, 7, 1], "texture": "#0"}
			}
		},
		{
			"name": "Support",
			"from": [2, 16, 1.75],
			"to": [14, 18, 3.75],
			"rotation": {"angle": 22.5, "axis": "x", "origin": [3, 0, 2.75]},
			"faces": {
				"north": {"uv": [1, 1, 7, 2], "texture": "#0"},
				"east": {"uv": [0, 1, 1, 2], "texture": "#0"},
				"south": {"uv": [8, 1, 14, 2], "texture": "#0"},
				"west": {"uv": [7, 1, 8, 2], "texture": "#0"},
				"up": {"uv": [7, 1, 1, 0], "texture": "#0"},
				"down": {"uv": [13, 0, 7, 1], "texture": "#0"}
			}
		}
	]
}