{
	"credit": "Made with Blockbench",
	"texture_size": [32, 32],
	"textures": {
		"1": "valiance:block/tanning_rack",
		"particle": "valiance:block/tanning_rack"
	},
	"elements": [
		{
			"name": "Pole",
			"from": [0.999, -1.001, 1.749],
			"to": [3.001, 20.001, 3.751],
			"rotation": {"angle": 22.5, "axis": "x", "origin": [2, 0, 2.75]},
			"faces": {
				"north": {"uv": [1, 3, 2, 13.5], "texture": "#1"},
				"east": {"uv": [0, 3, 1, 13.5], "texture": "#1"},
				"south": {"uv": [3, 3, 4, 13.5], "texture": "#1"},
				"west": {"uv": [2, 3, 3, 13.5], "texture": "#1"},
				"up": {"uv": [2, 3, 1, 2], "texture": "#1"},
				"down": {"uv": [3, 2, 2, 3], "texture": "#1"}
			}
		},
		{
			"name": "Pole",
			"from": [12.999, -1.001, 1.749],
			"to": [15.001, 20.001, 3.751],
			"rotation": {"angle": 22.5, "axis": "x", "origin": [14, 0, 2.75]},
			"faces": {
				"north": {"uv": [1, 3, 2, 13.5], "texture": "#1"},
				"east": {"uv": [0, 3, 1, 13.5], "texture": "#1"},
				"south": {"uv": [3, 3, 4, 13.5], "texture": "#1"},
				"west": {"uv": [2, 3, 3, 13.5], "texture": "#1"},
				"up": {"uv": [2, 3, 1, 2], "texture": "#1"},
				"down": {"uv": [3, 2, 2, 3], "texture": "#1"}
			}
		},
		{
			"name": "Pole",
			"from": [1, -1, 12.25],
			"to": [3, 20, 14.25],
			"rotation": {"angle": -22.5, "axis": "x", "origin": [2, 0, 13.25]},
			"faces": {
				"north": {"uv": [1, 3, 2, 13.5], "texture": "#1"},
				"east": {"uv": [0, 3, 1, 13.5], "texture": "#1"},
				"south": {"uv": [3, 3, 4, 13.5], "texture": "#1"},
				"west": {"uv": [2, 3, 3, 13.5], "texture": "#1"},
				"up": {"uv": [2, 3, 1, 2], "texture": "#1"},
				"down": {"uv": [3, 2, 2, 3], "texture": "#1"}
			}
		},
		{
			"name": "Pole",
			"from": [13, -1, 12.25],
			"to": [15, 20, 14.25],
			"rotation": {"angle": -22.5, "axis": "x", "origin": [14, 0, 13.25]},
			"faces": {
				"north": {"uv": [1, 3, 2, 13.5], "texture": "#1"},
				"east": {"uv": [0, 3, 1, 13.5], "texture": "#1"},
				"south": {"uv": [3, 3, 4, 13.5], "texture": "#1"},
				"west": {"uv": [2, 3, 3, 13.5], "texture": "#1"},
				"up": {"uv": [2, 3, 1, 2], "texture": "#1"},
				"down": {"uv": [3, 2, 2, 3], "texture": "#1"}
			}
		},
		{
			"name": "Support",
			"from": [2, 2, 1.75],
			"to": [14, 4, 3.75],
			"rotation": {"angle": 22.5, "axis": "x", "origin": [3, 0, 2.75]},
			"faces": {
				"north": {"uv": [1, 1, 7, 2], "texture": "#1"},
				"east": {"uv": [0, 1, 1, 2], "texture": "#1"},
				"south": {"uv": [8, 1, 14, 2], "texture": "#1"},
				"west": {"uv": [7, 1, 8, 2], "texture": "#1"},
				"up": {"uv": [7, 1, 1, 0], "texture": "#1"},
				"down": {"uv": [13, 0, 7, 1], "texture": "#1"}
			}
		},
		{
			"name": "Support",
			"from": [2, 16, 1.75],
			"to": [14, 18, 3.75],
			"rotation": {"angle": 22.5, "axis": "x", "origin": [3, 0, 2.75]},
			"faces": {
				"north": {"uv": [1, 1, 7, 2], "texture": "#1"},
				"east": {"uv": [0, 1, 1, 2], "texture": "#1"},
				"south": {"uv": [8, 1, 14, 2], "texture": "#1"},
				"west": {"uv": [7, 1, 8, 2], "texture": "#1"},
				"up": {"uv": [7, 1, 1, 0], "texture": "#1"},
				"down": {"uv": [13, 0, 7, 1], "texture": "#1"}
			}
		},
		{
			"name": "tanning_rack_0",
			"from": [3, 14, 2.5],
			"to": [4, 16, 3],
			"rotation": {"angle": 22.5, "axis": "x", "origin": [4, 0, 2.75]},
			"faces": {
				"north": {"uv": [4.5, 8, 4, 9], "texture": "#1"},
				"east": {"uv": [4, 8, 4.5, 9], "texture": "#1"},
				"south": {"uv": [4, 8, 4.5, 9], "texture": "#1"},
				"west": {"uv": [4, 8, 4.5, 9], "texture": "#1"},
				"up": {"uv": [4, 8, 4.5, 8.5], "texture": "#1"},
				"down": {"uv": [4, 8.5, 4.5, 9], "texture": "#1"}
			}
		},
		{
			"name": "tanning_rack_1",
			"from": [12, 14, 2.5],
			"to": [13, 16, 3],
			"rotation": {"angle": 22.5, "axis": "x", "origin": [4, 0, 2.75]},
			"faces": {
				"north": {"uv": [9, 8, 8.5, 9], "texture": "#1"},
				"east": {"uv": [8.5, 8, 9, 9], "texture": "#1"},
				"south": {"uv": [8.5, 8, 9, 9], "texture": "#1"},
				"west": {"uv": [8.5, 8, 9, 9], "texture": "#1"},
				"up": {"uv": [8.5, 8, 9, 8.5], "texture": "#1"},
				"down": {"uv": [8.5, 8.5, 9, 9], "texture": "#1"}
			}
		},
		{
			"name": "tanning_rack_2",
			"from": [4, 11, 2.5],
			"to": [6, 15, 3],
			"rotation": {"angle": 22.5, "axis": "x", "origin": [4, 0, 2.75]},
			"faces": {
				"north": {"uv": [5.5, 8.5, 4.5, 10.5], "texture": "#1"},
				"east": {"uv": [5, 8.5, 5.5, 10.5], "texture": "#1"},
				"south": {"uv": [4.5, 8.5, 5.5, 10.5], "texture": "#1"},
				"west": {"uv": [4.5, 8.5, 5, 10.5], "texture": "#1"},
				"up": {"uv": [4.5, 8.5, 5.5, 9], "texture": "#1"},
				"down": {"uv": [4.5, 10, 5.5, 10.5], "texture": "#1"}
			}
		},
		{
			"name": "tanning_rack_3",
			"from": [10, 11, 2.5],
			"to": [12, 15, 3],
			"rotation": {"angle": 22.5, "axis": "x", "origin": [4, 0, 2.75]},
			"faces": {
				"north": {"uv": [8.5, 8.5, 7.5, 10.5], "texture": "#1"},
				"east": {"uv": [8, 8.5, 8.5, 10.5], "texture": "#1"},
				"south": {"uv": [7.5, 8.5, 8.5, 10.5], "texture": "#1"},
				"west": {"uv": [7.5, 8.5, 8, 10.5], "texture": "#1"},
				"up": {"uv": [7.5, 8.5, 8.5, 9], "texture": "#1"},
				"down": {"uv": [7.5, 10, 8.5, 10.5], "texture": "#1"}
			}
		},
		{
			"name": "tanning_rack_4",
			"from": [6, 6, 2.5],
			"to": [10, 14, 3],
			"rotation": {"angle": 22.5, "axis": "x", "origin": [4, 0, 2.75]},
			"faces": {
				"north": {"uv": [7.5, 9, 5.5, 13], "texture": "#1"},
				"east": {"uv": [7, 9, 7.5, 13], "texture": "#1"},
				"south": {"uv": [5.5, 9, 7.5, 13], "texture": "#1"},
				"west": {"uv": [5.5, 9, 6, 13], "texture": "#1"},
				"up": {"uv": [5.5, 9, 7.5, 9.5], "texture": "#1"},
				"down": {"uv": [5.5, 12.5, 7.5, 13], "texture": "#1"}
			}
		},
		{
			"name": "tanning_rack_5",
			"from": [5, 5, 2.5],
			"to": [6, 11, 3],
			"rotation": {"angle": 22.5, "axis": "x", "origin": [4, 0, 2.75]},
			"faces": {
				"north": {"uv": [5.5, 10.5, 5, 13.5], "texture": "#1"},
				"east": {"uv": [5, 10.5, 5.5, 13.5], "texture": "#1"},
				"south": {"uv": [5, 10.5, 5.5, 13.5], "texture": "#1"},
				"west": {"uv": [5, 10.5, 5.5, 13.5], "texture": "#1"},
				"up": {"uv": [5, 10.5, 5.5, 11], "texture": "#1"},
				"down": {"uv": [5, 13, 5.5, 13.5], "texture": "#1"}
			}
		},
		{
			"name": "tanning_rack_6",
			"from": [10, 5, 2.5],
			"to": [11, 11, 3],
			"rotation": {"angle": 22.5, "axis": "x", "origin": [4, 0, 2.75]},
			"faces": {
				"north": {"uv": [8, 10.5, 7.5, 13.5], "texture": "#1"},
				"east": {"uv": [7.5, 10.5, 8, 13.5], "texture": "#1"},
				"south": {"uv": [7.5, 10.5, 8, 13.5], "texture": "#1"},
				"west": {"uv": [7.5, 10.5, 8, 13.5], "texture": "#1"},
				"up": {"uv": [7.5, 10.5, 8, 11], "texture": "#1"},
				"down": {"uv": [7.5, 13, 8, 13.5], "texture": "#1"}
			}
		},
		{
			"name": "tanning_rack_7",
			"from": [4, 5, 2.5],
			"to": [5, 8, 3],
			"rotation": {"angle": 22.5, "axis": "x", "origin": [4, 0, 2.75]},
			"faces": {
				"north": {"uv": [5, 12, 4.5, 13.5], "texture": "#1"},
				"east": {"uv": [4.5, 12, 5, 13.5], "texture": "#1"},
				"south": {"uv": [4.5, 12, 5, 13.5], "texture": "#1"},
				"west": {"uv": [4.5, 12, 5, 13.5], "texture": "#1"},
				"up": {"uv": [4.5, 12, 5, 12.5], "texture": "#1"},
				"down": {"uv": [4.5, 13, 5, 13.5], "texture": "#1"}
			}
		},
		{
			"name": "tanning_rack_8",
			"from": [11, 5, 2.5],
			"to": [12, 8, 3],
			"rotation": {"angle": 22.5, "axis": "x", "origin": [4, 0, 2.75]},
			"faces": {
				"north": {"uv": [8.5, 12, 8, 13.5], "texture": "#1"},
				"east": {"uv": [8, 12, 8.5, 13.5], "texture": "#1"},
				"south": {"uv": [8, 12, 8.5, 13.5], "texture": "#1"},
				"west": {"uv": [8, 12, 8.5, 13.5], "texture": "#1"},
				"up": {"uv": [8, 12, 8.5, 12.5], "texture": "#1"},
				"down": {"uv": [8, 13, 8.5, 13.5], "texture": "#1"}
			}
		},
		{
			"name": "tanning_rack_9",
			"from": [3, 4, 2.5],
			"to": [4, 6, 3],
			"rotation": {"angle": 22.5, "axis": "x", "origin": [4, 0, 2.75]},
			"faces": {
				"north": {"uv": [4.5, 13, 4, 14], "texture": "#1"},
				"east": {"uv": [4, 13, 4.5, 14], "texture": "#1"},
				"south": {"uv": [4, 13, 4.5, 14], "texture": "#1"},
				"west": {"uv": [4, 13, 4.5, 14], "texture": "#1"},
				"up": {"uv": [4, 13, 4.5, 13.5], "texture": "#1"},
				"down": {"uv": [4, 13.5, 4.5, 14], "texture": "#1"}
			}
		},
		{
			"name": "tanning_rack_10",
			"from": [12, 4, 2.5],
			"to": [13, 6, 3],
			"rotation": {"angle": 22.5, "axis": "x", "origin": [4, 0, 2.75]},
			"faces": {
				"north": {"uv": [9, 13, 8.5, 14], "texture": "#1"},
				"east": {"uv": [8.5, 13, 9, 14], "texture": "#1"},
				"south": {"uv": [8.5, 13, 9, 14], "texture": "#1"},
				"west": {"uv": [8.5, 13, 9, 14], "texture": "#1"},
				"up": {"uv": [8.5, 13, 9, 13.5], "texture": "#1"},
				"down": {"uv": [8.5, 13.5, 9, 14], "texture": "#1"}
			}
		}
	],
	"groups": [
		0,
		1,
		2,
		3,
		4,
		5,
		{
			"name": "Hide",
			"origin": [8, 8, 8],
			"color": 0,
			"children": [6, 7, 8, 9, 10, 11, 12, 13, 14, 15, 16]
		}
	]
}