{
	"credit": "Made with Blockbench",
	"texture_size": [128, 128],
	"textures": {
		"0": "valiance:item/gui/locked_trade",
		"particle": "valiance:item/gui/locked_trade"
	},
	"elements": [
		{
			"from": [-14, -1.5, 30.5],
			"to": [30, 8.5, 31.5],
			"rotation": {"angle": 0, "axis": "y", "origin": [8, 3.5, 31]},
			"faces": {
				"north": {"uv": [0, 0, 11, 2.5], "texture": "#0"},
				"east": {"uv": [0, 2.5, 0, 2.5], "rotation": 90, "texture": "#0"},
				"south": {"uv": [0, 2.5, 0, 2.5], "rotation": 180, "texture": "#0"},
				"west": {"uv": [0, 2.5, 0, 2.5], "rotation": 270, "texture": "#0"},
				"up": {"uv": [0, 2.5, 0, 2.5], "texture": "#0"},
				"down": {"uv": [0, 2.5, 0, 2.5], "rotation": 180, "texture": "#0"}
			}
		}
	],
	"gui_light": "front",
	"display": {
		"gui": {
			"rotation": [0, 180, 0],
			"translation": [1, 8, 0],
			"scale": [2, 2, 2]
		}
	}
}