{
  "type": "minecraft:entity",
  "pools": [
    {
      "rolls": 1,
      "entries": [
        {
          "type": "minecraft:item",
          "name": "minecraft:poisonous_potato",
          "functions": [
            {
              "function": "minecraft:set_custom_data",
              "tag": "{thallium:{has_death_effects:1,death_effects:[\"sounds\"],entity_type:\"vigilante\"}}"
            },
            {
              "function": "minecraft:set_components",
              "components": {
                "minecraft:item_model": "valiance:empty"
              }
            }
          ],
          "conditions": [
            {
              "condition": "minecraft:killed_by_player"
            },
            {
              "condition": "minecraft:inverted",
              "term": {
                "condition": "minecraft:entity_properties",
                "entity": "this",
                "predicate": {
                  "type": "minecraft:wolf"
                }
              }
            }
          ]
        }
      ]
    }
  ]
}
