{
	"credit": "Made with Blockbench",
	"texture_size": [32, 32],
	"textures": {
		"0": "valiance:item/ceramic_shield/base",
		"1": "valiance:item/ceramic_shield/brick",
		"particle": "valiance:item/ceramic_shield/base"
	},
	"elements": [
		{
			"name": "Shield",
			"from": [1, -1, 6],
			"to": [15, 11, 7],
			"rotation": {"angle": 0, "axis": "y", "origin": [8, 5, 6.5]},
			"faces": {
				"north": {"uv": [0, 0, 14, 12], "texture": "#1"},
				"east": {"uv": [0, 0.5, 0.5, 6.5], "texture": "#0"},
				"south": {"uv": [8, 0.5, 15, 6.5], "texture": "#0"},
				"west": {"uv": [7.5, 0.5, 8, 6.5], "texture": "#0"},
				"up": {"uv": [7.5, 0.5, 0.5, 0], "texture": "#0"},
				"down": {"uv": [14.5, 0, 7.5, 0.5], "texture": "#0"}
			}
		},
		{
			"name": "Shield",
			"from": [4, 11, 6],
			"to": [12, 16, 7],
			"rotation": {"angle": 0, "axis": "y", "origin": [8, 23, 6.5]},
			"faces": {
				"north": {"uv": [0.5, 7, 4.5, 9.5], "texture": "#0"},
				"east": {"uv": [0, 7, 0.5, 9.5], "texture": "#0"},
				"south": {"uv": [5, 7, 9, 9.5], "texture": "#0"},
				"west": {"uv": [4.5, 7, 5, 9.5], "texture": "#0"},
				"up": {"uv": [4.5, 7, 0.5, 6.5], "texture": "#0"},
				"down": {"uv": [8.5, 6.5, 4.5, 7], "texture": "#0"}
			}
		},
		{
			"name": "Shield",
			"from": [4, -6, 6],
			"to": [12, -1, 7],
			"rotation": {"angle": 0, "axis": "y", "origin": [8, 6, 6.5]},
			"faces": {
				"north": {"uv": [0.5, 10, 4.5, 12.5], "texture": "#0"},
				"east": {"uv": [0, 10, 0.5, 12.5], "texture": "#0"},
				"south": {"uv": [5, 10, 9, 12.5], "texture": "#0"},
				"west": {"uv": [4.5, 10, 5, 12.5], "texture": "#0"},
				"up": {"uv": [4.5, 10, 0.5, 9.5], "texture": "#0"},
				"down": {"uv": [8.5, 9.5, 4.5, 10], "texture": "#0"}
			}
		},
		{
			"name": "Handle",
			"from": [7, 2, 7],
			"to": [9, 8, 13],
			"rotation": {"angle": 0, "axis": "y", "origin": [6, 16, 10]},
			"faces": {
				"north": {"uv": [11, 12.5, 12, 15.5], "texture": "#0"},
				"east": {"uv": [8, 12.5, 11, 15.5], "texture": "#0"},
				"south": {"uv": [15, 12.5, 16, 15.5], "texture": "#0"},
				"west": {"uv": [12, 12.5, 15, 15.5], "texture": "#0"},
				"up": {"uv": [12, 12.5, 11, 9.5], "texture": "#0"},
				"down": {"uv": [13, 9.5, 12, 12.5], "texture": "#0"}
			}
		}
	],
	"display": {
		"thirdperson_righthand": {
			"rotation": [90, -90, 90],
			"translation": [2, 1, 3]
		},
		"thirdperson_lefthand": {
			"rotation": [90, -90, 90],
			"translation": [2, 1, 3]
		},
		"firstperson_righthand": {
			"rotation": [0, 0, -5.5],
			"translation": [3.25, -8, -1],
			"scale": [1.25, 1.25, 1.25]
		},
		"firstperson_lefthand": {
			"rotation": [0, 0, -5.5],
			"translation": [3.25, -8, -1],
			"scale": [1.25, 1.25, 1.25]
		},
		"ground": {
			"translation": [2, 4, 2],
			"scale": [0.5, 0.5, 0.5]
		},
		"gui": {
			"rotation": [171.41, 29.07, -168.39],
			"translation": [0.75, 2.5, 0],
			"scale": [0.8, 0.8, 0.8]
		},
		"fixed": {
			"translation": [0, 2, 0]
		}
	}
}