{
	"credit": "Made with Blockbench",
	"texture_size": [32, 32],
	"textures": {
		"0": "valiance:item/entity/bedazzle/projectiles",
		"particle": "valiance:item/entity/bedazzle/projectiles"
	},
	"elements": [
		{
			"name": "Shard",
			"from": [8, 0, -0.5],
			"to": [8, 7, 16.5],
			"rotation": {"angle": 45, "axis": "z", "origin": [8, 3.5, 8]},
			"faces": {
				"east": {"uv": [0, 0, 8.5, 3.5], "texture": "#0"},
				"west": {"uv": [0, 0, 8.5, 3.5], "texture": "#0"}
			}
		},
		{
			"name": "Shard",
			"from": [8, 0, -0.5],
			"to": [8, 7, 16.5],
			"rotation": {"angle": -45, "axis": "z", "origin": [8, 3.5, 8]},
			"faces": {
				"east": {"uv": [0, 0, 8.5, 3.5], "texture": "#0"},
				"west": {"uv": [0, 0, 8.5, 3.5], "texture": "#0"}
			}
		}
	],
	"display": {
		"head": {
			"translation": [0, -42, 0],
			"scale": [1.5, 1.5, 1.5]
		}
	}
}