{
  "type": "minecraft:generic",
  "pools": [
    {
      "rolls": 1,
      "entries": [
        {
          "type": "minecraft:item",
          "name": "minecraft:player_head"
        }
      ],
      "functions": [
        {
          "function": "minecraft:set_name",
          "entity": "this",
          "target": "item_name",
          "name": {
            "translate": "item.valiance.bedazzle_head"
          }
        },
        {
          "function": "minecraft:set_lore",
          "entity": "this",
          "lore": [
            {
              "translate": "ui.valiance.title",
              "color": "white",
              "font": "valiance:title",
              "italic": false
            }
          ],
          "mode": "replace_all"
        },
        {
          "function": "minecraft:set_components",
          "components": {
            "minecraft:item_model": "valiance:entity/bedazzle/head",
            "minecraft:rarity": "rare",
            "!minecraft:equippable": {},
            "minecraft:profile": {
              "id": [
                4,
                4,
                6,
                0
              ],
              "properties": [
                {
                  "name": "textures",
                  "value": "valiance.bedazzle_head"
                }
              ]
            },
            "minecraft:note_block_sound": "valiance:entity.bedazzle.ambient"
          }
        },
        {
          "function": "minecraft:set_custom_data",
          "tag": "{valiance:{id:\"bedazzle_head\"},smithed:{ignore:{functionality:1b,crafting:1b}}}"
        }
      ]
    }
  ]
}
