{
  "type": "minecraft:generic",
  "pools": [
    {
      "rolls": 1,
      "entries": [
        {
          "type": "minecraft:item",
          "name": "minecraft:golden_sword"
        }
      ],
      "functions": [
        {
          "function": "minecraft:set_name",
          "entity": "this",
          "target": "item_name",
          "name": {
            "translate": "item.valiance.golden_dagger"
          }
        },
        {
          "function": "minecraft:set_lore",
          "entity": "this",
          "lore": [
            {
              "translate": "ui.valiance.title",
              "color": "white",
              "font": "valiance:title",
              "italic": false
            },
            {
              "text": " "
            },
            {
              "translate": "item.modifiers.mainhand",
              "color": "gray",
              "italic": false
            },
            [
              {
                "text": " 9 ",
                "color": "dark_green",
                "italic": false
              },
              {
                "translate": "attribute.name.attack_damage",
                "color": "dark_green",
                "italic": false
              }
            ],
            [
              {
                "text": " 2 ",
                "color": "dark_green",
                "italic": false
              },
              {
                "translate": "attribute.name.attack_speed",
                "color": "dark_green",
                "italic": false
              }
            ],
            [
              {
                "text": " -0.75 ",
                "color": "red",
                "italic": false
              },
              {
                "translate": "attribute.valiance.attack_range",
                "color": "red",
                "italic": false
              }
            ]
          ],
          "mode": "replace_all"
        },
        {
          "function": "minecraft:set_components",
          "components": {
            "minecraft:item_model": "valiance:golden_dagger"
          }
        },
        {
          "function": "minecraft:set_custom_data",
          "tag": "{valiance:{id:\"golden_dagger\",weapon_type:\"dagger\"},smithed:{ignore:{functionality:1b,crafting:1b}}}"
        },
        {
          "function": "minecraft:set_attributes",
          "modifiers": [
            {
              "attribute": "minecraft:attack_damage",
              "id": "valiance:item.golden_dagger.attack_damage",
              "amount": 8,
              "operation": "add_value",
              "slot": "mainhand"
            },
            {
              "attribute": "minecraft:attack_speed",
              "id": "valiance:item.golden_dagger.attack_speed",
              "amount": -2,
              "operation": "add_value",
              "slot": "mainhand"
            },
            {
              "attribute": "minecraft:entity_interaction_range",
              "id": "valiance:item.golden_dagger.entity_interaction_range",
              "amount": -0.75,
              "operation": "add_value",
              "slot": "mainhand"
            }
          ]
        },
        {
          "function": "minecraft:toggle_tooltips",
          "toggles": {
            "attribute_modifiers": false
          }
        }
      ]
    }
  ]
}
