{
  "type": "minecraft:generic",
  "pools": [
    {
      "rolls": 1,
      "entries": [
        {
          "type": "minecraft:item",
          "name": "minecraft:iron_sword"
        }
      ],
      "functions": [
        {
          "function": "minecraft:set_name",
          "entity": "this",
          "target": "item_name",
          "name": {
            "translate": "item.valiance.iron_spear"
          }
        },
        {
          "function": "minecraft:set_lore",
          "entity": "this",
          "lore": [
            {
              "translate": "ui.valiance.title",
              "color": "white",
              "font": "valiance:title",
              "italic": false
            },
            {
              "text": " "
            },
            {
              "translate": "item.modifiers.mainhand",
              "color": "gray",
              "italic": false
            },
            [
              {
                "text": " 5 ",
                "color": "dark_green",
                "italic": false
              },
              {
                "translate": "attribute.name.attack_damage",
                "color": "dark_green",
                "italic": false
              }
            ],
            [
              {
                "text": " 1.4 ",
                "color": "dark_green",
                "italic": false
              },
              {
                "translate": "attribute.name.attack_speed",
                "color": "dark_green",
                "italic": false
              }
            ],
            [
              {
                "text": " +1.5 ",
                "color": "dark_green",
                "italic": false
              },
              {
                "translate": "attribute.valiance.attack_range",
                "color": "dark_green",
                "italic": false
              }
            ]
          ],
          "mode": "replace_all"
        },
        {
          "function": "minecraft:set_custom_data",
          "tag": "{valiance:{id:\"iron_spear\",weapon_type:\"spear\"},smithed:{ignore:{functionality:1b,crafting:1b}}}"
        },
        {
          "function": "minecraft:set_components",
          "components": {
            "minecraft:item_model": "valiance:iron_spear"
          }
        },
        {
          "function": "minecraft:set_attributes",
          "modifiers": [
            {
              "attribute": "minecraft:attack_damage",
              "id": "valiance:item.iron_spear.attack_damage",
              "amount": 4,
              "operation": "add_value",
              "slot": "mainhand"
            },
            {
              "attribute": "minecraft:attack_speed",
              "id": "valiance:item.rare_spear.attack_speed",
              "amount": -2.6,
              "operation": "add_value",
              "slot": "mainhand"
            },
            {
              "attribute": "minecraft:entity_interaction_range",
              "id": "valiance:item.rare_spear.entity_interaction_range",
              "amount": 1.5,
              "operation": "add_value",
              "slot": "mainhand"
            }
          ]
        },
        {
          "function": "minecraft:toggle_tooltips",
          "toggles": {
            "attribute_modifiers": false
          }
        }
      ]
    }
  ]
}
