{
  "type": "minecraft:generic",
  "pools": [
    {
      "rolls": 1,
      "entries": [
        {
          "type": "minecraft:item",
          "name": "minecraft:stone_sword"
        }
      ],
      "functions": [
        {
          "function": "minecraft:set_name",
          "entity": "this",
          "target": "item_name",
          "name": {
            "translate": "item.valiance.lance"
          }
        },
        {
          "function": "minecraft:set_lore",
          "entity": "this",
          "lore": [
            {
              "translate": "ui.valiance.title",
              "color": "white",
              "font": "valiance:title",
              "italic": false
            },
            {
              "text": " "
            },
            {
              "translate": "item.modifiers.mainhand",
              "color": "gray",
              "italic": false
            },
            [
              {
                "text": " 6 ",
                "color": "dark_green",
                "italic": false
              },
              {
                "translate": "attribute.name.attack_damage",
                "color": "dark_green",
                "italic": false
              }
            ],
            [
              {
                "text": " 1.2 ",
                "color": "dark_green",
                "italic": false
              },
              {
                "translate": "attribute.name.attack_speed",
                "color": "dark_green",
                "italic": false
              }
            ],
            [
              {
                "text": " +1 ",
                "color": "dark_green",
                "italic": false
              },
              {
                "translate": "attribute.valiance.attack_range",
                "color": "dark_green",
                "italic": false
              }
            ]
          ],
          "mode": "replace_all"
        },
        {
          "function": "minecraft:set_custom_data",
          "tag": "{valiance:{id:\"lance\",weapon_type:\"lance\",age:-1},smithed:{ignore:{functionality:1b,crafting:1b}}}"
        },
        {
          "function": "minecraft:set_components",
          "components": {
            "minecraft:item_model": "valiance:lance/lance",
            "minecraft:max_damage": 400,
            "!minecraft:tool": {},
            "minecraft:repairable": {
              "items": [
                "minecraft:copper_block",
                "minecraft:waxed_copper_block"
              ]
            }
          }
        },
        {
          "function": "minecraft:set_attributes",
          "modifiers": [
            {
              "id": "valiance:item.lance.attack_damage",
              "attribute": "minecraft:attack_damage",
              "amount": 5,
              "operation": "add_value",
              "slot": "mainhand"
            },
            {
              "id": "valiance:item.lance.attack_speed",
              "attribute": "minecraft:attack_speed",
              "amount": -2.8,
              "operation": "add_value",
              "slot": "mainhand"
            },
            {
              "id": "valiance:item.lance.entity_interaction_range",
              "attribute": "minecraft:entity_interaction_range",
              "amount": 1,
              "operation": "add_value",
              "slot": "mainhand"
            }
          ]
        },
        {
          "function": "minecraft:toggle_tooltips",
          "toggles": {
            "attribute_modifiers": false
          }
        }
      ]
    }
  ]
}
