{
  "type": "minecraft:generic",
  "pools": [
    {
      "rolls": 1,
      "entries": [
        {
          "type": "minecraft:item",
          "name": "minecraft:netherite_helmet"
        }
      ],
      "functions": [
        {
          "function": "minecraft:set_name",
          "entity": "this",
          "target": "item_name",
          "name": {
            "translate": "item.valiance.ranger_helmet"
          }
        },
        {
          "function": "minecraft:set_lore",
          "entity": "this",
          "lore": [
            {
              "translate": "ui.valiance.title",
              "color": "white",
              "font": "valiance:title",
              "italic": false
            },
            {
              "text": " "
            },
            {
              "translate": "item.modifiers.head",
              "color": "gray",
              "italic": false
            },
            [
              {
                "text": " +2 ",
                "color": "blue",
                "italic": false
              },
              {
                "translate": "attribute.name.armor",
                "color": "blue",
                "italic": false
              }
            ],
            [
              {
                "text": " +2 ",
                "color": "blue",
                "italic": false
              },
              {
                "translate": "attribute.name.armor_toughness",
                "color": "blue",
                "italic": false
              }
            ],
            [
              {
                "text": " +0.25 ",
                "color": "blue",
                "italic": false
              },
              {
                "translate": "attribute.valiance.projectile_strength",
                "color": "blue",
                "italic": false
              }
            ],
            {
              "translate": "attribute.valiance.hide_name_tag",
              "color": "blue",
              "italic": false
            }
          ],
          "mode": "replace_all"
        },
        {
          "function": "minecraft:set_components",
          "components": {
            "minecraft:item_model": "valiance:ranger_armor/ranger_helmet",
            "minecraft:max_damage": 429,
            "minecraft:repairable": {
              "items": "minecraft:netherite_scrap"
            },
            "minecraft:equippable": {
              "model": "valiance:ranger",
              "equip_sound": {
                "sound_id": "valiance:item.armor.equip_ranger",
                "range": 1
              },
              "slot": "head"
            }
          }
        },
        {
          "function": "minecraft:set_custom_data",
          "tag": "{valiance:{id:\"ranger_helmet\",armor_type:\"archer\"},smithed:{ignore:{functionality:1b,crafting:1b}}}"
        },
        {
          "function": "minecraft:set_attributes",
          "modifiers": [
            {
              "attribute": "minecraft:armor",
              "id": "valiance:item.ranger_helmet.armor",
              "amount": 2,
              "operation": "add_value",
              "slot": "head"
            },
            {
              "attribute": "minecraft:armor_toughness",
              "id": "valiance:item.ranger_helmet.armor_toughness",
              "amount": 2,
              "operation": "add_value",
              "slot": "head"
            }
          ]
        },
        {
          "function": "minecraft:toggle_tooltips",
          "toggles": {
            "attribute_modifiers": false
          }
        }
      ]
    }
  ]
}
