{
  "type": "minecraft:generic",
  "pools": [
    {
      "rolls": 1,
      "entries": [
        {
          "type": "minecraft:item",
          "name": "minecraft:stone_sword"
        }
      ],
      "functions": [
        {
          "function": "minecraft:set_name",
          "entity": "this",
          "target": "item_name",
          "name": {
            "translate": "item.valiance.repugnant_sickle"
          }
        },
        {
          "function": "minecraft:set_lore",
          "entity": "this",
          "lore": [
            {
              "translate": "ui.valiance.title",
              "color": "white",
              "font": "valiance:title",
              "italic": false
            },
            {
              "text": " "
            },
            {
              "translate": "item.modifiers.mainhand",
              "color": "gray",
              "italic": false
            },
            [
              {
                "text": " 12 ",
                "color": "dark_green",
                "italic": false
              },
              {
                "translate": "attribute.name.attack_damage",
                "color": "dark_green",
                "italic": false
              }
            ],
            [
              {
                "text": " 2.4 ",
                "color": "dark_green",
                "italic": false
              },
              {
                "translate": "attribute.name.attack_speed",
                "color": "dark_green",
                "italic": false
              }
            ]
          ],
          "mode": "replace_all"
        },
        {
          "function": "minecraft:set_components",
          "components": {
            "minecraft:item_model": "valiance:repugnant_sickle",
            "minecraft:rarity": "uncommon",
            "minecraft:max_damage": 222,
            "minecraft:repairable": {
              "items": "minecraft:iron_ingot"
            }
          }
        },
        {
          "function": "minecraft:set_custom_data",
          "tag": "{valiance:{id:\"repugnant_sickle\",weapon_type:\"repugnant_sickle\"},smithed:{ignore:{functionality:1b,crafting:1b}}}"
        },
        {
          "function": "minecraft:set_attributes",
          "modifiers": [
            {
              "attribute": "minecraft:attack_damage",
              "id": "valiance:item.repugnant_sickle.attack_damage",
              "amount": 11,
              "operation": "add_value",
              "slot": "mainhand"
            },
            {
              "attribute": "minecraft:attack_speed",
              "id": "valiance:item.repugnant_sickle.attack_speed",
              "amount": -1.6,
              "operation": "add_value",
              "slot": "mainhand"
            }
          ]
        },
        {
          "function": "minecraft:toggle_tooltips",
          "toggles": {
            "attribute_modifiers": false
          }
        }
      ]
    }
  ]
}
