{
  "type": "minecraft:generic",
  "pools": [
    {
      "rolls": 1,
      "entries": [
        {
          "type": "minecraft:item",
          "name": "minecraft:stone_sword"
        }
      ],
      "functions": [
        {
          "function": "minecraft:set_name",
          "entity": "this",
          "target": "item_name",
          "name": {
            "translate": "item.valiance.stone_greatsword"
          }
        },
        {
          "function": "minecraft:set_lore",
          "entity": "this",
          "lore": [
            {
              "translate": "ui.valiance.title",
              "color": "white",
              "font": "valiance:title",
              "italic": false
            },
            {
              "text": " "
            },
            {
              "translate": "item.modifiers.mainhand",
              "color": "gray",
              "italic": false
            },
            [
              {
                "text": " 7 ",
                "color": "dark_green",
                "italic": false
              },
              {
                "translate": "attribute.name.attack_damage",
                "color": "dark_green",
                "italic": false
              }
            ],
            [
              {
                "text": " 1.3 ",
                "color": "dark_green",
                "italic": false
              },
              {
                "translate": "attribute.name.attack_speed",
                "color": "dark_green",
                "italic": false
              }
            ],
            [
              {
                "text": " -15% ",
                "color": "red",
                "italic": false
              },
              {
                "translate": "attribute.name.movement_speed",
                "color": "red",
                "italic": false
              }
            ]
          ],
          "mode": "replace_all"
        },
        {
          "function": "minecraft:set_components",
          "components": {
            "minecraft:item_model": "valiance:stone_greatsword"
          }
        },
        {
          "function": "minecraft:set_custom_data",
          "tag": "{valiance:{id:\"stone_greatsword\",weapon_type:\"greatsword\"},smithed:{ignore:{functionality:1b,crafting:1b}}}"
        },
        {
          "function": "minecraft:set_attributes",
          "modifiers": [
            {
              "attribute": "minecraft:attack_damage",
              "id": "valiance:item.stone_greatsword.attack_damage",
              "amount": 6,
              "operation": "add_value",
              "slot": "mainhand"
            },
            {
              "attribute": "minecraft:attack_speed",
              "id": "valiance:item.stone_greatsword.attack_speed",
              "amount": -2.7,
              "operation": "add_value",
              "slot": "mainhand"
            },
            {
              "attribute": "minecraft:movement_speed",
              "id": "valiance:item.stone_greatsword.movement_speed",
              "amount": -0.15,
              "operation": "add_multiplied_base",
              "slot": "mainhand"
            }
          ]
        },
        {
          "function": "minecraft:toggle_tooltips",
          "toggles": {
            "attribute_modifiers": false
          }
        }
      ]
    }
  ]
}
