{
  "type": "minecraft:generic",
  "pools": [
    {
      "rolls": 1,
      "entries": [
        {
          "type": "minecraft:item",
          "name": "minecraft:poisonous_potato"
        }
      ],
      "functions": [
        {
          "function": "minecraft:set_name",
          "entity": "this",
          "target": "item_name",
          "name": {
            "translate": "item.valiance.strange_amulet"
          }
        },
        {
          "function": "minecraft:set_lore",
          "entity": "this",
          "lore": [
            {
              "translate": "ui.valiance.title",
              "color": "white",
              "font": "valiance:title",
              "italic": false
            },
            {
              "text": ""
            },
            {
              "translate": "item.modifiers.valiance.inventory",
              "color": "gray",
              "italic": false
            },
            {
              "translate": "item.valiance.strange_amulet.description",
              "color": "aqua",
              "italic": false
            }
          ],
          "mode": "replace_all"
        },
        {
          "function": "minecraft:set_components",
          "components": {
            "minecraft:item_model": "valiance:strange_amulet",
            "minecraft:rarity": "uncommon",
            "minecraft:max_stack_size": 1,
            "!minecraft:consumable": {},
            "!minecraft:food": {}
          }
        },
        {
          "function": "minecraft:set_custom_data",
          "tag": "{valiance:{id:\"strange_amulet\"},smithed:{ignore:{functionality:1b,crafting:1b}}}"
        }
      ]
    }
  ]
}
