{
  "type": "minecraft:generic",
  "pools": [
    {
      "rolls": 1,
      "entries": [
        {
          "type": "minecraft:item",
          "name": "minecraft:player_head"
        }
      ],
      "functions": [
        {
          "function": "minecraft:set_name",
          "entity": "this",
          "target": "item_name",
          "name": {
            "translate": "item.valiance.tanning_rack"
          }
        },
        {
          "function": "minecraft:set_lore",
          "entity": "this",
          "lore": [
            {
              "translate": "ui.valiance.title",
              "color": "white",
              "font": "valiance:title",
              "italic": false
            }
          ],
          "mode": "replace_all"
        },
        {
          "function": "minecraft:set_components",
          "components": {
            "minecraft:item_model": "valiance:tanning_rack",
            "minecraft:rarity": "common",
            "!minecraft:equippable": {},
            "minecraft:profile": {
              "id": [
                4,
                4,
                6,
                0
              ],
              "properties": [
                {
                  "name": "textures",
                  "value": "valiance.tanning_rack"
                }
              ]
            }
          }
        },
        {
          "function": "minecraft:set_custom_data",
          "tag": "{valiance:{id:\"tanning_rack\"}}"
        },
        {
          "function": "minecraft:set_contents",
          "component": "minecraft:container",
          "entries": [
            {
              "type": "minecraft:item",
              "name": "minecraft:stone",
              "functions": [
                {
                  "function": "minecraft:set_custom_data",
                  "tag": "{thallium:{block:{id:\"tanning_rack\"}},smithed:{ignore:{functionality:1b,crafting:1b}}}"
                }
              ]
            }
          ]
        }
      ]
    }
  ]
}
