{
  "display": {
    "icon": {
      "id": "minecraft:iron_sword"
    },
    "title": {
      "translate": "advancements.adventure.kill_a_mob.title"
    },
    "description": {
      "translate": "advancements.adventure.kill_a_mob.description"
    }
  },
  "parent": "valiance:combat/root",
  "criteria": {
    "kill": {
      "trigger": "minecraft:player_killed_entity",
      "conditions": {
        "entity": [
          {
            "condition": "minecraft:entity_properties",
            "entity": "this",
            "predicate": {
              "type": "#valiance:hostile"
            }
          }
        ]
      }
    }
  },
  "sends_telemetry_event": true
}
