{
  "display": {
    "icon": {
      "id": "minecraft:carved_pumpkin"
    },
    "title": {
      "translate": "advancements.adventure.summon_iron_golem.title"
    },
    "description": {
      "translate": "advancements.adventure.summon_iron_golem.description"
    },
    "frame": "goal"
  },
  "parent": "valiance:combat/root",
  "criteria": {
    "summoned_golem": {
      "trigger": "minecraft:summoned_entity",
      "conditions": {
        "entity": [
          {
            "condition": "minecraft:entity_properties",
            "entity": "this",
            "predicate": {
              "type": "minecraft:iron_golem"
            }
          }
        ]
      }
    }
  },
  "requirements": [
    [
      "summoned_golem"
    ]
  ],
  "sends_telemetry_event": true
}
