{
  "display": {
    "icon": {
      "id": "minecraft:trident"
    },
    "title": {
      "translate": "advancements.adventure.throw_trident.title"
    },
    "description": {
      "translate": "advancements.adventure.throw_trident.description"
    }
  },
  "parent": "valiance:combat/root",
  "criteria": {
    "shot_trident": {
      "trigger": "minecraft:player_hurt_entity",
      "conditions": {
        "damage": {
          "type": {
            "tags": [
              {
                "id": "minecraft:is_projectile",
                "expected": true
              }
            ],
            "direct_entity": {
              "type": "minecraft:trident"
            }
          }
        }
      }
    }
  },
  "requirements": [
    [
      "shot_trident"
    ]
  ],
  "sends_telemetry_event": true
}
