{
  "display": {
    "icon": {
      "id": "minecraft:wind_charge",
      "count": 1
    },
    "title": {
      "translate": "advancements.adventure.who_needs_rockets.title"
    },
    "description": {
      "translate": "advancements.adventure.who_needs_rockets.description"
    }
  },
  "parent": "minecraft:adventure/blowback",
  "criteria": {
    "who_needs_rockets": {
      "trigger": "minecraft:fall_after_explosion",
      "conditions": {
        "distance": {
          "y": {
            "min": 7
          }
        },
        "cause": [
          {
            "condition": "minecraft:entity_properties",
            "entity": "this",
            "predicate": {
              "type": "minecraft:wind_charge"
            }
          }
        ]
      }
    }
  },
  "requirements": [
    [
      "who_needs_rockets"
    ]
  ],
  "sends_telemetry_event": true
}
