{
  "pools": [
    {
      "rolls": 1,
      "entries": [
        {
          "type": "minecraft:item",
          "name": "minecraft:book",
          "weight": 2,
          "functions": [
            {
              "function": "minecraft:enchant_with_levels",
              "levels": 10,
              "options": [
                "minecraft:sharpness",
                "minecraft:fire_aspect",
                "minecraft:smite",
                "minecraft:bane_of_arthropods",
                "minecraft:sweeping_edge",
                "valiance:vigilant",
                "valiance:butcher"
              ]
            }
          ]
        },
        {
          "type": "minecraft:item",
          "name": "minecraft:arrow",
          "weight": 1,
          "functions": [
            {
              "function": "minecraft:set_count",
              "count": {
                "min": 8,
                "max": 12
              }
            }
          ]
        },
        {
          "type": "minecraft:item",
          "name": "minecraft:tnt",
          "weight": 1,
          "functions": [
            {
              "function": "minecraft:set_count",
              "count": {
                "min": 2,
                "max": 4
              }
            }
          ]
        }
      ]
    },
    {
      "rolls": 1,
      "entries": [
        {
          "type": "minecraft:item",
          "name": "minecraft:iron_sword",
          "weight": 4,
          "functions": [
            {
              "function": "minecraft:enchant_with_levels",
              "levels": 15
            }
          ]
        },
        {
          "type": "minecraft:loot_table",
          "value": "valiance:item/iron_dagger",
          "weight": 4,
          "functions": [
            {
              "function": "minecraft:enchant_with_levels",
              "levels": 15
            }
          ]
        },
        {
          "type": "minecraft:loot_table",
          "value": "valiance:item/iron_greatsword",
          "weight": 4,
          "functions": [
            {
              "function": "minecraft:enchant_with_levels",
              "levels": 15
            }
          ]
        },
        {
          "type": "minecraft:loot_table",
          "value": "valiance:item/iron_spear",
          "weight": 4,
          "functions": [
            {
              "function": "minecraft:enchant_with_levels",
              "levels": 15
            }
          ]
        },
        {
          "type": "minecraft:loot_table",
          "value": "valiance:item/iron_hammer",
          "weight": 2,
          "functions": [
            {
              "function": "minecraft:enchant_with_levels",
              "levels": 15
            }
          ]
        },
        {
          "type": "minecraft:item",
          "name": "minecraft:iron_sword",
          "weight": 2,
          "functions": [
            {
              "function": "minecraft:enchant_with_levels",
              "levels": 15
            }
          ]
        },
        {
          "type": "minecraft:loot_table",
          "value": "valiance:item/iron_dagger",
          "weight": 2,
          "functions": [
            {
              "function": "minecraft:enchant_with_levels",
              "levels": 15
            }
          ]
        },
        {
          "type": "minecraft:loot_table",
          "value": "valiance:item/iron_greatsword",
          "weight": 2,
          "functions": [
            {
              "function": "minecraft:enchant_with_levels",
              "levels": 15
            }
          ]
        },
        {
          "type": "minecraft:loot_table",
          "value": "valiance:item/iron_spear",
          "weight": 2,
          "functions": [
            {
              "function": "minecraft:enchant_with_levels",
              "levels": 15
            }
          ]
        },
        {
          "type": "minecraft:loot_table",
          "value": "valiance:item/iron_hammer",
          "weight": 1,
          "functions": [
            {
              "function": "minecraft:enchant_with_levels",
              "levels": 15
            }
          ]
        }
      ]
    }
  ]
}
