{
  "display": {
    "icon": {
      "id": "minecraft:warped_fungus_on_a_stick",
      "components": {
        "minecraft:custom_model_data": 4460004
      }
    },
    "title": {
      "translate": "advancements.valiance.adventure.complete_bounty"
    },
    "description": {
      "translate": "advancements.valiance.adventure.complete_bounty.description"
    }
  },
  "parent": "minecraft:adventure/kill_a_mob",
  "criteria": {
    "impossible": {
      "trigger": "minecraft:impossible"
    }
  }
}
