{
    "parent": "block/jigsaw",
    "overrides": [
        {"predicate": {"custom_model_data": 4460000},"model": "valiance:item/empty"},
        {"predicate": {"custom_model_data": 4460001},"model": "valiance:item/entity/brute/arm_zombie"},
        {"predicate": {"custom_model_data": 4460002},"model": "valiance:item/entity/brute/arm_zombie_hurt"},
        {"predicate": {"custom_model_data": 4460003},"model": "valiance:item/entity/brute/head_zombie"},
        {"predicate": {"custom_model_data": 4460004},"model": "valiance:item/entity/brute/head_zombie_hurt"},
        {"predicate": {"custom_model_data": 4460005},"model": "valiance:item/entity/brute/arm_husk"},
        {"predicate": {"custom_model_data": 4460006},"model": "valiance:item/entity/brute/arm_husk_hurt"},
        {"predicate": {"custom_model_data": 4460007},"model": "valiance:item/entity/brute/head_husk"},
        {"predicate": {"custom_model_data": 4460008},"model": "valiance:item/entity/brute/head_husk_hurt"},
        {"predicate": {"custom_model_data": 4460009},"model": "valiance:item/entity/brute/arm_drowned"},
        {"predicate": {"custom_model_data": 4460010},"model": "valiance:item/entity/brute/arm_drowned_hurt"},
        {"predicate": {"custom_model_data": 4460011},"model": "valiance:item/entity/brute/head_drowned"},
        {"predicate": {"custom_model_data": 4460012},"model": "valiance:item/entity/brute/head_drowned_hurt"},
        {"predicate": {"custom_model_data": 4460013},"model": "valiance:item/totem_of_irregularity"},
        {"predicate": {"custom_model_data": 4460014},"model": "valiance:item/entity/dynamite"},
        {"predicate": {"custom_model_data": 4460015},"model": "valiance:item/ruby"}
    ]
}
