[
  {
    "function": "minecraft:set_components",
    "components": {
      "minecraft:custom_data": "{valiance:{id:\"enchanted_horse_flute\",full:3}}",
      "minecraft:enchantment_glint_override": true
    }
  },
  {
    "function": "minecraft:copy_custom_data",
    "source": {
      "type": "minecraft:storage",
      "source": "valiance:storage"
    },
    "ops": [
      {
        "source": "root.temp.entity",
        "target": "valiance.horse_data",
        "op": "replace"
      }
    ]
  },
  {
    "function": "minecraft:set_lore",
    "entity": "this",
    "lore": [
      {
        "translate": "ui.valiance.title",
        "color": "white",
        "font": "valiance:title",
        "italic": false
      }
    ],
    "mode": "replace_all",
    "conditions": [
      {
        "condition": "minecraft:entity_scores",
        "entity": "this",
        "scores": {
          "valiance.dummy": 0
        }
      }
    ]
  },
  {
    "function": "minecraft:set_lore",
    "entity": "this",
    "lore": [
      {
        "translate": "entity.minecraft.zombie_horse",
        "color": "gray",
        "italic": false
      }
    ],
    "mode": "append"
  },
  {
    "function": "minecraft:set_lore",
    "entity": "this",
    "lore": [
      {
        "nbt": "root.temp.entity.CustomName",
        "storage": "valiance:storage",
        "color": "gray",
        "italic": true
      }
    ],
    "mode": "append",
    "conditions": [
      {
        "condition": "minecraft:entity_scores",
        "entity": "this",
        "scores": {
          "valiance.dummy": 1
        }
      }
    ]
  }
]
