{
  "type": "minecraft:crafting_shapeless",
  "category": "food",
  "ingredients": [
    {
      "item": "minecraft:stick"
    },
    {
      "tag": "valiance:monster_kebab_ingredient"
    },
    {
      "tag": "valiance:monster_kebab_ingredient"
    }
  ],
  "result": {
    "id": "minecraft:knowledge_book",
    "count": 1,
    "components": {
      "minecraft:custom_model_data": 4460026,
      "minecraft:custom_name": "{\"translate\":\"item.valiance.monster_kebab\",\"italic\":false}",
      "minecraft:rarity": "common"
    }
  }
}
