{
  "pools": [
    {
      "rolls": 1,
      "entries": [
        {
          "type": "minecraft:loot_table",
          "value": "valiance:item/rival_armor_trim_smithing_template",
          "conditions": [
            {
              "condition": "minecraft:random_chance_with_enchanted_bonus",
              "enchantment": "minecraft:looting",
              "unenchanted_chance": 0.1,
              "enchanted_chance": {
                "type": "minecraft:linear",
                "base": 0.05,
                "per_level_above_first": 0.025
              }
            },
            {
              "condition": "minecraft:entity_properties",
              "entity": "this",
              "predicate": {
                "nbt": "{Tags:[\"valiance.entity.tainted_armor.rival\"]}"
              }
            }
          ]
        },
        {
          "type": "minecraft:loot_table",
          "value": "valiance:item/banding_armor_trim_smithing_template",
          "conditions": [
            {
              "condition": "minecraft:random_chance_with_enchanted_bonus",
              "enchantment": "minecraft:looting",
              "unenchanted_chance": 0.1,
              "enchanted_chance": {
                "type": "minecraft:linear",
                "base": 0.05,
                "per_level_above_first": 0.025
              }
            },
            {
              "condition": "minecraft:entity_properties",
              "entity": "this",
              "predicate": {
                "nbt": "{Tags:[\"valiance.entity.tainted_armor.banding\"]}"
              }
            }
          ]
        },
        {
          "type": "minecraft:loot_table",
          "value": "valiance:item/buckle_armor_trim_smithing_template",
          "conditions": [
            {
              "condition": "minecraft:random_chance_with_enchanted_bonus",
              "enchantment": "minecraft:looting",
              "unenchanted_chance": 0.1,
              "enchanted_chance": {
                "type": "minecraft:linear",
                "base": 0.05,
                "per_level_above_first": 0.025
              }
            },
            {
              "condition": "minecraft:entity_properties",
              "entity": "this",
              "predicate": {
                "nbt": "{Tags:[\"valiance.entity.tainted_armor.buckle\"]}"
              }
            }
          ]
        }
      ]
    },
    {
      "rolls": 1,
      "entries": [
        {
          "type": "minecraft:item",
          "name": "minecraft:experience_bottle",
          "functions": [
            {
              "function": "minecraft:set_count",
              "count": {
                "min": 1,
                "max": 3
              }
            },
            {
              "function": "minecraft:enchanted_count_increase",
              "enchantment": "minecraft:looting",
              "count": {
                "min": 0,
                "max": 1
              }
            }
          ]
        }
      ]
    },
    {
      "rolls": 1,
      "entries": [
        {
          "type": "minecraft:loot_table",
          "value": "valiance:item/strange_amulet",
          "conditions": [
            {
              "condition": "minecraft:random_chance",
              "chance": 0.01
            }
          ]
        }
      ]
    }
  ]
}
