{
	"credit": "Made with Blockbench",
	"texture_size": [64, 64],
	"textures": {
		"0": "valiance:item/entity/brute/hurt",
		"particle": "valiance:item/entity/brute/hurt"
	},
	"elements": [
		{
			"name": "Arm",
			"from": [5.49, -0.01, 5.99],
			"to": [10.51, 13.01, 10.01],
			"rotation": {"angle": 0, "axis": "x", "origin": [8, 6.5, 8]},
			"faces": {
				"north": {"uv": [10, 1, 11.25, 4.25], "texture": "#0"},
				"east": {"uv": [9, 1, 10, 4.25], "texture": "#0"},
				"south": {"uv": [12.25, 1, 13.5, 4.25], "texture": "#0"},
				"west": {"uv": [11.25, 1, 12.25, 4.25], "texture": "#0"},
				"up": {"uv": [11.25, 1, 10, 0], "texture": "#0"},
				"down": {"uv": [12.5, 0, 11.25, 1], "texture": "#0"}
			}
		}
	],
	"display": {
		"thirdperson_righthand": {
			"rotation": [90, 0, 0],
			"translation": [0.5, -2, 7]
		},
		"thirdperson_lefthand": {
			"rotation": [90, 0, 0],
			"translation": [0.5, -2, 7]
		}
	}
}