{
  "type": "minecraft:crafting_shaped",
  "category": "equipment",
  "pattern": [
    " c ",
    " r ",
    " r "
  ],
  "key": {
    "c": {
      "item": "minecraft:gold_ingot"
    },
    "r": {
      "item": "minecraft:bone"
    }
  },
  "result": {
    "id": "minecraft:warped_fungus_on_a_stick",
    "count": 1,
    "components": {
      "minecraft:custom_data": "{valiance:{id:\"commanding_rod\"},smithed:{ignore:{functionality:1b,crafting:1b}}}",
      "minecraft:custom_model_data": 4460000,
      "minecraft:item_name": "{\"translate\":\"item.valiance.commanding_rod\"}",
      "minecraft:lore": [
        "{\"translate\":\"ui.valiance.title\",\"color\":\"white\",\"font\":\"valiance:title\",\"italic\":false}"
      ]
    }
  }
}
