{
  "type": "minecraft:crafting_shapeless",
  "category": "food",
  "ingredients": [
    {
      "item": "minecraft:blaze_rod"
    },
    {
      "item": "minecraft:magma_cream"
    },
    {
      "item": "minecraft:sugar"
    }
  ],
  "result": {
    "id": "minecraft:cooked_cod",
    "count": 1,
    "components": {
      "minecraft:custom_data": "{valiance:{id:\"magma_cream_candy\"},smithed:{ignore:{functionality:1b,crafting:1b}}}",
      "minecraft:custom_model_data": 4460000,
      "minecraft:item_name": "{\"translate\":\"item.valiance.magma_cream_candy\"}",
      "minecraft:lore": [
        "{\"translate\":\"ui.valiance.title\",\"color\":\"white\",\"font\":\"valiance:title\",\"italic\":false}"
      ],
      "minecraft:food": {
        "nutrition": 2,
        "saturation": 4,
        "can_always_eat": true,
        "eat_seconds": 1.2
      }
    }
  }
}
