{
  "type": "minecraft:crafting_shaped",
  "category": "equipment",
  "pattern": [
    "mmm",
    "mwm",
    "mmm"
  ],
  "key": {
    "m": {
      "item": "minecraft:armadillo_scute"
    },
    "w": {
      "tag": "minecraft:planks"
    }
  },
  "result": {
    "id": "minecraft:shield",
    "count": 1,
    "components": {
      "minecraft:custom_data": "{valiance:{id:\"scute_shield\"},smithed:{ignore:{functionality:1b,crafting:1b}}}",
      "minecraft:custom_model_data": 4460001,
      "minecraft:max_damage": 1000,
      "minecraft:item_name": "{\"translate\":\"item.valiance.scute_shield\"}",
      "minecraft:lore": [
        "{\"translate\":\"ui.valiance.title\",\"color\":\"white\",\"font\":\"valiance:title\",\"italic\":false}"
      ]
    }
  }
}
