{
  "criteria": {
    "wooden": {
      "trigger": "minecraft:entity_hurt_player",
      "conditions": {
        "damage": {
          "source_entity": {
            "equipment": {
              "mainhand": {
                "items": "minecraft:wooden_sword",
                "custom_data": "{valiance:{weapon_type:\"hammer\"}}"
              }
            }
          }
        }
      }
    },
    "stone": {
      "trigger": "minecraft:entity_hurt_player",
      "conditions": {
        "damage": {
          "source_entity": {
            "equipment": {
              "mainhand": {
                "items": "minecraft:stone_sword",
                "custom_data": "{valiance:{weapon_type:\"hammer\"}}"
              }
            }
          }
        }
      }
    },
    "iron": {
      "trigger": "minecraft:entity_hurt_player",
      "conditions": {
        "damage": {
          "source_entity": {
            "equipment": {
              "mainhand": {
                "items": "minecraft:iron_sword",
                "custom_data": "{valiance:{weapon_type:\"hammer\"}}"
              }
            }
          }
        }
      }
    },
    "golden": {
      "trigger": "minecraft:entity_hurt_player",
      "conditions": {
        "damage": {
          "source_entity": {
            "equipment": {
              "mainhand": {
                "items": "minecraft:golden_sword",
                "custom_data": "{valiance:{weapon_type:\"hammer\"}}"
              }
            }
          }
        }
      }
    },
    "diamond": {
      "trigger": "minecraft:entity_hurt_player",
      "conditions": {
        "damage": {
          "source_entity": {
            "equipment": {
              "mainhand": {
                "items": "minecraft:diamond_sword",
                "custom_data": "{valiance:{weapon_type:\"hammer\"}}"
              }
            }
          }
        }
      }
    },
    "netherite": {
      "trigger": "minecraft:entity_hurt_player",
      "conditions": {
        "damage": {
          "source_entity": {
            "equipment": {
              "mainhand": {
                "items": "minecraft:netherite_sword",
                "custom_data": "{valiance:{weapon_type:\"hammer\"}}"
              }
            }
          }
        }
      }
    }
  },
  "requirements": [
    [
      "wooden",
      "stone",
      "iron",
      "golden",
      "diamond",
      "netherite"
    ]
  ],
  "rewards": {
    "function": "valiance:entity/player/armor_damage/apply"
  }
}
