[
  {
    "function": "minecraft:set_custom_data",
    "tag": "{valiance:{id:\"netherite_dagger\",weapon_type:\"dagger\"},smithed:{ignore:{functionality:1b,crafting:1b}}}"
  },
  {
    "function": "minecraft:set_components",
    "components": {
      "minecraft:item_model": "valiance:netherite_dagger",
      "minecraft:lore": []
    }
  },
  {
    "function": "minecraft:set_name",
    "entity": "this",
    "target": "item_name",
    "name": {
      "translate": "item.valiance.netherite_dagger"
    }
  },
  {
    "function": "minecraft:set_lore",
    "entity": "this",
    "lore": [
      {
        "translate": "ui.valiance.title",
        "color": "white",
        "font": "valiance:title",
        "italic": false
      },
      {
        "text": " "
      },
      {
        "translate": "item.modifiers.mainhand",
        "color": "gray",
        "italic": false
      },
      [
        {
          "text": " 13 ",
          "color": "dark_green",
          "italic": false
        },
        {
          "translate": "attribute.name.attack_damage",
          "color": "dark_green",
          "italic": false
        }
      ],
      [
        {
          "text": " 2 ",
          "color": "dark_green",
          "italic": false
        },
        {
          "translate": "attribute.name.attack_speed",
          "color": "dark_green",
          "italic": false
        }
      ],
      [
        {
          "text": " -0.75 ",
          "color": "red",
          "italic": false
        },
        {
          "translate": "attribute.valiance.attack_range",
          "color": "red",
          "italic": false
        }
      ]
    ],
    "mode": "replace_all"
  },
  {
    "function": "minecraft:set_attributes",
    "modifiers": [
      {
        "attribute": "minecraft:attack_damage",
        "amount": 12,
        "operation": "add_value",
        "id": "valiance:item.netherite_dagger.attack_damage",
        "slot": "mainhand"
      },
      {
        "attribute": "minecraft:attack_speed",
        "amount": -2,
        "operation": "add_value",
        "id": "valiance:item.netherite_dagger.attack_speed",
        "slot": "mainhand"
      },
      {
        "attribute": "minecraft:entity_interaction_range",
        "amount": -0.75,
        "operation": "add_value",
        "id": "valiance:item.netherite_dagger.entity_interaction_range",
        "slot": "mainhand"
      }
    ]
  },
  {
    "function": "minecraft:toggle_tooltips",
    "toggles": {
      "attribute_modifiers": false
    }
  }
]
