[
  {
    "function": "minecraft:set_custom_data",
    "tag": "{valiance:{id:\"netherite_hammer\",weapon_type:\"hammer\"},smithed:{ignore:{functionality:1b,crafting:1b}}}"
  },
  {
    "function": "minecraft:set_components",
    "components": {
      "minecraft:item_model": "valiance:netherite_hammer",
      "minecraft:attribute_modifiers": {
        "modifiers": [],
        "show_in_tooltip": false
      },
      "minecraft:lore": [],
      "!minecraft:tool": {}
    }
  },
  {
    "function": "minecraft:set_name",
    "entity": "this",
    "target": "item_name",
    "name": {
      "translate": "item.valiance.netherite_hammer"
    }
  },
  {
    "function": "minecraft:set_lore",
    "entity": "this",
    "lore": [
      {
        "translate": "ui.valiance.title",
        "color": "white",
        "font": "valiance:title",
        "italic": false
      },
      {
        "text": " "
      },
      {
        "translate": "item.modifiers.mainhand",
        "color": "gray",
        "italic": false
      },
      [
        {
          "text": " 11 ",
          "color": "dark_green",
          "italic": false
        },
        {
          "translate": "attribute.name.attack_damage",
          "color": "dark_green",
          "italic": false
        }
      ],
      [
        {
          "text": " 1.2 ",
          "color": "dark_green",
          "italic": false
        },
        {
          "translate": "attribute.name.attack_speed",
          "color": "dark_green",
          "italic": false
        }
      ],
      [
        {
          "text": " 3 ",
          "color": "dark_green",
          "italic": false
        },
        {
          "translate": "attribute.valiance.armor_damage",
          "color": "dark_green",
          "italic": false
        }
      ],
      [
        {
          "text": " -10% ",
          "color": "red",
          "italic": false
        },
        {
          "translate": "attribute.name.movement_speed",
          "color": "red",
          "italic": false
        }
      ]
    ],
    "mode": "replace_all"
  },
  {
    "function": "minecraft:set_attributes",
    "modifiers": [
      {
        "id": "valiance:item.netherite_hammer.attack_damage",
        "attribute": "minecraft:attack_damage",
        "amount": 10,
        "operation": "add_value",
        "slot": "mainhand"
      },
      {
        "id": "valiance:item.netherite_hammer.attack_speed",
        "attribute": "minecraft:attack_speed",
        "amount": -2.8,
        "operation": "add_value",
        "slot": "mainhand"
      },
      {
        "id": "valiance:item.netherite_hammer.movement_speed",
        "attribute": "minecraft:movement_speed",
        "amount": -0.1,
        "operation": "add_multiplied_base",
        "slot": "mainhand"
      }
    ]
  },
  {
    "function": "minecraft:toggle_tooltips",
    "toggles": {
      "attribute_modifiers": false
    }
  }
]
