[
  {
    "function": "minecraft:set_custom_data",
    "tag": "{valiance:{id:\"ranger_chestplate\",armor_type:\"archer\"},smithed:{ignore:{functionality:1b,crafting:1b}}}"
  },
  {
    "function": "minecraft:set_components",
    "components": {
      "minecraft:item_model": "valiance:ranger_armor/ranger_chestplate",
      "minecraft:max_damage": 528,
      "minecraft:repairable": {
        "items": "minecraft:netherite_scrap"
      },
      "minecraft:equippable": {
        "slot": "chest",
        "equip_sound": {
          "sound_id": "valiance:item.armor.equip_ranger",
          "range": 1
        },
        "model": "valiance:ranger"
      }
    }
  },
  {
    "function": "minecraft:set_name",
    "entity": "this",
    "target": "item_name",
    "name": {
      "translate": "item.valiance.ranger_chestplate"
    }
  },
  {
    "function": "minecraft:set_lore",
    "entity": "this",
    "lore": [
      {
        "translate": "ui.valiance.title",
        "color": "white",
        "font": "valiance:title",
        "italic": false
      },
      {
        "text": " "
      },
      {
        "translate": "item.modifiers.chest",
        "color": "gray",
        "italic": false
      },
      [
        {
          "text": " +6 ",
          "color": "blue",
          "italic": false
        },
        {
          "translate": "attribute.name.armor",
          "color": "blue",
          "italic": false
        }
      ],
      [
        {
          "text": " +2 ",
          "color": "blue",
          "italic": false
        },
        {
          "translate": "attribute.name.armor_toughness",
          "color": "blue",
          "italic": false
        }
      ],
      [
        {
          "text": " +0.25 ",
          "color": "blue",
          "italic": false
        },
        {
          "translate": "attribute.valiance.projectile_strength",
          "color": "blue",
          "italic": false
        }
      ]
    ],
    "mode": "replace_all"
  },
  {
    "function": "minecraft:set_attributes",
    "modifiers": [
      {
        "id": "valiance:item.ranger_chestplate.armor",
        "attribute": "minecraft:armor",
        "amount": 6,
        "operation": "add_value",
        "slot": "chest"
      },
      {
        "id": "valiance:item.ranger_chestplate.armor_toughness",
        "attribute": "minecraft:armor_toughness",
        "amount": 2,
        "operation": "add_value",
        "slot": "chest"
      }
    ]
  },
  {
    "function": "minecraft:toggle_tooltips",
    "toggles": {
      "attribute_modifiers": false
    }
  }
]
