{
  "pools": [
    {
      "rolls": 1,
      "entries": [
        {
          "type": "minecraft:item",
          "name": "minecraft:iron_axe",
          "weight": 10
        },
        {
          "type": "minecraft:item",
          "name": "minecraft:iron_sword",
          "weight": 2
        },
        {
          "type": "minecraft:loot_table",
          "value": "valiance:item/iron_dagger",
          "weight": 2
        },
        {
          "type": "minecraft:loot_table",
          "value": "valiance:item/iron_greatsword",
          "weight": 2
        },
        {
          "type": "minecraft:loot_table",
          "value": "valiance:item/iron_spear",
          "weight": 2
        },
        {
          "type": "minecraft:loot_table",
          "value": "valiance:item/iron_hammer",
          "weight": 10
        }
      ]
    }
  ]
}
