{
  "description": {
    "text": "Technical Enchantment - Arrow Damage Armor Bonus"
  },
  "supported_items": [
    "minecraft:bow",
    "minecraft:crossbow"
  ],
  "weight": 1,
  "max_level": 4,
  "min_cost": {
    "base": 1,
    "per_level_above_first": 0
  },
  "max_cost": {
    "base": 1,
    "per_level_above_first": 0
  },
  "anvil_cost": 1,
  "slots": [
    "mainhand"
  ],
  "effects": {
    "minecraft:damage": [
      {
        "effect": {
          "type": "minecraft:add",
          "value": {
            "type": "minecraft:linear",
            "base": 0.25,
            "per_level_above_first": 0.25
          }
        }
      }
    ]
  }
}
