{
  "description": {
    "text": "Technical Enchantment - Shortbow Damage 1"
  },
  "supported_items": [
    "minecraft:bow",
    "minecraft:crossbow"
  ],
  "weight": 1,
  "max_level": 1,
  "min_cost": {
    "base": 1,
    "per_level_above_first": 0
  },
  "max_cost": {
    "base": 1,
    "per_level_above_first": 0
  },
  "anvil_cost": 1,
  "slots": [
    "mainhand"
  ],
  "effects": {
    "minecraft:damage": [
      {
        "effect": {
          "type": "minecraft:add",
          "value": 2
        },
        "requirements": {
          "condition": "minecraft:entity_properties",
          "entity": "attacker",
          "predicate": {
            "distance": {
              "absolute": {
                "min": 0,
                "max": 10
              }
            }
          }
        }
      }
    ]
  }
}
