{
  "description": {
    "text": "Technical Enchantment - Gale Arrow"
  },
  "supported_items": [
    "minecraft:bow",
    "minecraft:crossbow"
  ],
  "weight": 1,
  "max_level": 1,
  "min_cost": {
    "base": 1,
    "per_level_above_first": 0
  },
  "max_cost": {
    "base": 1,
    "per_level_above_first": 0
  },
  "anvil_cost": 1,
  "slots": [
    "mainhand"
  ],
  "effects": {
    "minecraft:hit_block": [
      {
        "effect": {
          "type": "minecraft:explode",
          "radius": 2,
          "offset": [
            0,
            0.1,
            0
          ],
          "block_interaction": "trigger",
          "small_particle": {
            "type": "minecraft:gust_emitter_small"
          },
          "large_particle": {
            "type": "minecraft:gust_emitter_large"
          },
          "sound": "minecraft:entity.wind_charge.wind_burst",
          "immune_blocks": "#minecraft:blocks_wind_charge_explosions",
          "knockback_multiplier": 1
        }
      },
      {
        "effect": {
          "type": "minecraft:run_function",
          "function": "valiance:entity/arrow/kill"
        },
        "requirements": {
          "condition": "minecraft:entity_properties",
          "entity": "this",
          "predicate": {
            "type": "#minecraft:arrows"
          }
        }
      }
    ],
    "minecraft:post_attack": [
      {
        "enchanted": "attacker",
        "affected": "victim",
        "effect": {
          "type": "minecraft:explode",
          "radius": 2,
          "offset": [
            0,
            0.1,
            0
          ],
          "block_interaction": "trigger",
          "small_particle": {
            "type": "minecraft:gust_emitter_small"
          },
          "large_particle": {
            "type": "minecraft:gust_emitter_large"
          },
          "sound": "minecraft:entity.wind_charge.wind_burst",
          "immune_blocks": "#minecraft:blocks_wind_charge_explosions",
          "knockback_multiplier": 1
        }
      }
    ]
  }
}
