{
	"credit": "Made with Blockbench",
	"texture_size": [64, 64],
	"textures": {
		"0": "valiance:item/entity/cobblestone_golem/cobblestone_golem"
	},
	"elements": [
		{
			"name": "Body",
			"from": [1, 4, 1],
			"to": [15, 18, 15],
			"rotation": {"angle": 0, "axis": "y", "origin": [8, 11, 8]},
			"faces": {
				"north": {"uv": [3.5, 3.5, 7, 7], "texture": "#0"},
				"east": {"uv": [0, 3.5, 3.5, 7], "texture": "#0"},
				"south": {"uv": [10.5, 3.5, 14, 7], "texture": "#0"},
				"west": {"uv": [7, 3.5, 10.5, 7], "texture": "#0"},
				"up": {"uv": [7, 3.5, 3.5, 0], "texture": "#0"},
				"down": {"uv": [10.5, 0, 7, 3.5], "texture": "#0"}
			}
		},
		{
			"name": "Nose",
			"from": [6, 3, -1],
			"to": [10, 8, 1],
			"rotation": {"angle": 0, "axis": "y", "origin": [13, 10, 6]},
			"faces": {
				"north": {"uv": [0.5, 0.5, 1.5, 1.75], "texture": "#0"},
				"east": {"uv": [0, 0.5, 0.5, 1.75], "texture": "#0"},
				"south": {"uv": [2, 0.5, 3, 1.75], "texture": "#0"},
				"west": {"uv": [1.5, 0.5, 2, 1.75], "texture": "#0"},
				"up": {"uv": [1.5, 0.5, 0.5, 0], "texture": "#0"},
				"down": {"uv": [2.5, 0, 1.5, 0.5], "texture": "#0"}
			}
		},
		{
			"name": "Leg",
			"from": [15, 0, 6],
			"to": [20, 13, 11],
			"rotation": {"angle": 0, "axis": "y", "origin": [22, 7, 13]},
			"faces": {
				"north": {"uv": [1.25, 8.25, 2.5, 11.5], "texture": "#0"},
				"east": {"uv": [0, 8.25, 1.25, 11.5], "texture": "#0"},
				"south": {"uv": [3.75, 8.25, 5, 11.5], "texture": "#0"},
				"west": {"uv": [2.5, 8.25, 3.75, 11.5], "texture": "#0"},
				"up": {"uv": [2.5, 8.25, 1.25, 7], "texture": "#0"},
				"down": {"uv": [3.75, 7, 2.5, 8.25], "texture": "#0"}
			}
		},
		{
			"name": "Leg",
			"from": [-4, 0, 6],
			"to": [1, 13, 11],
			"rotation": {"angle": 0, "axis": "y", "origin": [-6, 7, 13]},
			"faces": {
				"north": {"uv": [2.5, 8.25, 1.25, 11.5], "texture": "#0"},
				"east": {"uv": [3.75, 8.25, 2.5, 11.5], "texture": "#0"},
				"south": {"uv": [5, 8.25, 3.75, 11.5], "texture": "#0"},
				"west": {"uv": [1.25, 8.25, 0, 11.5], "texture": "#0"},
				"up": {"uv": [1.25, 8.25, 2.5, 7], "texture": "#0"},
				"down": {"uv": [2.5, 7, 3.75, 8.25], "texture": "#0"}
			}
		},
		{
			"name": "Leg",
			"from": [8.5, 0, 6],
			"to": [12.5, 4, 10],
			"rotation": {"angle": 0, "axis": "y", "origin": [15.5, 7, 13]},
			"faces": {
				"north": {"uv": [6, 8, 7, 9], "texture": "#0"},
				"east": {"uv": [5, 8, 6, 9], "texture": "#0"},
				"south": {"uv": [8, 8, 9, 9], "texture": "#0"},
				"west": {"uv": [7, 8, 8, 9], "texture": "#0"},
				"up": {"uv": [7, 8, 6, 7], "texture": "#0"},
				"down": {"uv": [8, 7, 7, 8], "texture": "#0"}
			}
		},
		{
			"name": "Leg",
			"from": [3.5, 0, 6],
			"to": [7.5, 4, 10],
			"rotation": {"angle": 0, "axis": "y", "origin": [0.5, 7, 13]},
			"faces": {
				"north": {"uv": [7, 8, 6, 9], "texture": "#0"},
				"east": {"uv": [8, 8, 7, 9], "texture": "#0"},
				"south": {"uv": [9, 8, 8, 9], "texture": "#0"},
				"west": {"uv": [6, 8, 5, 9], "texture": "#0"},
				"up": {"uv": [6, 8, 7, 7], "texture": "#0"},
				"down": {"uv": [7, 7, 8, 8], "texture": "#0"}
			}
		}
	],
	"display": {
		"ground": {
			"rotation": [0, -180, 0],
			"translation": [0, -10, -6.4]
		}
	},
	"groups": [
		{
			"name": "Root",
			"origin": [8, 0, 8],
			"color": 0,
			"children": [
				{
					"name": "Body",
					"origin": [8, 0, 8],
					"color": 0,
					"children": [
						0,
						1,
						{
							"name": "Arms",
							"origin": [5, 2, 8],
							"color": 0,
							"children": [
								{
									"name": "ArmLeft",
									"origin": [15.5, 10.5, 8.5],
									"color": 0,
									"children": [2]
								},
								{
									"name": "ArmRight",
									"origin": [0.5, 10.5, 8.5],
									"color": 0,
									"children": [3]
								}
							]
						}
					]
				},
				{
					"name": "Legs",
					"origin": [8, 0, 8],
					"color": 0,
					"children": [
						{
							"name": "LegLeft",
							"origin": [10.5, 2, 8],
							"color": 0,
							"children": [4]
						},
						{
							"name": "LegRight",
							"origin": [5.5, 2, 8],
							"color": 0,
							"children": [5]
						}
					]
				}
			]
		}
	]
}