{
	"credit": "Made with Blockbench",
	"texture_size": [64, 64],
	"textures": {
		"0": "valiance:item/entity/cobblestone_golem/cobblestone_golem",
		"1": "valiance:item/entity/cobblestone_golem/cobblestone_golem_legs"
	},
	"elements": [
		{
			"name": "Body",
			"from": [1, 4, 1],
			"to": [15, 18, 15],
			"rotation": {"angle": 0, "axis": "y", "origin": [8, 11, 8]},
			"faces": {
				"north": {"uv": [3.5, 3.5, 7, 7], "texture": "#0"},
				"east": {"uv": [0, 3.5, 3.5, 7], "texture": "#0"},
				"south": {"uv": [10.5, 3.5, 14, 7], "texture": "#0"},
				"west": {"uv": [7, 3.5, 10.5, 7], "texture": "#0"},
				"up": {"uv": [7, 3.5, 3.5, 0], "texture": "#0"},
				"down": {"uv": [10.5, 0, 7, 3.5], "texture": "#0"}
			}
		},
		{
			"name": "Nose",
			"from": [6, 3, -1],
			"to": [10, 8, 1],
			"rotation": {"angle": 0, "axis": "y", "origin": [13, 10, 6]},
			"faces": {
				"north": {"uv": [0.5, 0.5, 1.5, 1.75], "texture": "#0"},
				"east": {"uv": [0, 0.5, 0.5, 1.75], "texture": "#0"},
				"south": {"uv": [2, 0.5, 3, 1.75], "texture": "#0"},
				"west": {"uv": [1.5, 0.5, 2, 1.75], "texture": "#0"},
				"up": {"uv": [1.5, 0.5, 0.5, 0], "texture": "#0"},
				"down": {"uv": [2.5, 0, 1.5, 0.5], "texture": "#0"}
			}
		},
		{
			"name": "Leg",
			"from": [15, 0, 6],
			"to": [20, 13, 11],
			"rotation": {"angle": 0, "axis": "y", "origin": [22, 7, 13]},
			"faces": {
				"north": {"uv": [1.25, 8.25, 2.5, 11.5], "texture": "#0"},
				"east": {"uv": [0, 8.25, 1.25, 11.5], "texture": "#0"},
				"south": {"uv": [3.75, 8.25, 5, 11.5], "texture": "#0"},
				"west": {"uv": [2.5, 8.25, 3.75, 11.5], "texture": "#0"},
				"up": {"uv": [2.5, 8.25, 1.25, 7], "texture": "#0"},
				"down": {"uv": [3.75, 7, 2.5, 8.25], "texture": "#0"}
			}
		},
		{
			"name": "Leg",
			"from": [-4, 0, 6],
			"to": [1, 13, 11],
			"rotation": {"angle": 0, "axis": "y", "origin": [-6, 7, 13]},
			"faces": {
				"north": {"uv": [2.5, 8.25, 1.25, 11.5], "texture": "#0"},
				"east": {"uv": [3.75, 8.25, 2.5, 11.5], "texture": "#0"},
				"south": {"uv": [5, 8.25, 3.75, 11.5], "texture": "#0"},
				"west": {"uv": [1.25, 8.25, 0, 11.5], "texture": "#0"},
				"up": {"uv": [1.25, 8.25, 2.5, 7], "texture": "#0"},
				"down": {"uv": [2.5, 7, 3.75, 8.25], "texture": "#0"}
			}
		},
		{
			"name": "Leg",
			"from": [8.5, 0, 6],
			"to": [12.5, 4, 10],
			"rotation": {"angle": 0, "axis": "y", "origin": [10.5, 4, 8]},
			"faces": {
				"north": {"uv": [2, 1.975, 4, 3.975], "texture": "#1"},
				"east": {"uv": [0, 1.975, 2, 3.975], "texture": "#1"},
				"south": {"uv": [6, 1.975, 8, 3.975], "texture": "#1"},
				"west": {"uv": [4, 1.975, 6, 3.975], "texture": "#1"},
				"up": {"uv": [2, 0, 4, 2], "texture": "#1"},
				"down": {"uv": [4, 0, 6, 2], "texture": "#1"}
			}
		},
		{
			"name": "Leg",
			"from": [8.5, 0, 6],
			"to": [12.5, 4, 10],
			"rotation": {"angle": -22.5, "axis": "x", "origin": [10.5, 4, 8]},
			"faces": {
				"north": {"uv": [10, 1.975, 12, 3.975], "texture": "#1"},
				"east": {"uv": [8, 1.975, 10, 3.975], "texture": "#1"},
				"south": {"uv": [14, 1.975, 16, 3.975], "texture": "#1"},
				"west": {"uv": [12, 1.975, 14, 3.975], "texture": "#1"},
				"up": {"uv": [10, 0, 12, 2], "texture": "#1"},
				"down": {"uv": [12, 0, 14, 2], "texture": "#1"}
			}
		},
		{
			"name": "Leg",
			"from": [8.5, 0, 6],
			"to": [12.5, 4, 10],
			"rotation": {"angle": 22.5, "axis": "x", "origin": [10.5, 4, 8]},
			"faces": {
				"north": {"uv": [2, 5.975, 4, 7.975], "texture": "#1"},
				"east": {"uv": [0, 5.975, 2, 7.975], "texture": "#1"},
				"south": {"uv": [6, 5.975, 8, 7.975], "texture": "#1"},
				"west": {"uv": [4, 5.975, 6, 7.975], "texture": "#1"},
				"up": {"uv": [2, 4, 4, 6], "texture": "#1"},
				"down": {"uv": [4, 4, 6, 6], "texture": "#1"}
			}
		},
		{
			"name": "Leg",
			"from": [3.5, 0, 6],
			"to": [7.5, 4, 10],
			"rotation": {"angle": 0, "axis": "y", "origin": [5.5, 4, 8]},
			"faces": {
				"north": {"uv": [4, 1.975, 2, 3.975], "texture": "#1"},
				"east": {"uv": [6, 1.975, 4, 3.975], "texture": "#1"},
				"south": {"uv": [8, 1.975, 6, 3.975], "texture": "#1"},
				"west": {"uv": [2, 1.975, 0, 3.975], "texture": "#1"},
				"up": {"uv": [4, 0, 2, 2], "texture": "#1"},
				"down": {"uv": [6, 0, 4, 2], "texture": "#1"}
			}
		},
		{
			"name": "Leg",
			"from": [3.5, 0, 6],
			"to": [7.5, 4, 10],
			"rotation": {"angle": 22.5, "axis": "x", "origin": [5.5, 4, 8]},
			"faces": {
				"north": {"uv": [12, 1.975, 10, 3.975], "texture": "#1"},
				"east": {"uv": [14, 1.975, 12, 3.975], "texture": "#1"},
				"south": {"uv": [16, 1.975, 14, 3.975], "texture": "#1"},
				"west": {"uv": [10, 1.975, 8, 3.975], "texture": "#1"},
				"up": {"uv": [12, 0, 10, 2], "texture": "#1"},
				"down": {"uv": [14, 0, 12, 2], "texture": "#1"}
			}
		},
		{
			"name": "Leg",
			"from": [3.5, 0, 6],
			"to": [7.5, 4, 10],
			"rotation": {"angle": -22.5, "axis": "x", "origin": [5.5, 4, 8]},
			"faces": {
				"north": {"uv": [4, 5.975, 2, 7.975], "texture": "#1"},
				"east": {"uv": [6, 5.975, 4, 7.975], "texture": "#1"},
				"south": {"uv": [8, 5.975, 6, 7.975], "texture": "#1"},
				"west": {"uv": [2, 5.975, 0, 7.975], "texture": "#1"},
				"up": {"uv": [4, 4, 2, 6], "texture": "#1"},
				"down": {"uv": [6, 4, 4, 6], "texture": "#1"}
			}
		}
	],
	"display": {
		"ground": {
			"rotation": [0, -180, 0],
			"translation": [0, -10, -6.4]
		}
	},
	"groups": [
		{
			"name": "Root",
			"origin": [8, 0, 8],
			"color": 0,
			"children": [
				{
					"name": "Body",
					"origin": [8, 0, 8],
					"color": 0,
					"children": [
						0,
						1,
						{
							"name": "Arms",
							"origin": [5, 2, 8],
							"color": 0,
							"children": [
								{
									"name": "ArmLeft",
									"origin": [15.5, 10.5, 8.5],
									"color": 0,
									"children": [2]
								},
								{
									"name": "ArmRight",
									"origin": [0.5, 10.5, 8.5],
									"color": 0,
									"children": [3]
								}
							]
						}
					]
				},
				{
					"name": "Legs",
					"origin": [8, 0, 8],
					"color": 0,
					"children": [
						{
							"name": "LegLeft",
							"origin": [10.5, 2, 8],
							"color": 0,
							"children": [4, 5, 6]
						},
						{
							"name": "LegRight",
							"origin": [5.5, 2, 8],
							"color": 0,
							"children": [7, 8, 9]
						}
					]
				}
			]
		}
	]
}