{
  "type": "minecraft:crafting_shapeless",
  "category": "food",
  "ingredients": [
    {
      "item": "minecraft:blaze_rod"
    },
    {
      "item": "minecraft:magma_cream"
    },
    {
      "item": "minecraft:sugar"
    }
  ],
  "result": {
    "id": "minecraft:knowledge_book",
    "count": 1,
    "components": {
      "minecraft:custom_model_data": 4460027,
      "minecraft:custom_name": "{\"translate\":\"item.valiance.magma_cream_candy\",\"italic\":false}",
      "minecraft:rarity": "common"
    }
  }
}
