{
  "fallback": "minecraft:empty",
  "elements": [
    {
      "weight": 1,
      "element": {
        "element_type": "minecraft:single_pool_element",
        "projection": "rigid",
        "location": "valiance:dungeon/wall_additions/chest1",
        "processors": "valiance:dungeon"
      }
    },
    {
      "weight": 1,
      "element": {
        "element_type": "minecraft:single_pool_element",
        "projection": "rigid",
        "location": "valiance:dungeon/wall_additions/chest2",
        "processors": "valiance:dungeon"
      }
    },
    {
      "weight": 1,
      "element": {
        "element_type": "minecraft:single_pool_element",
        "projection": "rigid",
        "location": "valiance:dungeon/wall_additions/chest3",
        "processors": "valiance:dungeon"
      }
    },
    {
      "weight": 1,
      "element": {
        "element_type": "minecraft:single_pool_element",
        "projection": "rigid",
        "location": "valiance:dungeon/wall_additions/chest4",
        "processors": "valiance:dungeon"
      }
    },
    {
      "weight": 1,
      "element": {
        "element_type": "minecraft:single_pool_element",
        "projection": "rigid",
        "location": "valiance:dungeon/wall_additions/chest5",
        "processors": "valiance:dungeon"
      }
    },
    {
      "weight": 1,
      "element": {
        "element_type": "minecraft:single_pool_element",
        "projection": "rigid",
        "location": "valiance:dungeon/wall_additions/chest6",
        "processors": "valiance:dungeon"
      }
    },
    {
      "weight": 1,
      "element": {
        "element_type": "minecraft:single_pool_element",
        "projection": "rigid",
        "location": "valiance:dungeon/wall_additions/chest7",
        "processors": "valiance:dungeon"
      }
    },
    {
      "weight": 1,
      "element": {
        "element_type": "minecraft:single_pool_element",
        "projection": "rigid",
        "location": "valiance:dungeon/wall_additions/chest8",
        "processors": "valiance:dungeon"
      }
    },
    {
      "weight": 1,
      "element": {
        "element_type": "minecraft:single_pool_element",
        "projection": "rigid",
        "location": "valiance:dungeon/wall_additions/chest9",
        "processors": "valiance:dungeon"
      }
    },
    {
      "weight": 1,
      "element": {
        "element_type": "minecraft:single_pool_element",
        "projection": "rigid",
        "location": "valiance:dungeon/wall_additions/chest10",
        "processors": "valiance:dungeon"
      }
    }
  ]
}
