{
  "pools": [
    {
      "rolls": 1,
      "entries": [
        {
          "type": "minecraft:item",
          "name": "minecraft:diamond_helmet"
        },
        {
          "type": "minecraft:item",
          "name": "minecraft:diamond_chestplate"
        },
        {
          "type": "minecraft:item",
          "name": "minecraft:diamond_leggings"
        },
        {
          "type": "minecraft:item",
          "name": "minecraft:diamond_boots"
        }
      ]
    }
  ]
}
