{
  "criteria": {
    "kill": {
      "trigger": "minecraft:player_killed_entity",
      "conditions": {
        "entity": {
          "type": "minecraft:ender_dragon"
        }
      }
    },
    "egg": {
      "trigger": "minecraft:inventory_changed",
      "conditions": {
        "items": [
          {
            "items": "minecraft:dragon_egg"
          }
        ]
      }
    }
  },
  "requirements": [
    [
      "kill",
      "egg"
    ]
  ],
  "rewards": {
    "function": "valiance:entity/vigilante/unlock_post_dragon"
  }
}
