{
  "criteria": {
    "wooden": {
      "trigger": "minecraft:player_hurt_entity",
      "conditions": {
        "damage": {
          "source_entity": {
            "equipment": {
              "mainhand": {
                "items": "minecraft:wooden_sword",
                "predicates": {
                  "minecraft:custom_data": "{valiance:{weapon_type:\"hammer\"}}"
                }
              }
            }
          }
        },
        "entity": [
          {
            "condition": "minecraft:entity_properties",
            "entity": "this",
            "predicate": {
              "type": "#valiance:hostile"
            }
          }
        ]
      }
    },
    "stone": {
      "trigger": "minecraft:player_hurt_entity",
      "conditions": {
        "damage": {
          "source_entity": {
            "equipment": {
              "mainhand": {
                "items": "minecraft:stone_sword",
                "predicates": {
                  "minecraft:custom_data": "{valiance:{weapon_type:\"hammer\"}}"
                }
              }
            }
          }
        },
        "entity": [
          {
            "condition": "minecraft:entity_properties",
            "entity": "this",
            "predicate": {
              "type": "#valiance:hostile"
            }
          }
        ]
      }
    },
    "iron": {
      "trigger": "minecraft:player_hurt_entity",
      "conditions": {
        "damage": {
          "source_entity": {
            "equipment": {
              "mainhand": {
                "items": "minecraft:iron_sword",
                "predicates": {
                  "minecraft:custom_data": "{valiance:{weapon_type:\"hammer\"}}"
                }
              }
            }
          }
        },
        "entity": [
          {
            "condition": "minecraft:entity_properties",
            "entity": "this",
            "predicate": {
              "type": "#valiance:hostile"
            }
          }
        ]
      }
    },
    "golden": {
      "trigger": "minecraft:player_hurt_entity",
      "conditions": {
        "damage": {
          "source_entity": {
            "equipment": {
              "mainhand": {
                "items": "minecraft:golden_sword",
                "predicates": {
                  "minecraft:custom_data": "{valiance:{weapon_type:\"hammer\"}}"
                }
              }
            }
          }
        },
        "entity": [
          {
            "condition": "minecraft:entity_properties",
            "entity": "this",
            "predicate": {
              "type": "#valiance:hostile"
            }
          }
        ]
      }
    },
    "diamond": {
      "trigger": "minecraft:player_hurt_entity",
      "conditions": {
        "damage": {
          "source_entity": {
            "equipment": {
              "mainhand": {
                "items": "minecraft:diamond_sword",
                "predicates": {
                  "minecraft:custom_data": "{valiance:{weapon_type:\"hammer\"}}"
                }
              }
            }
          }
        },
        "entity": [
          {
            "condition": "minecraft:entity_properties",
            "entity": "this",
            "predicate": {
              "type": "#valiance:hostile"
            }
          }
        ]
      }
    },
    "netherite": {
      "trigger": "minecraft:player_hurt_entity",
      "conditions": {
        "damage": {
          "source_entity": {
            "equipment": {
              "mainhand": {
                "items": "minecraft:netherite_sword",
                "predicates": {
                  "minecraft:custom_data": "{valiance:{weapon_type:\"hammer\"}}"
                }
              }
            }
          }
        },
        "entity": [
          {
            "condition": "minecraft:entity_properties",
            "entity": "this",
            "predicate": {
              "type": "#valiance:hostile"
            }
          }
        ]
      }
    }
  },
  "requirements": [
    [
      "wooden",
      "stone",
      "iron",
      "golden",
      "diamond",
      "netherite"
    ]
  ],
  "rewards": {
    "function": "valiance:entity/armor_damage/start"
  }
}
