{
  "display": {
    "icon": {
      "id": "minecraft:sculk_catalyst"
    },
    "title": {
      "translate": "advancements.adventure.kill_mob_near_sculk_catalyst.title"
    },
    "description": {
      "translate": "advancements.adventure.kill_mob_near_sculk_catalyst.description"
    },
    "frame": "challenge"
  },
  "parent": "minecraft:adventure/avoid_vibration",
  "criteria": {
    "kill_mob_near_sculk_catalyst": {
      "trigger": "minecraft:kill_mob_near_sculk_catalyst"
    }
  },
  "requirements": [
    [
      "kill_mob_near_sculk_catalyst"
    ]
  ],
  "sends_telemetry_event": true
}
