{
  "condition": "minecraft:any_of",
  "terms": [
    {
      "condition": "minecraft:all_of",
      "terms": [
        {
          "condition": "minecraft:entity_properties",
          "entity": "this",
          "predicate": {
            "flags": {
              "is_sneaking": true
            }
          }
        },
        {
          "condition": "minecraft:entity_scores",
          "entity": "this",
          "scores": {
            "valiance.bounty.target_kills": {
              "min": 1
            }
          }
        }
      ]
    },
    {
      "condition": "minecraft:inverted",
      "term": {
        "condition": "minecraft:entity_scores",
        "entity": "this",
        "scores": {
          "valiance.bounty.target_kills": {
            "min": 1
          }
        }
      }
    }
  ]
}
