{
	"credit": "Made with Blockbench",
	"texture_size": [64, 64],
	"textures": {
		"0": "valiance:item/entity/brute/default",
		"particle": "valiance:item/entity/brute/default"
	},
	"elements": [
		{
			"name": "Arm",
			"from": [5.24, -0.26, 5.74],
			"to": [10.76, 13.26, 10.26],
			"rotation": {"angle": 0, "axis": "x", "origin": [8, 6.5, 8]},
			"faces": {
				"north": {"uv": [10, 9.5, 11.25, 12.75], "texture": "#0"},
				"east": {"uv": [9, 9.5, 10, 12.75], "texture": "#0"},
				"south": {"uv": [12.25, 9.5, 13.5, 12.75], "texture": "#0"},
				"west": {"uv": [11.25, 9.5, 12.25, 12.75], "texture": "#0"},
				"up": {"uv": [11.25, 9.5, 10, 8.5], "texture": "#0"},
				"down": {"uv": [12.5, 8.5, 11.25, 9.5], "texture": "#0"}
			}
		}
	],
	"display": {
		"thirdperson_righthand": {
			"rotation": [90, 0, 0],
			"translation": [0.5, -2, 7]
		},
		"thirdperson_lefthand": {
			"rotation": [90, 0, 0],
			"translation": [0.5, -2, 7]
		}
	}
}