{
	"credit": "Made with Blockbench",
	"texture_size": [32, 32],
	"textures": {
		"0": "valiance:item/gauntlet",
		"particle": "valiance:item/gauntlet"
	},
	"elements": [
		{
			"name": "Gauntlet",
			"from": [5.5, 1.5, 4],
			"to": [10.5, 6.5, 12],
			"rotation": {"angle": 0, "axis": "z", "origin": [8, 4, 6.75]},
			"faces": {
				"east": {"uv": [2.5, 6.5, 5, 2.5], "rotation": 90, "texture": "#0"},
				"south": {"uv": [5, 0, 2.5, 2.5], "rotation": 270, "texture": "#0"},
				"west": {"uv": [7.5, 6.5, 10, 2.5], "rotation": 270, "texture": "#0"},
				"up": {"uv": [0, 6.5, 2.5, 2.5], "texture": "#0"},
				"down": {"uv": [5, 6.5, 7.5, 2.5], "rotation": 180, "texture": "#0"}
			}
		},
		{
			"name": "Gauntlet",
			"from": [5.999, 1.999, 3.999],
			"to": [10.001, 6.001, 7.001],
			"rotation": {"angle": 0, "axis": "z", "origin": [8, 4, 6.75]},
			"faces": {
				"east": {"uv": [4, 10.5, 2, 9], "rotation": 90, "texture": "#0"},
				"south": {"uv": [2, 7, 4, 9], "rotation": 270, "texture": "#0"},
				"west": {"uv": [8, 10.5, 6, 9], "rotation": 270, "texture": "#0"},
				"up": {"uv": [2, 10.5, 0, 9], "texture": "#0"},
				"down": {"uv": [6, 10.5, 4, 9], "rotation": 180, "texture": "#0"}
			}
		},
		{
			"name": "Gauntlet inverted",
			"from": [10.499, 6.499, 11.999],
			"to": [5.501, 1.501, 4.001],
			"rotation": {"angle": 0, "axis": "z", "origin": [8, 4, 6.75]},
			"faces": {
				"north": {"uv": [2.5, 0, 5, 2.5], "rotation": 270, "texture": "#0"},
				"east": {"uv": [10, 6.5, 7.5, 2.5], "rotation": 270, "texture": "#0"},
				"west": {"uv": [5, 6.5, 2.5, 2.5], "rotation": 90, "texture": "#0"},
				"up": {"uv": [7.5, 6.5, 5, 2.5], "rotation": 180, "texture": "#0"},
				"down": {"uv": [2.5, 6.5, 0, 2.5], "texture": "#0"}
			}
		},
		{
			"name": "Gauntlet inverted",
			"from": [10, 6, 7],
			"to": [6, 2, 4],
			"rotation": {"angle": 0, "axis": "z", "origin": [8, 4, 6.75]},
			"faces": {
				"north": {"uv": [4, 7, 2, 9], "rotation": 270, "texture": "#0"},
				"east": {"uv": [6, 10.5, 8, 9], "rotation": 270, "texture": "#0"},
				"west": {"uv": [2, 10.5, 4, 9], "rotation": 90, "texture": "#0"},
				"up": {"uv": [4, 10.5, 6, 9], "rotation": 180, "texture": "#0"},
				"down": {"uv": [0, 10.5, 2, 9], "texture": "#0"}
			}
		}
	],
	"gui_light": "front",
	"display": {
		"thirdperson_righthand": {
			"rotation": [180, 0, 90],
			"translation": [-4, -2, 3.75]
		},
		"thirdperson_lefthand": {
			"rotation": [180, 0, 90],
			"translation": [-4, -2, 3.75]
		},
		"firstperson_righthand": {
			"rotation": [-135.48, -61.2, 40.4],
			"translation": [-8.5, 2, 3],
			"scale": [0.5, 0.5, 0.5]
		},
		"firstperson_lefthand": {
			"rotation": [-135.48, -61.2, 40.4],
			"translation": [-8.5, 2, 3],
			"scale": [0.5, 0.5, 0.5]
		},
		"ground": {
			"rotation": [-90, 45, -90],
			"translation": [2, 0, 0]
		},
		"gui": {
			"rotation": [-66.15, -39.38, 124.91],
			"translation": [-3.25, -3.75, 1.75],
			"scale": [1.25, 1.25, 1.25]
		},
		"fixed": {
			"rotation": [-90, 45, -90],
			"translation": [4, -4, 1.75],
			"scale": [1.5, 1.5, 1.5]
		}
	}
}