{
	"credit": "Made with Blockbench",
	"texture_size": [32, 32],
	"textures": {
		"0": "valiance:item/scute_shield",
		"particle": "valiance:item/scute_shield"
	},
	"elements": [
		{
			"name": "Shield",
			"from": [1, 0, 6],
			"to": [15, 14, 7],
			"rotation": {"angle": 0, "axis": "y", "origin": [8, 6, 6.5]},
			"faces": {
				"north": {"uv": [0.5, 0.5, 7.5, 7.5], "texture": "#0"},
				"east": {"uv": [0, 0.5, 0.5, 7.5], "texture": "#0"},
				"south": {"uv": [8, 0.5, 15, 7.5], "texture": "#0"},
				"west": {"uv": [7.5, 0.5, 8, 7.5], "texture": "#0"},
				"up": {"uv": [7.5, 0.5, 0.5, 0], "texture": "#0"},
				"down": {"uv": [14.5, 0, 7.5, 0.5], "texture": "#0"}
			}
		},
		{
			"name": "Shield",
			"from": [4, -6, 6],
			"to": [12, 0, 7],
			"rotation": {"angle": 0, "axis": "y", "origin": [8, 6, 6.5]},
			"faces": {
				"north": {"uv": [0.5, 8, 4.5, 11], "texture": "#0"},
				"east": {"uv": [0, 8, 0.5, 11], "texture": "#0"},
				"south": {"uv": [5, 8, 9, 11], "texture": "#0"},
				"west": {"uv": [4.5, 8, 5, 11], "texture": "#0"},
				"up": {"uv": [4.5, 8, 0.5, 7.5], "texture": "#0"},
				"down": {"uv": [8.5, 7.5, 4.5, 8], "texture": "#0"}
			}
		},
		{
			"name": "Handle",
			"from": [7, 2, 7],
			"to": [9, 8, 13],
			"rotation": {"angle": 0, "axis": "y", "origin": [6, 16, 10]},
			"faces": {
				"north": {"uv": [11, 11, 12, 14], "texture": "#0"},
				"east": {"uv": [8, 11, 11, 14], "texture": "#0"},
				"south": {"uv": [15, 11, 16, 14], "texture": "#0"},
				"west": {"uv": [12, 11, 15, 14], "texture": "#0"},
				"up": {"uv": [12, 11, 11, 8], "texture": "#0"},
				"down": {"uv": [13, 8, 12, 11], "texture": "#0"}
			}
		}
	],
	"display": {
		"thirdperson_righthand": {
			"rotation": [42.25, -20, 0],
			"translation": [-1.25, 1, 1.5]
		},
		"thirdperson_lefthand": {
			"rotation": [42.25, -20, 0],
			"translation": [-1.25, 1, 1.5]
		},
		"firstperson_righthand": {
			"rotation": [0, 0, 11.25],
			"translation": [-1.75, -2, -2.75],
			"scale": [1.25, 1.25, 1.25]
		},
		"firstperson_lefthand": {
			"rotation": [0, 0, 11.25],
			"translation": [-1.75, -2, -2.75],
			"scale": [1.25, 1.25, 1.25]
		},
		"ground": {
			"translation": [2, 4, 2],
			"scale": [0.5, 0.5, 0.5]
		},
		"gui": {
			"rotation": [171.41, 29.07, -168.39],
			"translation": [0.75, 2.5, 0],
			"scale": [0.8, 0.8, 0.8]
		},
		"fixed": {
			"translation": [0, 2, 0]
		}
	}
}