{
	"credit": "Made with Blockbench",
	"texture_size": [64, 64],
	"textures": {
		"0": "valiance:item/entity/bedazzle/shiny/bedazzle_rods"
	},
	"elements": [
		{
			"name": "Rod",
			"from": [6.5, 13, 6.5],
			"to": [9.5, 23, 9.5],
			"rotation": {"angle": 0, "axis": "y", "origin": [8, 18, 8]},
			"faces": {
				"north": {"uv": [3.25, 4.75, 4, 7.25], "texture": "#0"},
				"east": {"uv": [2.5, 4.75, 3.25, 7.25], "texture": "#0"},
				"south": {"uv": [4.75, 4.75, 5.5, 7.25], "texture": "#0"},
				"west": {"uv": [4, 4.75, 4.75, 7.25], "texture": "#0"},
				"up": {"uv": [4, 4.75, 3.25, 4], "texture": "#0"},
				"down": {"uv": [4.75, 4, 4, 4.75], "texture": "#0"}
			}
		},
		{
			"name": "Rod",
			"from": [7, 4, 7],
			"to": [9, 12, 9],
			"rotation": {"angle": 0, "axis": "y", "origin": [8, 8, 12]},
			"faces": {
				"north": {"uv": [6, 4.5, 6.5, 6.5], "texture": "#0"},
				"east": {"uv": [5.5, 4.5, 6, 6.5], "texture": "#0"},
				"south": {"uv": [7, 4.5, 7.5, 6.5], "texture": "#0"},
				"west": {"uv": [6.5, 4.5, 7, 6.5], "texture": "#0"},
				"up": {"uv": [6.5, 4.5, 6, 4], "texture": "#0"},
				"down": {"uv": [7, 4, 6.5, 4.5], "texture": "#0"}
			}
		},
		{
			"name": "Rod",
			"from": [7, 16, 0],
			"to": [9, 24, 2],
			"rotation": {"angle": 0, "axis": "y", "origin": [8, 18, 8]},
			"faces": {
				"north": {"uv": [0.5, 6.5, 1, 8.5], "texture": "#0"},
				"east": {"uv": [0, 6.5, 0.5, 8.5], "texture": "#0"},
				"south": {"uv": [1.5, 6.5, 2, 8.5], "texture": "#0"},
				"west": {"uv": [1, 6.5, 1.5, 8.5], "texture": "#0"},
				"up": {"uv": [1, 6.5, 0.5, 6], "texture": "#0"},
				"down": {"uv": [1.5, 6, 1, 6.5], "texture": "#0"}
			}
		},
		{
			"name": "Rod",
			"from": [7, 16, 14],
			"to": [9, 24, 16],
			"rotation": {"angle": 0, "axis": "y", "origin": [8, 18, 8]},
			"faces": {
				"north": {"uv": [0.5, 6.5, 1, 8.5], "texture": "#0"},
				"east": {"uv": [0, 6.5, 0.5, 8.5], "texture": "#0"},
				"south": {"uv": [1.5, 6.5, 2, 8.5], "texture": "#0"},
				"west": {"uv": [1, 6.5, 1.5, 8.5], "texture": "#0"},
				"up": {"uv": [1, 6.5, 0.5, 6], "texture": "#0"},
				"down": {"uv": [1.5, 6, 1, 6.5], "texture": "#0"}
			}
		},
		{
			"name": "Rod",
			"from": [0, 16, 7],
			"to": [2, 24, 9],
			"rotation": {"angle": 0, "axis": "y", "origin": [8, 18, 8]},
			"faces": {
				"north": {"uv": [0.5, 6.5, 1, 8.5], "texture": "#0"},
				"east": {"uv": [0, 6.5, 0.5, 8.5], "texture": "#0"},
				"south": {"uv": [1.5, 6.5, 2, 8.5], "texture": "#0"},
				"west": {"uv": [1, 6.5, 1.5, 8.5], "texture": "#0"},
				"up": {"uv": [1, 6.5, 0.5, 6], "texture": "#0"},
				"down": {"uv": [1.5, 6, 1, 6.5], "texture": "#0"}
			}
		},
		{
			"name": "Rod",
			"from": [14, 16, 7],
			"to": [16, 24, 9],
			"rotation": {"angle": 0, "axis": "y", "origin": [8, 18, 8]},
			"faces": {
				"north": {"uv": [0.5, 6.5, 1, 8.5], "texture": "#0"},
				"east": {"uv": [0, 6.5, 0.5, 8.5], "texture": "#0"},
				"south": {"uv": [1.5, 6.5, 2, 8.5], "texture": "#0"},
				"west": {"uv": [1, 6.5, 1.5, 8.5], "texture": "#0"},
				"up": {"uv": [1, 6.5, 0.5, 6], "texture": "#0"},
				"down": {"uv": [1.5, 6, 1, 6.5], "texture": "#0"}
			}
		},
		{
			"name": "Rod",
			"from": [7, 8, 3],
			"to": [9, 16, 5],
			"rotation": {"angle": 0, "axis": "y", "origin": [8, 12, 8]},
			"faces": {
				"north": {"uv": [0.5, 6.5, 1, 8.5], "texture": "#0"},
				"east": {"uv": [0, 6.5, 0.5, 8.5], "texture": "#0"},
				"south": {"uv": [1.5, 6.5, 2, 8.5], "texture": "#0"},
				"west": {"uv": [1, 6.5, 1.5, 8.5], "texture": "#0"},
				"up": {"uv": [1, 6.5, 0.5, 6], "texture": "#0"},
				"down": {"uv": [1.5, 6, 1, 6.5], "texture": "#0"}
			}
		},
		{
			"name": "Rod",
			"from": [7, 8, 11],
			"to": [9, 16, 13],
			"rotation": {"angle": 0, "axis": "y", "origin": [8, 12, 8]},
			"faces": {
				"north": {"uv": [0.5, 6.5, 1, 8.5], "texture": "#0"},
				"east": {"uv": [0, 6.5, 0.5, 8.5], "texture": "#0"},
				"south": {"uv": [1.5, 6.5, 2, 8.5], "texture": "#0"},
				"west": {"uv": [1, 6.5, 1.5, 8.5], "texture": "#0"},
				"up": {"uv": [1, 6.5, 0.5, 6], "texture": "#0"},
				"down": {"uv": [1.5, 6, 1, 6.5], "texture": "#0"}
			}
		},
		{
			"name": "Rod",
			"from": [3, 8, 7],
			"to": [5, 16, 9],
			"rotation": {"angle": 0, "axis": "y", "origin": [8, 12, 8]},
			"faces": {
				"north": {"uv": [0.5, 6.5, 1, 8.5], "texture": "#0"},
				"east": {"uv": [0, 6.5, 0.5, 8.5], "texture": "#0"},
				"south": {"uv": [1.5, 6.5, 2, 8.5], "texture": "#0"},
				"west": {"uv": [1, 6.5, 1.5, 8.5], "texture": "#0"},
				"up": {"uv": [1, 6.5, 0.5, 6], "texture": "#0"},
				"down": {"uv": [1.5, 6, 1, 6.5], "texture": "#0"}
			}
		},
		{
			"name": "Rod",
			"from": [11, 8, 7],
			"to": [13, 16, 9],
			"rotation": {"angle": 0, "axis": "y", "origin": [8, 12, 8]},
			"faces": {
				"north": {"uv": [0.5, 6.5, 1, 8.5], "texture": "#0"},
				"east": {"uv": [0, 6.5, 0.5, 8.5], "texture": "#0"},
				"south": {"uv": [1.5, 6.5, 2, 8.5], "texture": "#0"},
				"west": {"uv": [1, 6.5, 1.5, 8.5], "texture": "#0"},
				"up": {"uv": [1, 6.5, 0.5, 6], "texture": "#0"},
				"down": {"uv": [1.5, 6, 1, 6.5], "texture": "#0"}
			}
		},
		{
			"name": "Rod",
			"from": [7, 16, 0],
			"to": [9, 24, 2],
			"rotation": {"angle": -22.5, "axis": "y", "origin": [8, 20, 8]},
			"faces": {
				"north": {"uv": [0.5, 9, 1, 11], "texture": "#0"},
				"east": {"uv": [0, 9, 0.5, 11], "texture": "#0"},
				"south": {"uv": [1.5, 9, 2, 11], "texture": "#0"},
				"west": {"uv": [1, 9, 1.5, 11], "texture": "#0"},
				"up": {"uv": [1, 9, 0.5, 8.5], "texture": "#0"},
				"down": {"uv": [1.5, 8.5, 1, 9], "texture": "#0"}
			}
		},
		{
			"name": "Rod",
			"from": [7, 16, 14],
			"to": [9, 24, 16],
			"rotation": {"angle": -22.5, "axis": "y", "origin": [8, 20, 8]},
			"faces": {
				"north": {"uv": [0.5, 9, 1, 11], "texture": "#0"},
				"east": {"uv": [0, 9, 0.5, 11], "texture": "#0"},
				"south": {"uv": [1.5, 9, 2, 11], "texture": "#0"},
				"west": {"uv": [1, 9, 1.5, 11], "texture": "#0"},
				"up": {"uv": [1, 9, 0.5, 8.5], "texture": "#0"},
				"down": {"uv": [1.5, 8.5, 1, 9], "texture": "#0"}
			}
		},
		{
			"name": "Rod",
			"from": [0, 16, 7],
			"to": [2, 24, 9],
			"rotation": {"angle": -22.5, "axis": "y", "origin": [8, 20, 8]},
			"faces": {
				"north": {"uv": [0.5, 9, 1, 11], "texture": "#0"},
				"east": {"uv": [0, 9, 0.5, 11], "texture": "#0"},
				"south": {"uv": [1.5, 9, 2, 11], "texture": "#0"},
				"west": {"uv": [1, 9, 1.5, 11], "texture": "#0"},
				"up": {"uv": [1, 9, 0.5, 8.5], "texture": "#0"},
				"down": {"uv": [1.5, 8.5, 1, 9], "texture": "#0"}
			}
		},
		{
			"name": "Rod",
			"from": [14, 16, 7],
			"to": [16, 24, 9],
			"rotation": {"angle": -22.5, "axis": "y", "origin": [8, 20, 8]},
			"faces": {
				"north": {"uv": [0.5, 9, 1, 11], "texture": "#0"},
				"east": {"uv": [0, 9, 0.5, 11], "texture": "#0"},
				"south": {"uv": [1.5, 9, 2, 11], "texture": "#0"},
				"west": {"uv": [1, 9, 1.5, 11], "texture": "#0"},
				"up": {"uv": [1, 9, 0.5, 8.5], "texture": "#0"},
				"down": {"uv": [1.5, 8.5, 1, 9], "texture": "#0"}
			}
		},
		{
			"name": "Rod",
			"from": [7, 8, 3],
			"to": [9, 16, 5],
			"rotation": {"angle": 22.5, "axis": "y", "origin": [8, 14, 8]},
			"faces": {
				"north": {"uv": [0.5, 9, 1, 11], "texture": "#0"},
				"east": {"uv": [0, 9, 0.5, 11], "texture": "#0"},
				"south": {"uv": [1.5, 9, 2, 11], "texture": "#0"},
				"west": {"uv": [1, 9, 1.5, 11], "texture": "#0"},
				"up": {"uv": [1, 9, 0.5, 8.5], "texture": "#0"},
				"down": {"uv": [1.5, 8.5, 1, 9], "texture": "#0"}
			}
		},
		{
			"name": "Rod",
			"from": [7, 8, 11],
			"to": [9, 16, 13],
			"rotation": {"angle": 22.5, "axis": "y", "origin": [8, 14, 8]},
			"faces": {
				"north": {"uv": [0.5, 9, 1, 11], "texture": "#0"},
				"east": {"uv": [0, 9, 0.5, 11], "texture": "#0"},
				"south": {"uv": [1.5, 9, 2, 11], "texture": "#0"},
				"west": {"uv": [1, 9, 1.5, 11], "texture": "#0"},
				"up": {"uv": [1, 9, 0.5, 8.5], "texture": "#0"},
				"down": {"uv": [1.5, 8.5, 1, 9], "texture": "#0"}
			}
		},
		{
			"name": "Rod",
			"from": [3, 8, 7],
			"to": [5, 16, 9],
			"rotation": {"angle": 22.5, "axis": "y", "origin": [8, 14, 8]},
			"faces": {
				"north": {"uv": [0.5, 9, 1, 11], "texture": "#0"},
				"east": {"uv": [0, 9, 0.5, 11], "texture": "#0"},
				"south": {"uv": [1.5, 9, 2, 11], "texture": "#0"},
				"west": {"uv": [1, 9, 1.5, 11], "texture": "#0"},
				"up": {"uv": [1, 9, 0.5, 8.5], "texture": "#0"},
				"down": {"uv": [1.5, 8.5, 1, 9], "texture": "#0"}
			}
		},
		{
			"name": "Rod",
			"from": [11, 8, 7],
			"to": [13, 16, 9],
			"rotation": {"angle": 22.5, "axis": "y", "origin": [8, 14, 8]},
			"faces": {
				"north": {"uv": [0.5, 9, 1, 11], "texture": "#0"},
				"east": {"uv": [0, 9, 0.5, 11], "texture": "#0"},
				"south": {"uv": [1.5, 9, 2, 11], "texture": "#0"},
				"west": {"uv": [1, 9, 1.5, 11], "texture": "#0"},
				"up": {"uv": [1, 9, 0.5, 8.5], "texture": "#0"},
				"down": {"uv": [1.5, 8.5, 1, 9], "texture": "#0"}
			}
		},
		{
			"name": "Rod",
			"from": [7, 15.5, 0],
			"to": [9, 23.5, 2],
			"rotation": {"angle": -45, "axis": "y", "origin": [8, 19.5, 8]},
			"faces": {
				"north": {"uv": [0.5, 11.5, 1, 13.5], "texture": "#0"},
				"east": {"uv": [0, 11.5, 0.5, 13.5], "texture": "#0"},
				"south": {"uv": [1.5, 11.5, 2, 13.5], "texture": "#0"},
				"west": {"uv": [1, 11.5, 1.5, 13.5], "texture": "#0"},
				"up": {"uv": [1, 11.5, 0.5, 11], "texture": "#0"},
				"down": {"uv": [1.5, 11, 1, 11.5], "texture": "#0"}
			}
		},
		{
			"name": "Rod",
			"from": [7, 15.5, 14],
			"to": [9, 23.5, 16],
			"rotation": {"angle": -45, "axis": "y", "origin": [8, 19.5, 8]},
			"faces": {
				"north": {"uv": [0.5, 11.5, 1, 13.5], "texture": "#0"},
				"east": {"uv": [0, 11.5, 0.5, 13.5], "texture": "#0"},
				"south": {"uv": [1.5, 11.5, 2, 13.5], "texture": "#0"},
				"west": {"uv": [1, 11.5, 1.5, 13.5], "texture": "#0"},
				"up": {"uv": [1, 11.5, 0.5, 11], "texture": "#0"},
				"down": {"uv": [1.5, 11, 1, 11.5], "texture": "#0"}
			}
		},
		{
			"name": "Rod",
			"from": [0, 15.5, 7],
			"to": [2, 23.5, 9],
			"rotation": {"angle": -45, "axis": "y", "origin": [8, 19.5, 8]},
			"faces": {
				"north": {"uv": [0.5, 11.5, 1, 13.5], "texture": "#0"},
				"east": {"uv": [0, 11.5, 0.5, 13.5], "texture": "#0"},
				"south": {"uv": [1.5, 11.5, 2, 13.5], "texture": "#0"},
				"west": {"uv": [1, 11.5, 1.5, 13.5], "texture": "#0"},
				"up": {"uv": [1, 11.5, 0.5, 11], "texture": "#0"},
				"down": {"uv": [1.5, 11, 1, 11.5], "texture": "#0"}
			}
		},
		{
			"name": "Rod",
			"from": [14, 15.5, 7],
			"to": [16, 23.5, 9],
			"rotation": {"angle": -45, "axis": "y", "origin": [8, 19.5, 8]},
			"faces": {
				"north": {"uv": [0.5, 11.5, 1, 13.5], "texture": "#0"},
				"east": {"uv": [0, 11.5, 0.5, 13.5], "texture": "#0"},
				"south": {"uv": [1.5, 11.5, 2, 13.5], "texture": "#0"},
				"west": {"uv": [1, 11.5, 1.5, 13.5], "texture": "#0"},
				"up": {"uv": [1, 11.5, 0.5, 11], "texture": "#0"},
				"down": {"uv": [1.5, 11, 1, 11.5], "texture": "#0"}
			}
		},
		{
			"name": "Rod",
			"from": [7, 7.5, 3],
			"to": [9, 15.5, 5],
			"rotation": {"angle": 45, "axis": "y", "origin": [8, 13.5, 8]},
			"faces": {
				"north": {"uv": [0.5, 11.5, 1, 13.5], "texture": "#0"},
				"east": {"uv": [0, 11.5, 0.5, 13.5], "texture": "#0"},
				"south": {"uv": [1.5, 11.5, 2, 13.5], "texture": "#0"},
				"west": {"uv": [1, 11.5, 1.5, 13.5], "texture": "#0"},
				"up": {"uv": [1, 11.5, 0.5, 11], "texture": "#0"},
				"down": {"uv": [1.5, 11, 1, 11.5], "texture": "#0"}
			}
		},
		{
			"name": "Rod",
			"from": [7, 7.5, 11],
			"to": [9, 15.5, 13],
			"rotation": {"angle": 45, "axis": "y", "origin": [8, 13.5, 8]},
			"faces": {
				"north": {"uv": [0.5, 11.5, 1, 13.5], "texture": "#0"},
				"east": {"uv": [0, 11.5, 0.5, 13.5], "texture": "#0"},
				"south": {"uv": [1.5, 11.5, 2, 13.5], "texture": "#0"},
				"west": {"uv": [1, 11.5, 1.5, 13.5], "texture": "#0"},
				"up": {"uv": [1, 11.5, 0.5, 11], "texture": "#0"},
				"down": {"uv": [1.5, 11, 1, 11.5], "texture": "#0"}
			}
		},
		{
			"name": "Rod",
			"from": [3, 7.5, 7],
			"to": [5, 15.5, 9],
			"rotation": {"angle": 45, "axis": "y", "origin": [8, 13.5, 8]},
			"faces": {
				"north": {"uv": [0.5, 11.5, 1, 13.5], "texture": "#0"},
				"east": {"uv": [0, 11.5, 0.5, 13.5], "texture": "#0"},
				"south": {"uv": [1.5, 11.5, 2, 13.5], "texture": "#0"},
				"west": {"uv": [1, 11.5, 1.5, 13.5], "texture": "#0"},
				"up": {"uv": [1, 11.5, 0.5, 11], "texture": "#0"},
				"down": {"uv": [1.5, 11, 1, 11.5], "texture": "#0"}
			}
		},
		{
			"name": "Rod",
			"from": [11, 7.5, 7],
			"to": [13, 15.5, 9],
			"rotation": {"angle": 45, "axis": "y", "origin": [8, 13.5, 8]},
			"faces": {
				"north": {"uv": [0.5, 11.5, 1, 13.5], "texture": "#0"},
				"east": {"uv": [0, 11.5, 0.5, 13.5], "texture": "#0"},
				"south": {"uv": [1.5, 11.5, 2, 13.5], "texture": "#0"},
				"west": {"uv": [1, 11.5, 1.5, 13.5], "texture": "#0"},
				"up": {"uv": [1, 11.5, 0.5, 11], "texture": "#0"},
				"down": {"uv": [1.5, 11, 1, 11.5], "texture": "#0"}
			}
		},
		{
			"name": "Rod",
			"from": [14, 15.5, 7],
			"to": [16, 23.5, 9],
			"rotation": {"angle": 22.5, "axis": "y", "origin": [8, 19.5, 8]},
			"faces": {
				"north": {"uv": [0.5, 14, 1, 16], "texture": "#0"},
				"east": {"uv": [0, 14, 0.5, 16], "texture": "#0"},
				"south": {"uv": [1.5, 14, 2, 16], "texture": "#0"},
				"west": {"uv": [1, 14, 1.5, 16], "texture": "#0"},
				"up": {"uv": [1, 14, 0.5, 13.5], "texture": "#0"},
				"down": {"uv": [1.5, 13.5, 1, 14], "texture": "#0"}
			}
		},
		{
			"name": "Rod",
			"from": [0, 15.5, 7],
			"to": [2, 23.5, 9],
			"rotation": {"angle": 22.5, "axis": "y", "origin": [8, 19.5, 8]},
			"faces": {
				"north": {"uv": [0.5, 14, 1, 16], "texture": "#0"},
				"east": {"uv": [0, 14, 0.5, 16], "texture": "#0"},
				"south": {"uv": [1.5, 14, 2, 16], "texture": "#0"},
				"west": {"uv": [1, 14, 1.5, 16], "texture": "#0"},
				"up": {"uv": [1, 14, 0.5, 13.5], "texture": "#0"},
				"down": {"uv": [1.5, 13.5, 1, 14], "texture": "#0"}
			}
		},
		{
			"name": "Rod",
			"from": [7, 15.5, 0],
			"to": [9, 23.5, 2],
			"rotation": {"angle": 22.5, "axis": "y", "origin": [8, 19.5, 8]},
			"faces": {
				"north": {"uv": [0.5, 14, 1, 16], "texture": "#0"},
				"east": {"uv": [0, 14, 0.5, 16], "texture": "#0"},
				"south": {"uv": [1.5, 14, 2, 16], "texture": "#0"},
				"west": {"uv": [1, 14, 1.5, 16], "texture": "#0"},
				"up": {"uv": [1, 14, 0.5, 13.5], "texture": "#0"},
				"down": {"uv": [1.5, 13.5, 1, 14], "texture": "#0"}
			}
		},
		{
			"name": "Rod",
			"from": [7, 15.5, 14],
			"to": [9, 23.5, 16],
			"rotation": {"angle": 22.5, "axis": "y", "origin": [8, 19.5, 8]},
			"faces": {
				"north": {"uv": [0.5, 14, 1, 16], "texture": "#0"},
				"east": {"uv": [0, 14, 0.5, 16], "texture": "#0"},
				"south": {"uv": [1.5, 14, 2, 16], "texture": "#0"},
				"west": {"uv": [1, 14, 1.5, 16], "texture": "#0"},
				"up": {"uv": [1, 14, 0.5, 13.5], "texture": "#0"},
				"down": {"uv": [1.5, 13.5, 1, 14], "texture": "#0"}
			}
		},
		{
			"name": "Rod",
			"from": [3, 7.5, 7],
			"to": [5, 15.5, 9],
			"rotation": {"angle": -22.5, "axis": "y", "origin": [8, 13.5, 8]},
			"faces": {
				"north": {"uv": [0.5, 14, 1, 16], "texture": "#0"},
				"east": {"uv": [0, 14, 0.5, 16], "texture": "#0"},
				"south": {"uv": [1.5, 14, 2, 16], "texture": "#0"},
				"west": {"uv": [1, 14, 1.5, 16], "texture": "#0"},
				"up": {"uv": [1, 14, 0.5, 13.5], "texture": "#0"},
				"down": {"uv": [1.5, 13.5, 1, 14], "texture": "#0"}
			}
		},
		{
			"name": "Rod",
			"from": [11, 7.5, 7],
			"to": [13, 15.5, 9],
			"rotation": {"angle": -22.5, "axis": "y", "origin": [8, 13.5, 8]},
			"faces": {
				"north": {"uv": [0.5, 14, 1, 16], "texture": "#0"},
				"east": {"uv": [0, 14, 0.5, 16], "texture": "#0"},
				"south": {"uv": [1.5, 14, 2, 16], "texture": "#0"},
				"west": {"uv": [1, 14, 1.5, 16], "texture": "#0"},
				"up": {"uv": [1, 14, 0.5, 13.5], "texture": "#0"},
				"down": {"uv": [1.5, 13.5, 1, 14], "texture": "#0"}
			}
		},
		{
			"name": "Rod",
			"from": [7, 7.5, 11],
			"to": [9, 15.5, 13],
			"rotation": {"angle": -22.5, "axis": "y", "origin": [8, 13.5, 8]},
			"faces": {
				"north": {"uv": [0.5, 14, 1, 16], "texture": "#0"},
				"east": {"uv": [0, 14, 0.5, 16], "texture": "#0"},
				"south": {"uv": [1.5, 14, 2, 16], "texture": "#0"},
				"west": {"uv": [1, 14, 1.5, 16], "texture": "#0"},
				"up": {"uv": [1, 14, 0.5, 13.5], "texture": "#0"},
				"down": {"uv": [1.5, 13.5, 1, 14], "texture": "#0"}
			}
		},
		{
			"name": "Rod",
			"from": [7, 7.5, 3],
			"to": [9, 15.5, 5],
			"rotation": {"angle": -22.5, "axis": "y", "origin": [8, 13.5, 8]},
			"faces": {
				"north": {"uv": [0.5, 14, 1, 16], "texture": "#0"},
				"east": {"uv": [0, 14, 0.5, 16], "texture": "#0"},
				"south": {"uv": [1.5, 14, 2, 16], "texture": "#0"},
				"west": {"uv": [1, 14, 1.5, 16], "texture": "#0"},
				"up": {"uv": [1, 14, 0.5, 13.5], "texture": "#0"},
				"down": {"uv": [1.5, 13.5, 1, 14], "texture": "#0"}
			}
		}
	],
	"overrides": [
		{"predicate": {"custom_model_data": 1}, "model": "valiance:item/entity/bedazzle/shiny/body_hurt"}
	],
	"display": {
		"ground": {
			"rotation": [0, -180, 0],
			"translation": [0, -10, -6.4]
		}
	},
	"groups": [
		{
			"name": "Root",
			"origin": [8, 18, 8],
			"color": 0,
			"children": [
				{
					"name": "RodUpperCenter",
					"origin": [8, 18, 8],
					"color": 0,
					"children": [0]
				},
				{
					"name": "RodLowerCenter",
					"origin": [8, 12, 8],
					"color": 0,
					"children": [1]
				},
				{
					"name": "Animated",
					"origin": [8, 18, 8],
					"color": 0,
					"children": [
						{
							"name": "Frame1",
							"origin": [8, 2, 8],
							"color": 0,
							"children": [
								{
									"name": "RodsUpper",
									"origin": [8, 18, 8],
									"color": 0,
									"children": [
										{
											"name": "RodUpperNorth",
											"origin": [8, 18, 2],
											"color": 0,
											"children": [2]
										},
										{
											"name": "RodUpperSouth",
											"origin": [8, 18, 15],
											"color": 0,
											"children": [3]
										},
										{
											"name": "RodUpperWest",
											"origin": [1, 18, 8],
											"color": 0,
											"children": [4]
										},
										{
											"name": "RodUpperEast",
											"origin": [15, 18, 8],
											"color": 0,
											"children": [5]
										}
									]
								},
								{
									"name": "RodsLower",
									"origin": [8, 12, 8],
									"color": 0,
									"children": [
										{
											"name": "RodLowerNorth",
											"origin": [8, 12, 5],
											"color": 0,
											"children": [6]
										},
										{
											"name": "RodLowerSouth",
											"origin": [8, 12, 12],
											"color": 0,
											"children": [7]
										},
										{
											"name": "RodLowerWest",
											"origin": [4, 12, 8],
											"color": 0,
											"children": [8]
										},
										{
											"name": "RodLowerEast",
											"origin": [12, 12, 8],
											"color": 0,
											"children": [9]
										}
									]
								}
							]
						},
						{
							"name": "Frame2",
							"origin": [8, 2, 8],
							"color": 0,
							"children": [
								{
									"name": "RodsUpper",
									"origin": [8, 18, 8],
									"color": 0,
									"children": [
										{
											"name": "RodUpperNorth",
											"origin": [8, 18, 2],
											"color": 0,
											"children": [10]
										},
										{
											"name": "RodUpperSouth",
											"origin": [8, 18, 15],
											"color": 0,
											"children": [11]
										},
										{
											"name": "RodUpperWest",
											"origin": [1, 18, 8],
											"color": 0,
											"children": [12]
										},
										{
											"name": "RodUpperEast",
											"origin": [15, 18, 8],
											"color": 0,
											"children": [13]
										}
									]
								},
								{
									"name": "RodsLower",
									"origin": [8, 12, 8],
									"color": 0,
									"children": [
										{
											"name": "RodLowerNorth",
											"origin": [8, 12, 5],
											"color": 0,
											"children": [14]
										},
										{
											"name": "RodLowerSouth",
											"origin": [8, 12, 12],
											"color": 0,
											"children": [15]
										},
										{
											"name": "RodLowerWest",
											"origin": [4, 12, 8],
											"color": 0,
											"children": [16]
										},
										{
											"name": "RodLowerEast",
											"origin": [12, 12, 8],
											"color": 0,
											"children": [17]
										}
									]
								}
							]
						},
						{
							"name": "Frame3",
							"origin": [8, 2, 8],
							"color": 0,
							"children": [
								{
									"name": "RodsUpper",
									"origin": [8, 18, 8],
									"color": 0,
									"children": [
										{
											"name": "RodUpperNorth",
											"origin": [8, 18, 2],
											"color": 0,
											"children": [18]
										},
										{
											"name": "RodUpperSouth",
											"origin": [8, 18, 15],
											"color": 0,
											"children": [19]
										},
										{
											"name": "RodUpperWest",
											"origin": [1, 18, 8],
											"color": 0,
											"children": [20]
										},
										{
											"name": "RodUpperEast",
											"origin": [15, 18, 8],
											"color": 0,
											"children": [21]
										}
									]
								},
								{
									"name": "RodsLower",
									"origin": [8, 12, 8],
									"color": 0,
									"children": [
										{
											"name": "RodLowerNorth",
											"origin": [8, 12, 5],
											"color": 0,
											"children": [22]
										},
										{
											"name": "RodLowerSouth",
											"origin": [8, 12, 12],
											"color": 0,
											"children": [23]
										},
										{
											"name": "RodLowerWest",
											"origin": [4, 12, 8],
											"color": 0,
											"children": [24]
										},
										{
											"name": "RodLowerEast",
											"origin": [12, 12, 8],
											"color": 0,
											"children": [25]
										}
									]
								}
							]
						},
						{
							"name": "Frame4",
							"origin": [8, 2, 8],
							"color": 0,
							"children": [
								{
									"name": "RodsUpper",
									"origin": [8, 18, 8],
									"color": 0,
									"children": [
										{
											"name": "RodUpperNorth",
											"origin": [8, 18, 2],
											"color": 0,
											"children": [26]
										},
										{
											"name": "RodUpperSouth",
											"origin": [8, 18, 15],
											"color": 0,
											"children": [27]
										},
										{
											"name": "RodUpperWest",
											"origin": [1, 18, 8],
											"color": 0,
											"children": [28]
										},
										{
											"name": "RodUpperEast",
											"origin": [15, 18, 8],
											"color": 0,
											"children": [29]
										}
									]
								},
								{
									"name": "RodsLower",
									"origin": [8, 12, 8],
									"color": 0,
									"children": [
										{
											"name": "RodLowerNorth",
											"origin": [8, 12, 5],
											"color": 0,
											"children": [30]
										},
										{
											"name": "RodLowerSouth",
											"origin": [8, 12, 12],
											"color": 0,
											"children": [31]
										},
										{
											"name": "RodLowerWest",
											"origin": [4, 12, 8],
											"color": 0,
											"children": [32]
										},
										{
											"name": "RodLowerEast",
											"origin": [12, 12, 8],
											"color": 0,
											"children": [33]
										}
									]
								}
							]
						}
					]
				}
			]
		}
	]
}