{
	"credit": "Made with Blockbench",
	"texture_size": [32, 32],
	"textures": {
		"0": "valiance:item/entity/bedazzle/shiny/projectiles",
		"particle": "valiance:item/entity/bedazzle/shiny/projectiles"
	},
	"elements": [
		{
			"name": "Spike",
			"from": [2.5, 0, 8],
			"to": [13.5, 21, 8],
			"rotation": {"angle": -45, "axis": "y", "origin": [8, 10.5, 8]},
			"faces": {
				"north": {"uv": [8.5, 0, 14, 10.5], "texture": "#0"},
				"south": {"uv": [8.5, 0, 14, 10.5], "texture": "#0"}
			}
		},
		{
			"name": "Spike",
			"from": [8, 0, 2.5],
			"to": [8, 21, 13.5],
			"rotation": {"angle": -45, "axis": "y", "origin": [8, 10.5, 8]},
			"faces": {
				"east": {"uv": [8.5, 0, 14, 10.5], "texture": "#0"},
				"west": {"uv": [8.5, 0, 14, 10.5], "texture": "#0"}
			}
		}
	],
	"display": {
		"head": {
			"translation": [0, -42, 0],
			"scale": [1.5, 1.5, 1.5]
		}
	}
}