{
  "display": {
    "icon": {
      "id": "minecraft:golden_sword",
      "components": {
        "minecraft:enchantment_glint_override": true
      }
    },
    "title": {
      "translate": "advancements.valiance.combat.all_niche_enchantments"
    },
    "description": {
      "translate": "advancements.valiance.combat.all_niche_enchantments.description"
    }
  },
  "parent": "valiance:combat/obtain_weapon",
  "criteria": {
    "sharpness": {
      "trigger": "minecraft:inventory_changed",
      "conditions": {
        "items": [
          {
            "predicates": {
              "minecraft:enchantments": [
                {
                  "enchantments": "minecraft:sharpness",
                  "levels": 5
                }
              ]
            }
          }
        ]
      }
    },
    "smite": {
      "trigger": "minecraft:inventory_changed",
      "conditions": {
        "items": [
          {
            "predicates": {
              "minecraft:enchantments": [
                {
                  "enchantments": "minecraft:smite",
                  "levels": 5
                }
              ]
            }
          }
        ]
      }
    },
    "bane_of_arthropods": {
      "trigger": "minecraft:inventory_changed",
      "conditions": {
        "items": [
          {
            "predicates": {
              "minecraft:enchantments": [
                {
                  "enchantments": "minecraft:bane_of_arthropods",
                  "levels": 5
                }
              ]
            }
          }
        ]
      }
    },
    "vigilant": {
      "trigger": "minecraft:inventory_changed",
      "conditions": {
        "items": [
          {
            "predicates": {
              "minecraft:enchantments": [
                {
                  "enchantments": "valiance:vigilant",
                  "levels": 5
                }
              ]
            }
          }
        ]
      }
    },
    "butcher": {
      "trigger": "minecraft:inventory_changed",
      "conditions": {
        "items": [
          {
            "predicates": {
              "minecraft:enchantments": [
                {
                  "enchantments": "valiance:butcher",
                  "levels": 5
                }
              ]
            }
          }
        ]
      }
    }
  }
}
