{
  "display": {
    "icon": {
      "id": "minecraft:shield",
      "components": {
        "minecraft:item_model": "valiance:ceramic_shield/skull"
      }
    },
    "title": {
      "translate": "advancements.valiance.combat.ceramic_shield"
    },
    "description": {
      "translate": "advancements.valiance.combat.ceramic_shield.description"
    }
  },
  "parent": "minecraft:story/deflect_arrow",
  "criteria": {
    "impossible": {
      "trigger": "minecraft:inventory_changed",
      "conditions": {
        "items": [
          {
            "predicates": {
              "minecraft:custom_data": "{valiance:{id:\"ceramic_shield\"}}"
            }
          }
        ]
      }
    }
  }
}
