{
  "display": {
    "icon": {
      "id": "minecraft:warped_fungus_on_a_stick",
      "components": {
        "minecraft:item_model": "valiance:nether_bounty"
      }
    },
    "title": {
      "translate": "advancements.valiance.combat.complete_all_bounties"
    },
    "description": {
      "translate": "advancements.valiance.combat.complete_all_bounties.description"
    },
    "frame": "challenge"
  },
  "parent": "valiance:combat/complete_nether_bounty",
  "criteria": {
    "brutes": {
      "trigger": "minecraft:impossible"
    },
    "skeletons": {
      "trigger": "minecraft:impossible"
    },
    "spiders": {
      "trigger": "minecraft:impossible"
    },
    "creepers": {
      "trigger": "minecraft:impossible"
    },
    "endermen": {
      "trigger": "minecraft:impossible"
    },
    "illagers": {
      "trigger": "minecraft:impossible"
    },
    "witches": {
      "trigger": "minecraft:impossible"
    },
    "bedazzle": {
      "trigger": "minecraft:impossible"
    },
    "piglins": {
      "trigger": "minecraft:impossible"
    },
    "hoglins": {
      "trigger": "minecraft:impossible"
    },
    "ghasts": {
      "trigger": "minecraft:impossible"
    },
    "wither_skeletons": {
      "trigger": "minecraft:impossible"
    }
  },
  "rewards": {
    "experience": 200
  }
}
