{
  "display": {
    "icon": {
      "id": "minecraft:warped_fungus_on_a_stick",
      "components": {
        "minecraft:item_model": "valiance:bounty"
      }
    },
    "title": {
      "translate": "advancements.valiance.combat.complete_bounty"
    },
    "description": {
      "translate": "advancements.valiance.combat.complete_bounty.description"
    }
  },
  "parent": "valiance:combat/vigilante_trade",
  "criteria": {
    "impossible": {
      "trigger": "minecraft:impossible"
    }
  }
}
