{
  "display": {
    "icon": {
      "id": "minecraft:warped_fungus_on_a_stick",
      "components": {
        "minecraft:item_model": "valiance:nether_bounty"
      }
    },
    "title": {
      "translate": "advancements.valiance.combat.complete_nether_bounty"
    },
    "description": {
      "translate": "advancements.valiance.combat.complete_nether_bounty.description"
    },
    "frame": "goal"
  },
  "parent": "valiance:combat/complete_bounty",
  "criteria": {
    "impossible": {
      "trigger": "minecraft:impossible"
    }
  }
}
