{
  "display": {
    "icon": {
      "id": "minecraft:cooked_cod",
      "components": {
        "minecraft:item_model": "valiance:cursed_apple"
      }
    },
    "title": {
      "translate": "advancements.valiance.combat.cursed_apple"
    },
    "description": {
      "translate": "advancements.valiance.combat.cursed_apple.description"
    },
    "frame": "goal",
    "hidden": true
  },
  "parent": "valiance:combat/root",
  "criteria": {
    "impossible": {
      "trigger": "minecraft:consume_item",
      "conditions": {
        "item": {
          "items": "minecraft:cooked_cod",
          "predicates": {
            "minecraft:custom_data": "{valiance:{id:\"cursed_apple\"}}"
          }
        }
      }
    }
  }
}
