{
  "display": {
    "icon": {
      "id": "minecraft:warped_fungus_on_a_stick",
      "components": {
        "minecraft:item_model": "valiance:enchanted_horse_flute"
      }
    },
    "title": {
      "translate": "advancements.valiance.combat.kill_brute_knight"
    },
    "description": {
      "translate": "advancements.valiance.combat.kill_brute_knight.description"
    },
    "frame": "challenge",
    "hidden": true
  },
  "parent": "valiance:combat/challenger_idol",
  "criteria": {
    "kill": {
      "trigger": "minecraft:player_killed_entity",
      "conditions": {
        "entity": {
          "type": "minecraft:zombie",
          "nbt": "{Tags:[\"valiance.entity.brute_knight\"]}"
        }
      }
    }
  },
  "rewards": {
    "experience": 100
  }
}
