{
  "display": {
    "icon": {
      "id": "minecraft:wooden_sword"
    },
    "title": {
      "translate": "advancements.valiance.combat.obtain_weapon"
    },
    "description": {
      "translate": "advancements.valiance.combat.obtain_weapon.description"
    }
  },
  "parent": "valiance:combat/root",
  "criteria": {
    "impossible": {
      "trigger": "minecraft:inventory_changed",
      "conditions": {
        "items": [
          {
            "items": [
              "minecraft:wooden_sword",
              "minecraft:stone_sword",
              "minecraft:iron_sword",
              "minecraft:diamond_sword",
              "minecraft:golden_sword",
              "minecraft:netherite_sword",
              "minecraft:bow",
              "minecraft:crossbow",
              "minecraft:trident",
              "minecraft:mace"
            ]
          }
        ]
      }
    }
  }
}
