{
  "display": {
    "icon": {
      "id": "minecraft:iron_sword"
    },
    "title": {
      "translate": "advancements.valiance.combat.root"
    },
    "description": {
      "translate": "advancements.valiance.combat.root.description"
    },
    "background": "minecraft:textures/block/dark_oak_log.png",
    "show_toast": false,
    "announce_to_chat": false
  },
  "criteria": {
    "impossible": {
      "trigger": "minecraft:player_killed_entity",
      "conditions": {
        "entity": {
          "type": "#valiance:hostile"
        }
      }
    }
  }
}
