{
  "display": {
    "icon": {
      "id": "minecraft:warped_fungus_on_a_stick",
      "components": {
        "minecraft:item_model": "valiance:ruby"
      }
    },
    "title": {
      "translate": "advancements.valiance.combat.vigilante_trade"
    },
    "description": {
      "translate": "advancements.valiance.combat.vigilante_trade.description"
    }
  },
  "parent": "valiance:combat/root",
  "criteria": {
    "impossible": {
      "trigger": "minecraft:villager_trade",
      "conditions": {
        "villager": {
          "type": "minecraft:wandering_trader",
          "nbt": "{Tags:[\"valiance.entity.vigilante\"]}"
        }
      }
    }
  }
}
