{
  "type": "minecraft:generic",
  "pools": [
    {
      "rolls": 1,
      "entries": [
        {
          "type": "minecraft:loot_table",
          "value": "valiance:item/summoning_horn/murder"
        },
        {
          "type": "minecraft:loot_table",
          "value": "valiance:item/summoning_horn/havoc"
        },
        {
          "type": "minecraft:loot_table",
          "value": "valiance:item/summoning_horn/century"
        },
        {
          "type": "minecraft:loot_table",
          "value": "valiance:item/summoning_horn/edge"
        }
      ]
    }
  ]
}
