{
  "type": "minecraft:generic",
  "pools": [
    {
      "rolls": 1,
      "entries": [
        {
          "type": "minecraft:loot_table",
          "value": "valiance:items/rare_sword"
        },
        {
          "type": "minecraft:loot_table",
          "value": "valiance:items/rare_dagger"
        },
        {
          "type": "minecraft:loot_table",
          "value": "valiance:items/rare_greatsword"
        },
        {
          "type": "minecraft:loot_table",
          "value": "valiance:items/rare_spear"
        },
        {
          "type": "minecraft:loot_table",
          "value": "valiance:items/rare_hammer"
        }
      ]
    }
  ]
}
