{
  "type": "minecraft:generic",
  "pools": [
    {
      "rolls": 1,
      "entries": [
        {
          "type": "minecraft:loot_table",
          "value": "valiance:items/totem_of_irregularity/red"
        },
        {
          "type": "minecraft:loot_table",
          "value": "valiance:items/totem_of_irregularity/orange"
        },
        {
          "type": "minecraft:loot_table",
          "value": "valiance:items/totem_of_irregularity/yellow"
        },
        {
          "type": "minecraft:loot_table",
          "value": "valiance:items/totem_of_irregularity/green"
        },
        {
          "type": "minecraft:loot_table",
          "value": "valiance:items/totem_of_irregularity/blue"
        },
        {
          "type": "minecraft:loot_table",
          "value": "valiance:items/totem_of_irregularity/purple"
        }
      ]
    }
  ]
}
