{
  "pools": [
    {
      "rolls": 1,
      "entries": [
        {
          "type": "minecraft:loot_table",
          "value": "valiance:items/ruby",
          "functions": [
            {
              "function": "minecraft:set_count",
              "count": 3
            }
          ],
          "conditions": [
            {
              "condition": "minecraft:entity_scores",
              "entity": "this",
              "scores": {
                "valiance.bounty.type": {
                  "min": 1,
                  "max": 3
                }
              }
            }
          ]
        },
        {
          "type": "minecraft:loot_table",
          "value": "valiance:items/ruby",
          "functions": [
            {
              "function": "minecraft:set_count",
              "count": 4
            }
          ],
          "conditions": [
            {
              "condition": "minecraft:entity_scores",
              "entity": "this",
              "scores": {
                "valiance.bounty.type": {
                  "min": 4,
                  "max": 5
                }
              }
            }
          ]
        },
        {
          "type": "minecraft:loot_table",
          "value": "valiance:items/ruby",
          "functions": [
            {
              "function": "minecraft:set_count",
              "count": 5
            }
          ],
          "conditions": [
            {
              "condition": "minecraft:entity_scores",
              "entity": "this",
              "scores": {
                "valiance.bounty.type": {
                  "min": 6,
                  "max": 9
                }
              }
            }
          ]
        },
        {
          "type": "minecraft:loot_table",
          "value": "valiance:items/ruby",
          "functions": [
            {
              "function": "minecraft:set_count",
              "count": 6
            }
          ],
          "conditions": [
            {
              "condition": "minecraft:entity_scores",
              "entity": "this",
              "scores": {
                "valiance.bounty.type": 10
              }
            }
          ]
        }
      ]
    }
  ]
}
