{
	"credit": "Made with Blockbench",
	"texture_size": [64, 64],
	"textures": {
		"0": "valiance:item/entity/brute/knight_hurt",
		"particle": "valiance:item/entity/brute/knight_hurt"
	},
	"elements": [
		{
			"name": "Head",
			"from": [2.99, -0.01, 3.99],
			"to": [13.01, 8.01, 12.01],
			"rotation": {"angle": 0, "axis": "x", "origin": [8, 6.5, 8]},
			"faces": {
				"north": {"uv": [2, 2, 4.5, 4], "texture": "#0"},
				"east": {"uv": [0, 2, 2, 4], "texture": "#0"},
				"south": {"uv": [6.5, 2, 9, 4], "texture": "#0"},
				"west": {"uv": [4.5, 2, 6.5, 4], "texture": "#0"},
				"up": {"uv": [4.5, 2, 2, 0], "texture": "#0"},
				"down": {"uv": [7, 0, 4.5, 2], "texture": "#0"}
			}
		},
		{
			"name": "IDONTKNOWWHATTHISPARTISCALLED",
			"from": [3.99, 0.99, 2.99],
			"to": [12.01, 7.01, 4.01],
			"rotation": {"angle": 0, "axis": "x", "origin": [9, 7.5, 7]},
			"faces": {
				"north": {"uv": [7.25, 0.25, 9.25, 1.75], "texture": "#0"},
				"east": {"uv": [7, 0.25, 7.25, 1.75], "texture": "#0"},
				"south": {"uv": [9.5, 0.25, 11.5, 1.75], "texture": "#0"},
				"west": {"uv": [9.25, 0.25, 9.5, 1.75], "texture": "#0"},
				"up": {"uv": [9.25, 0.25, 7.25, 0], "texture": "#0"},
				"down": {"uv": [11.25, 0, 9.25, 0.25], "texture": "#0"}
			}
		},
		{
			"name": "Feather",
			"from": [8, 8, 6],
			"to": [8, 15, 17],
			"rotation": {"angle": 0, "axis": "x", "origin": [13, 14.5, 10]},
			"faces": {
				"east": {"uv": [14, 0, 11.25, 2], "texture": "#0"},
				"west": {"uv": [11.25, 0, 14, 2], "texture": "#0"}
			}
		}
	],
	"display": {
		"head": {
			"translation": [0, 6.5, 0],
			"scale": [1.6, 1.6, 1.6]
		}
	}
}