{
	"credit": "Made with Blockbench",
	"texture_size": [64, 64],
	"textures": {
		"0": "valiance:item/entity/brute/default",
		"particle": "valiance:item/lance/lance",
		"1_0": "valiance:item/lance/lance"
	},
	"elements": [
		{
			"name": "Arm",
			"from": [5.49, -0.01, 11.99],
			"to": [10.51, 13.01, 16.01],
			"rotation": {"angle": 0, "axis": "x", "origin": [8, 6.5, 14]},
			"faces": {
				"north": {"uv": [10, 1, 11.25, 4.25], "texture": "#0"},
				"east": {"uv": [9, 1, 10, 4.25], "texture": "#0"},
				"south": {"uv": [12.25, 1, 13.5, 4.25], "texture": "#0"},
				"west": {"uv": [11.25, 1, 12.25, 4.25], "texture": "#0"},
				"up": {"uv": [11.25, 1, 10, 0], "texture": "#0"},
				"down": {"uv": [12.5, 0, 11.25, 1], "texture": "#0"}
			}
		},
		{
			"name": "Lance",
			"from": [4.5, -1.5, 1],
			"to": [11.5, 5.5, 11],
			"rotation": {"angle": 0, "axis": "z", "origin": [9, 1, 8.25]},
			"faces": {
				"north": {"uv": [8, 0, 4.5, 3.5], "texture": "#1_0"},
				"east": {"uv": [4.5, 3.5, 8, 8.5], "rotation": 90, "texture": "#1_0"},
				"south": {"uv": [7.5, 0.5, 5, 3], "texture": "#1_0"},
				"west": {"uv": [8, 8.5, 4.5, 3.5], "rotation": 90, "texture": "#1_0"},
				"up": {"uv": [8, 3.5, 4.5, 8.5], "texture": "#1_0"},
				"down": {"uv": [4.5, 8.5, 8, 3.5], "texture": "#1_0"}
			}
		},
		{
			"name": "Lance",
			"from": [5.5, -0.5, -6],
			"to": [10.5, 4.5, 1],
			"rotation": {"angle": 0, "axis": "z", "origin": [8, 2, -1.75]},
			"faces": {
				"north": {"uv": [4.5, 0, 2, 2.5], "texture": "#1_0"},
				"east": {"uv": [2, 2.5, 4.5, 6], "rotation": 90, "texture": "#1_0"},
				"west": {"uv": [4.5, 6, 2, 2.5], "rotation": 90, "texture": "#1_0"},
				"up": {"uv": [4.5, 2.5, 2, 6], "texture": "#1_0"},
				"down": {"uv": [2, 6, 4.5, 2.5], "texture": "#1_0"}
			}
		},
		{
			"name": "Lance",
			"from": [6.5, 0.5, -11],
			"to": [9.5, 3.5, -6],
			"rotation": {"angle": 0, "axis": "z", "origin": [7, 3, -8.75]},
			"faces": {
				"north": {"uv": [2, 0, 0.5, 1.5], "texture": "#1_0"},
				"east": {"uv": [0.5, 1.5, 2, 4], "rotation": 90, "texture": "#1_0"},
				"west": {"uv": [2, 4, 0.5, 1.5], "rotation": 90, "texture": "#1_0"},
				"up": {"uv": [2, 1.5, 0.5, 4], "texture": "#1_0"},
				"down": {"uv": [0.5, 4, 2, 1.5], "texture": "#1_0"}
			}
		},
		{
			"name": "Lance",
			"from": [7.5, 1.5, -16],
			"to": [8.5, 2.5, -11],
			"rotation": {"angle": 0, "axis": "z", "origin": [6, 4, -13.75]},
			"faces": {
				"north": {"uv": [0, 0.5, 0.5, 0], "texture": "#1_0"},
				"east": {"uv": [0.5, 0.5, 0, 3], "rotation": 90, "texture": "#1_0"},
				"west": {"uv": [0.5, 3, 0, 0.5], "rotation": 90, "texture": "#1_0"},
				"up": {"uv": [0.5, 0.5, 0, 3], "texture": "#1_0"},
				"down": {"uv": [0.5, 3, 0, 0.5], "texture": "#1_0"}
			}
		},
		{
			"name": "Handle",
			"from": [7, 1, 11],
			"to": [9, 3, 15],
			"rotation": {"angle": 0, "axis": "z", "origin": [6.5, 3.5, 12.25]},
			"faces": {
				"east": {"uv": [1, 4.5, 0, 6.5], "rotation": 90, "texture": "#1_0"},
				"west": {"uv": [0, 6.5, 1, 4.5], "rotation": 90, "texture": "#1_0"},
				"up": {"uv": [0, 4.5, 1, 6.5], "texture": "#1_0"},
				"down": {"uv": [1, 6.5, 0, 4.5], "texture": "#1_0"}
			}
		}
	],
	"gui_light": "front",
	"display": {
		"thirdperson_righthand": {
			"rotation": [90, 0, 0],
			"translation": [0.5, 4, 7]
		},
		"thirdperson_lefthand": {
			"rotation": [90, 0, 0],
			"translation": [0.5, 4, 7]
		},
		"firstperson_righthand": {
			"rotation": [-125, 5, 5],
			"translation": [-2.5, 2, 0.5],
			"scale": [0.5, 0.5, 0.5]
		},
		"firstperson_lefthand": {
			"rotation": [-125, 5, 5],
			"translation": [-2.5, 2, 0.5],
			"scale": [0.5, 0.5, 0.5]
		},
		"ground": {
			"rotation": [-90, 45, -90],
			"translation": [2, 0, 0]
		},
		"gui": {
			"rotation": [-66.15, -39.38, 124.91],
			"translation": [-3.25, -3.75, 1.75],
			"scale": [1.25, 1.25, 1.25]
		},
		"fixed": {
			"rotation": [-90, 45, -90],
			"translation": [4, -4, 1.75],
			"scale": [1.5, 1.5, 1.5]
		}
	},
	"groups": [
		0,
		{
			"name": "lance",
			"origin": [8, 8, 8],
			"color": 0,
			"children": [1, 2, 3, 4, 5]
		}
	]
}