{
  "criteria": {
    "requirement": {
      "trigger": "minecraft:entity_hurt_player",
      "conditions": {
        "damage": {
          "source_entity": {
            "type": "minecraft:drowned",
            "equipment": {
              "mainhand": {
                "components": {
                  "minecraft:enchantments": {
                    "minecraft:channeling": 1
                  }
                }
              }
            }
          }
        }
      }
    }
  },
  "rewards": {
    "function": "valiance:entity/drowned/channeling_trident"
  }
}
