[
  {
    "function": "minecraft:set_custom_data",
    "tag": "{valiance:{id:\"netherite_hammer\",weapon_type:\"hammer\"}}"
  },
  {
    "function": "minecraft:set_components",
    "components": {
      "minecraft:custom_model_data": 4460003,
      "minecraft:attribute_modifiers": {
        "modifiers": [],
        "show_in_tooltip": false
      },
      "minecraft:lore": []
    }
  },
  {
    "function": "minecraft:set_name",
    "entity": "this",
    "name": {
      "translate": "item.valiance.netherite_hammer",
      "color": "white",
      "italic": false
    }
  },
  {
    "function": "minecraft:set_lore",
    "entity": "this",
    "lore": [
      {
        "translate": "ui.valiance.title",
        "color": "#df2209",
        "italic": false
      },
      {
        "text": " "
      },
      {
        "translate": "item.modifiers.mainhand",
        "color": "gray",
        "italic": false
      },
      [
        {
          "text": " 11 ",
          "color": "dark_green",
          "italic": false
        },
        {
          "translate": "attribute.name.generic.attack_damage",
          "color": "dark_green",
          "italic": false
        }
      ],
      [
        {
          "text": " 1.2 ",
          "color": "dark_green",
          "italic": false
        },
        {
          "translate": "attribute.name.generic.attack_speed",
          "color": "dark_green",
          "italic": false
        }
      ],
      [
        {
          "text": " 3 ",
          "color": "dark_green",
          "italic": false
        },
        {
          "translate": "attribute.valiance.armor_damage",
          "color": "dark_green",
          "italic": false
        }
      ],
      [
        {
          "text": " -10% ",
          "color": "red",
          "italic": false
        },
        {
          "translate": "attribute.name.generic.movement_speed",
          "color": "red",
          "italic": false
        }
      ]
    ],
    "mode": "replace_all"
  },
  {
    "function": "minecraft:set_attributes",
    "modifiers": [
      {
        "attribute": "minecraft:generic.attack_damage",
        "name": "attack_damage",
        "amount": 11,
        "operation": "add_value",
        "slot": "mainhand"
      },
      {
        "attribute": "minecraft:generic.attack_speed",
        "name": "attack_speed",
        "amount": -2.8,
        "operation": "add_value",
        "slot": "mainhand"
      },
      {
        "attribute": "minecraft:generic.movement_speed",
        "name": "movement",
        "amount": -0.1,
        "operation": "add_multiplied_base",
        "slot": "mainhand"
      }
    ]
  },
  {
    "function": "minecraft:toggle_tooltips",
    "toggles": {
      "attribute_modifiers": false
    }
  }
]
