{
  "type": "minecraft:crafting_shaped",
  "category": "equipment",
  "group": "ceramic_shield",
  "pattern": [
    "mmm",
    "mwm",
    "mmm"
  ],
  "key": {
    "m": {
      "item": "minecraft:armadillo_scute"
    },
    "w": {
      "item": "minecraft:archer_pottery_sherd"
    }
  },
  "result": {
    "id": "minecraft:knowledge_book",
    "count": 1,
    "components": {
      "minecraft:custom_model_data": 4460036,
      "minecraft:custom_name": "{\"translate\":\"item.valiance.ceramic_shield\",\"italic\":false}",
      "minecraft:rarity": "common"
    }
  }
}
