{
  "type": "minecraft:jigsaw",
  "biomes": "#minecraft:is_overworld",
  "step": "underground_structures",
  "spawn_overrides": {},
  "terrain_adaptation": "none",
  "start_pool": "valiance:dungeon/rooms",
  "size": 10,
  "start_height": {
    "type": "minecraft:uniform",
    "min_inclusive": {
      "absolute": -80
    },
    "max_inclusive": {
      "absolute": -20
    }
  },
  "project_start_to_heightmap": "MOTION_BLOCKING_NO_LEAVES",
  "max_distance_from_center": 116,
  "use_expansion_hack": true,
  "liquid_settings": "ignore_waterlogging"
}
