{
  "criteria": {
    "dagger": {
      "trigger": "minecraft:inventory_changed",
      "conditions": {
        "items": [
          {
            "items": "minecraft:netherite_sword",
            "predicates": {
              "minecraft:custom_data": "{valiance:{id:\"diamond_dagger\"}}"
            }
          }
        ]
      }
    },
    "greatsword": {
      "trigger": "minecraft:inventory_changed",
      "conditions": {
        "items": [
          {
            "items": "minecraft:netherite_sword",
            "predicates": {
              "minecraft:custom_data": "{valiance:{id:\"diamond_greatsword\"}}"
            }
          }
        ]
      }
    },
    "spear": {
      "trigger": "minecraft:inventory_changed",
      "conditions": {
        "items": [
          {
            "items": "minecraft:netherite_sword",
            "predicates": {
              "minecraft:custom_data": "{valiance:{id:\"diamond_spear\"}}"
            }
          }
        ]
      }
    },
    "hammer": {
      "trigger": "minecraft:inventory_changed",
      "conditions": {
        "items": [
          {
            "items": "minecraft:netherite_sword",
            "predicates": {
              "minecraft:custom_data": "{valiance:{id:\"diamond_hammer\"}}"
            }
          }
        ]
      }
    },
    "ranger_helmet": {
      "trigger": "minecraft:inventory_changed",
      "conditions": {
        "items": [
          {
            "items": "minecraft:netherite_helmet",
            "predicates": {
              "minecraft:custom_data": "{valiance:{id:\"archer_helmet\"}}"
            }
          }
        ]
      }
    },
    "ranger_chestplate": {
      "trigger": "minecraft:inventory_changed",
      "conditions": {
        "items": [
          {
            "items": "minecraft:netherite_chestplate",
            "predicates": {
              "minecraft:custom_data": "{valiance:{id:\"archer_chestplate\"}}"
            }
          }
        ]
      }
    },
    "ranger_leggings": {
      "trigger": "minecraft:inventory_changed",
      "conditions": {
        "items": [
          {
            "items": "minecraft:netherite_leggings",
            "predicates": {
              "minecraft:custom_data": "{valiance:{id:\"archer_leggings\"}}"
            }
          }
        ]
      }
    },
    "ranger_boots": {
      "trigger": "minecraft:inventory_changed",
      "conditions": {
        "items": [
          {
            "items": "minecraft:netherite_boots",
            "predicates": {
              "minecraft:custom_data": "{valiance:{id:\"archer_boots\"}}"
            }
          }
        ]
      }
    }
  },
  "requirements": [
    [
      "dagger",
      "greatsword",
      "spear",
      "hammer",
      "ranger_helmet",
      "ranger_chestplate",
      "ranger_leggings",
      "ranger_boots"
    ]
  ],
  "rewards": {
    "function": "valiance:item/upgrade_to_netherite/start"
  }
}
