{
  "description": {
    "translate": "enchantment.minecraft.power"
  },
  "supported_items": "#valiance:enchantable/bow_and_crossbow",
  "weight": 10,
  "max_level": 5,
  "min_cost": {
    "base": 1,
    "per_level_above_first": 10
  },
  "max_cost": {
    "base": 16,
    "per_level_above_first": 10
  },
  "anvil_cost": 1,
  "slots": [
    "mainhand"
  ],
  "effects": {
    "minecraft:damage": [
      {
        "effect": {
          "type": "minecraft:add",
          "value": {
            "type": "minecraft:linear",
            "base": 0.5,
            "per_level_above_first": 0.35
          }
        },
        "requirements": [
          {
            "condition": "minecraft:entity_properties",
            "entity": "direct_attacker",
            "predicate": {
              "type": "#minecraft:arrows"
            }
          }
        ]
      }
    ]
  }
}
