{
  "type": "minecraft:generic",
  "pools": [
    {
      "rolls": 1,
      "entries": [
        {
          "type": "minecraft:item",
          "name": "minecraft:furnace"
        }
      ],
      "functions": [
        {
          "function": "minecraft:set_name",
          "entity": "this",
          "target": "item_name",
          "name": {
            "translate": "item.valiance.challenger_idol",
            "color": "white",
            "font": "valiance:title"
          }
        },
        {
          "function": "minecraft:set_lore",
          "entity": "this",
          "lore": [
            {
              "translate": "ui.valiance.title",
              "color": "white",
              "font": "valiance:title",
              "italic": false
            }
          ],
          "mode": "replace_all"
        },
        {
          "function": "minecraft:set_components",
          "components": {
            "minecraft:custom_model_data": 4460000
          }
        },
        {
          "function": "minecraft:set_custom_data",
          "tag": "{valiance:{id:\"challenger_idol\"}}"
        },
        {
          "function": "minecraft:set_contents",
          "component": "minecraft:container",
          "entries": [
            {
              "type": "minecraft:item",
              "name": "minecraft:stone",
              "functions": [
                {
                  "function": "minecraft:set_custom_data",
                  "tag": "{thallium:{block:{id:\"challenger_idol\"}},smithed:{ignore:{functionality:1b,crafting:1b}}}"
                }
              ]
            }
          ]
        }
      ]
    }
  ]
}
