{
  "type": "minecraft:generic",
  "pools": [
    {
      "rolls": 1,
      "entries": [
        {
          "type": "minecraft:item",
          "name": "minecraft:cooked_cod"
        }
      ],
      "functions": [
        {
          "function": "minecraft:set_name",
          "entity": "this",
          "target": "item_name",
          "name": {
            "translate": "item.valiance.cursed_apple"
          }
        },
        {
          "function": "minecraft:set_lore",
          "entity": "this",
          "lore": [
            {
              "translate": "ui.valiance.title",
              "color": "white",
              "font": "valiance:title",
              "italic": false
            }
          ],
          "mode": "replace_all"
        },
        {
          "function": "minecraft:set_components",
          "components": {
            "minecraft:custom_model_data": 4460001,
            "minecraft:rarity": "rare",
            "minecraft:food": {
              "nutrition": 4,
              "saturation": 4,
              "can_always_eat": true,
              "eat_seconds": 1.6
            }
          }
        },
        {
          "function": "minecraft:set_custom_data",
          "tag": "{valiance:{id:\"cursed_apple\"},thallium:{food_right_click_detection:1},smithed:{ignore:{functionality:1b,crafting:1b}}}"
        }
      ]
    }
  ]
}
