{
	"credit": "Made with Blockbench",
	"texture_size": [64, 64],
	"textures": {
		"0": "valiance:item/entity/jeeper/jeeper_primed"
	},
	"elements": [
		{
			"name": "Body",
			"from": [6, 8, 6],
			"to": [10, 16, 10],
			"rotation": {"angle": 0, "axis": "y", "origin": [7, 8, 7]},
			"faces": {
				"north": {"uv": [9, 6, 10, 8], "texture": "#0"},
				"east": {"uv": [8, 6, 9, 8], "texture": "#0"},
				"south": {"uv": [11, 6, 12, 8], "texture": "#0"},
				"west": {"uv": [10, 6, 11, 8], "texture": "#0"},
				"up": {"uv": [10, 6, 9, 5], "texture": "#0"},
				"down": {"uv": [11, 5, 10, 6], "texture": "#0"}
			}
		},
		{
			"name": "Body",
			"from": [4, 16, 4],
			"to": [12, 24, 12],
			"rotation": {"angle": 0, "axis": "y", "origin": [5, 16, 5]},
			"faces": {
				"north": {"uv": [2, 7, 4, 9], "texture": "#0"},
				"east": {"uv": [0, 7, 2, 9], "texture": "#0"},
				"south": {"uv": [6, 7, 8, 9], "texture": "#0"},
				"west": {"uv": [4, 7, 6, 9], "texture": "#0"},
				"up": {"uv": [4, 7, 2, 5], "texture": "#0"},
				"down": {"uv": [6, 5, 4, 7], "texture": "#0"}
			}
		},
		{
			"name": "Leg",
			"from": [9, 0, 3],
			"to": [13, 8, 7],
			"rotation": {"angle": 0, "axis": "y", "origin": [11.5, 3, 5.5]},
			"faces": {
				"north": {"uv": [8, 9, 9, 11], "texture": "#0"},
				"east": {"uv": [7, 9, 8, 11], "texture": "#0"},
				"south": {"uv": [10, 9, 11, 11], "texture": "#0"},
				"west": {"uv": [9, 9, 10, 11], "texture": "#0"},
				"up": {"uv": [9, 9, 8, 8], "texture": "#0"},
				"down": {"uv": [10, 8, 9, 9], "texture": "#0"}
			}
		},
		{
			"name": "Leg",
			"from": [9, 0, 9],
			"to": [13, 8, 13],
			"rotation": {"angle": 0, "axis": "y", "origin": [11.5, 3, 10.5]},
			"faces": {
				"north": {"uv": [11, 9, 10, 11], "texture": "#0"},
				"east": {"uv": [8, 9, 7, 11], "texture": "#0"},
				"south": {"uv": [9, 9, 8, 11], "texture": "#0"},
				"west": {"uv": [10, 9, 9, 11], "texture": "#0"},
				"up": {"uv": [9, 8, 8, 9], "texture": "#0"},
				"down": {"uv": [10, 9, 9, 8], "texture": "#0"}
			}
		},
		{
			"name": "Leg",
			"from": [3, 0, 3],
			"to": [7, 8, 7],
			"rotation": {"angle": 0, "axis": "y", "origin": [4.5, 3, 5.5]},
			"faces": {
				"north": {"uv": [9, 9, 8, 11], "texture": "#0"},
				"east": {"uv": [10, 9, 9, 11], "texture": "#0"},
				"south": {"uv": [11, 9, 10, 11], "texture": "#0"},
				"west": {"uv": [8, 9, 7, 11], "texture": "#0"},
				"up": {"uv": [8, 9, 9, 8], "texture": "#0"},
				"down": {"uv": [9, 8, 10, 9], "texture": "#0"}
			}
		},
		{
			"name": "Leg",
			"from": [3, 0, 9],
			"to": [7, 8, 13],
			"rotation": {"angle": 0, "axis": "y", "origin": [4.5, 3, 10.5]},
			"faces": {
				"north": {"uv": [10, 9, 11, 11], "texture": "#0"},
				"east": {"uv": [9, 9, 10, 11], "texture": "#0"},
				"south": {"uv": [8, 9, 9, 11], "texture": "#0"},
				"west": {"uv": [7, 9, 8, 11], "texture": "#0"},
				"up": {"uv": [8, 8, 9, 9], "texture": "#0"},
				"down": {"uv": [9, 9, 10, 8], "texture": "#0"}
			}
		}
	],
	"display": {
		"ground": {
			"rotation": [0, -180, 0],
			"translation": [0, -10, -6.4]
		}
	},
	"groups": [
		{
			"name": "Root",
			"origin": [8, 0, 8],
			"color": 0,
			"children": [
				{
					"name": "Body",
					"origin": [8, 8, 8],
					"color": 0,
					"children": [
						0,
						{
							"name": "BodyMiddle",
							"origin": [8, 16, 8],
							"color": 0,
							"children": [1]
						}
					]
				},
				{
					"name": "Legs",
					"origin": [8, 0, 8],
					"color": 0,
					"children": [
						{
							"name": "LegFrontRight",
							"origin": [10, 8, 6],
							"color": 0,
							"children": [2]
						},
						{
							"name": "LegBackRight",
							"origin": [10, 8, 10],
							"color": 0,
							"children": [3]
						},
						{
							"name": "LegFrontLeft",
							"origin": [6, 8, 6],
							"color": 0,
							"children": [4]
						},
						{
							"name": "LegBackLeft",
							"origin": [6, 8, 10],
							"color": 0,
							"children": [5]
						}
					]
				}
			]
		}
	]
}