{
	"credit": "Made with Blockbench",
	"texture_size": [64, 64],
	"textures": {
		"1": "valiance:item/entity/jeeper/jeeper_hurt",
		"particle": "valiance:item/entity/jeeper/jeeper_hurt"
	},
	"elements": [
		{
			"name": "Head",
			"from": [2, 0, 2],
			"to": [14, 8, 14],
			"rotation": {"angle": 0, "axis": "y", "origin": [3, 0, 3]},
			"faces": {
				"north": {"uv": [3, 3, 6, 5], "texture": "#1"},
				"east": {"uv": [0, 3, 3, 5], "texture": "#1"},
				"south": {"uv": [9, 3, 12, 5], "texture": "#1"},
				"west": {"uv": [6, 3, 9, 5], "texture": "#1"},
				"up": {"uv": [6, 3, 3, 0], "texture": "#1"},
				"down": {"uv": [9, 0, 6, 3], "texture": "#1"}
			}
		},
		{
			"name": "Horn",
			"from": [9, 11, 7],
			"to": [11, 16, 9],
			"rotation": {"angle": 0, "axis": "y", "origin": [10, 11, 8]},
			"faces": {
				"north": {"uv": [0.5, 5.5, 1, 6.75], "texture": "#1"},
				"east": {"uv": [0, 5.5, 0.5, 6.75], "texture": "#1"},
				"south": {"uv": [1.5, 5.5, 2, 6.75], "texture": "#1"},
				"west": {"uv": [1, 5.5, 1.5, 6.75], "texture": "#1"},
				"up": {"uv": [1, 5.5, 0.5, 5], "texture": "#1"},
				"down": {"uv": [1.5, 5, 1, 5.5], "texture": "#1"}
			}
		},
		{
			"name": "Horn",
			"from": [11, 8, 7],
			"to": [13, 13, 9],
			"rotation": {"angle": 0, "axis": "y", "origin": [12, 8, 8]},
			"faces": {
				"north": {"uv": [6.5, 5.5, 7, 6.75], "texture": "#1"},
				"east": {"uv": [6, 5.5, 6.5, 6.75], "texture": "#1"},
				"south": {"uv": [7.5, 5.5, 8, 6.75], "texture": "#1"},
				"west": {"uv": [7, 5.5, 7.5, 6.75], "texture": "#1"},
				"up": {"uv": [7, 5.5, 6.5, 5], "texture": "#1"},
				"down": {"uv": [7.5, 5, 7, 5.5], "texture": "#1"}
			}
		},
		{
			"name": "Horn",
			"from": [14, 5, 7],
			"to": [18, 7, 9],
			"rotation": {"angle": 0, "axis": "y", "origin": [15, 6, 8]},
			"faces": {
				"north": {"uv": [0.5, 0.5, 1.5, 1], "texture": "#1"},
				"east": {"uv": [0, 0.5, 0.5, 1], "texture": "#1"},
				"south": {"uv": [2, 0.5, 3, 1], "texture": "#1"},
				"west": {"uv": [1.5, 0.5, 2, 1], "texture": "#1"},
				"up": {"uv": [1.5, 0.5, 0.5, 0], "texture": "#1"},
				"down": {"uv": [2.5, 0, 1.5, 0.5], "texture": "#1"}
			}
		},
		{
			"name": "Horn",
			"from": [16, 7, 7],
			"to": [18, 9, 9],
			"rotation": {"angle": 0, "axis": "y", "origin": [17, 8, 8]},
			"faces": {
				"north": {"uv": [0.5, 2.5, 1, 3], "texture": "#1"},
				"east": {"uv": [0, 2.5, 0.5, 3], "texture": "#1"},
				"south": {"uv": [1.5, 2.5, 2, 3], "texture": "#1"},
				"west": {"uv": [1, 2.5, 1.5, 3], "texture": "#1"},
				"up": {"uv": [1, 2.5, 0.5, 2], "texture": "#1"},
				"down": {"uv": [1.5, 2, 1, 2.5], "texture": "#1"}
			}
		},
		{
			"name": "Horn",
			"from": [16, 9, 7],
			"to": [20, 11, 9],
			"rotation": {"angle": 0, "axis": "y", "origin": [17, 10, 8]},
			"faces": {
				"north": {"uv": [0.5, 1.5, 1.5, 2], "texture": "#1"},
				"east": {"uv": [0, 1.5, 0.5, 2], "texture": "#1"},
				"south": {"uv": [2, 1.5, 3, 2], "texture": "#1"},
				"west": {"uv": [1.5, 1.5, 2, 2], "texture": "#1"},
				"up": {"uv": [1.5, 1.5, 0.5, 1], "texture": "#1"},
				"down": {"uv": [2.5, 1, 1.5, 1.5], "texture": "#1"}
			}
		},
		{
			"name": "Horn",
			"from": [-4, 9, 7],
			"to": [0, 11, 9],
			"rotation": {"angle": 0, "axis": "y", "origin": [-1, 10, 8]},
			"faces": {
				"north": {"uv": [1.5, 1.5, 0.5, 2], "texture": "#1"},
				"east": {"uv": [2, 1.5, 1.5, 2], "texture": "#1"},
				"south": {"uv": [3, 1.5, 2, 2], "texture": "#1"},
				"west": {"uv": [0.5, 1.5, 0, 2], "texture": "#1"},
				"up": {"uv": [0.5, 1.5, 1.5, 1], "texture": "#1"},
				"down": {"uv": [1.5, 1, 2.5, 1.5], "texture": "#1"}
			}
		},
		{
			"name": "Horn",
			"from": [5, 11, 7],
			"to": [7, 16, 9],
			"rotation": {"angle": 0, "axis": "y", "origin": [6, 11, 8]},
			"faces": {
				"north": {"uv": [1, 5.5, 0.5, 6.75], "texture": "#1"},
				"east": {"uv": [1.5, 5.5, 1, 6.75], "texture": "#1"},
				"south": {"uv": [2, 5.5, 1.5, 6.75], "texture": "#1"},
				"west": {"uv": [0.5, 5.5, 0, 6.75], "texture": "#1"},
				"up": {"uv": [0.5, 5.5, 1, 5], "texture": "#1"},
				"down": {"uv": [1, 5, 1.5, 5.5], "texture": "#1"}
			}
		},
		{
			"name": "Horn",
			"from": [3, 8, 7],
			"to": [5, 13, 9],
			"rotation": {"angle": 0, "axis": "y", "origin": [4, 8, 8]},
			"faces": {
				"north": {"uv": [7, 5.5, 6.5, 6.75], "texture": "#1"},
				"east": {"uv": [7.5, 5.5, 7, 6.75], "texture": "#1"},
				"south": {"uv": [8, 5.5, 7.5, 6.75], "texture": "#1"},
				"west": {"uv": [6.5, 5.5, 6, 6.75], "texture": "#1"},
				"up": {"uv": [6.5, 5.5, 7, 5], "texture": "#1"},
				"down": {"uv": [7, 5, 7.5, 5.5], "texture": "#1"}
			}
		},
		{
			"name": "Horn",
			"from": [-2, 5, 7],
			"to": [2, 7, 9],
			"rotation": {"angle": 0, "axis": "y", "origin": [1, 6, 8]},
			"faces": {
				"north": {"uv": [1.5, 0.5, 0.5, 1], "texture": "#1"},
				"east": {"uv": [2, 0.5, 1.5, 1], "texture": "#1"},
				"south": {"uv": [3, 0.5, 2, 1], "texture": "#1"},
				"west": {"uv": [0.5, 0.5, 0, 1], "texture": "#1"},
				"up": {"uv": [0.5, 0.5, 1.5, 0], "texture": "#1"},
				"down": {"uv": [1.5, 0, 2.5, 0.5], "texture": "#1"}
			}
		},
		{
			"name": "Horn",
			"from": [-2, 7, 7],
			"to": [0, 9, 9],
			"rotation": {"angle": 0, "axis": "y", "origin": [-1, 8, 8]},
			"faces": {
				"north": {"uv": [1, 2.5, 0.5, 3], "texture": "#1"},
				"east": {"uv": [1.5, 2.5, 1, 3], "texture": "#1"},
				"south": {"uv": [2, 2.5, 1.5, 3], "texture": "#1"},
				"west": {"uv": [0.5, 2.5, 0, 3], "texture": "#1"},
				"up": {"uv": [0.5, 2.5, 1, 2], "texture": "#1"},
				"down": {"uv": [1, 2, 1.5, 2.5], "texture": "#1"}
			}
		}
	],
	"display": {
		"head": {
			"translation": [0, 5.75, 0],
			"scale": [1.6, 1.6, 1.6]
		}
	},
	"groups": [
		{
			"name": "Root",
			"origin": [8, 0, 8],
			"color": 0,
			"children": [
				{
					"name": "Head",
					"origin": [8, -0.1, 8],
					"color": 0,
					"children": [0, 1, 2, 3, 4, 5, 6, 7, 8, 9, 10]
				}
			]
		}
	]
}