{
  "type": "minecraft:crafting_shaped",
  "category": "misc",
  "key": {
    "#": {
      "item": "minecraft:diamond"
    },
    "C": {
      "item": "minecraft:smooth_basalt"
    },
    "S": {
      "item": "minecraft:armadillo_spawn_egg"
    }
  },
  "pattern": [
    "#S#",
    "#C#",
    "###"
  ],
  "result": {
    "id": "minecraft:knowledge_book",
    "count": 2,
    "components": {
      "minecraft:custom_model_data": 4460033,
      "minecraft:custom_name": "{\"translate\":\"item.valiance.banding_armor_trim_smithing_template\",\"italic\":false}",
      "minecraft:rarity": "common",
      "minecraft:max_stack_size": 2
    }
  }
}
