{
  "type": "minecraft:crafting_shaped",
  "category": "equipment",
  "pattern": [
    " c ",
    " r ",
    " r "
  ],
  "key": {
    "c": {
      "item": "minecraft:gold_ingot"
    },
    "r": {
      "item": "minecraft:bone"
    }
  },
  "result": {
    "id": "minecraft:knowledge_book",
    "count": 1,
    "components": {
      "minecraft:custom_model_data": 4460025,
      "minecraft:custom_name": "{\"translate\":\"item.valiance.commanding_rod\",\"italic\":false}",
      "minecraft:rarity": "common"
    }
  }
}
