{
  "type": "minecraft:crafting_shaped",
  "category": "equipment",
  "pattern": [
    "  m",
    " h ",
    "h  "
  ],
  "key": {
    "h": {
      "item": "minecraft:stick"
    },
    "m": {
      "tag": "minecraft:stone_tool_materials"
    }
  },
  "result": {
    "id": "minecraft:knowledge_book",
    "count": 1,
    "components": {
      "minecraft:custom_model_data": 4460007,
      "minecraft:custom_name": "{\"translate\":\"item.valiance.stone_spear\",\"italic\":false}",
      "minecraft:rarity": "common"
    }
  }
}
