
[
  {
    "function": "minecraft:set_components",
    "components": {
      "minecraft:item_model": "valiance:katana/katana"
    }
  },
  {
    "function": "minecraft:set_custom_data",
    "tag": "{valiance:{heat:0}}"
  },
  {
    "function": "minecraft:set_lore",
    "entity": "this",
    "lore": [
      {
        "translate": "ui.valiance.title",
        "color": "white",
        "font": "valiance:title",
        "italic": false
      },
      {
        "text": " "
      },
      {
        "translate": "item.modifiers.mainhand",
        "color": "gray",
        "italic": false
      },
      [
        {
          "text": " 6 ",
          "color": "dark_green",
          "italic": false
        },
        {
          "translate": "attribute.name.attack_damage",
          "color": "dark_green",
          "italic": false
        }
      ],
      [
        {
          "text": " 1.6 ",
          "color": "dark_green",
          "italic": false
        },
        {
          "translate": "attribute.name.attack_speed",
          "color": "dark_green",
          "italic": false
        }
      ]
    ],
    "mode": "replace_all"
  },
  {
    "function": "minecraft:set_attributes",
    "modifiers": [
      {
        "id": "valiance:item.katana.attack_damage",
        "attribute": "minecraft:attack_damage",
        "amount": 5,
        "operation": "add_value",
        "slot": "mainhand"
      },
      {
        "id": "valiance:item.katana.attack_speed",
        "attribute": "minecraft:attack_speed",
        "amount": -2.4,
        "operation": "add_value",
        "slot": "mainhand"
      }
    ]
  },
  {
    "function": "minecraft:toggle_tooltips",
    "toggles": {
      "attribute_modifiers": false
    }
  }
]
