{
  "type": "minecraft:generic",
  "pools": [
    {
      "rolls": 1,
      "entries": [
        {
          "type": "minecraft:item",
          "name": "minecraft:netherite_sword"
        }
      ],
      "functions": [
        {
          "function": "minecraft:set_name",
          "entity": "this",
          "target": "item_name",
          "name": {
            "translate": "item.valiance.rare_sword"
          }
        },
        {
          "function": "minecraft:set_lore",
          "entity": "this",
          "lore": [
            {
              "translate": "ui.valiance.title",
              "color": "white",
              "font": "valiance:title",
              "italic": false
            }
          ],
          "mode": "replace_all"
        },
        {
          "function": "minecraft:set_components",
          "components": {
            "minecraft:custom_model_data": 4460004,
            "minecraft:rarity": "rare"
          }
        },
        {
          "function": "minecraft:set_custom_data",
          "tag": "{valiance:{id:\"rare_sword\"}}"
        }
      ]
    }
  ]
}
