{
  "item.loot_bag": { "subtitle": "subtitles.valiance.item.loot_bag", "sounds": [ "item/bundle/drop_contents1", "item/bundle/drop_contents2", "item/bundle/drop_contents3" ]},

  "item.sword.hit": { "subtitle": "subtitles.valiance.item.sword.hit", "sounds": [ "valiance:item/melee_weapons/sword/hit1", "valiance:item/melee_weapons/sword/hit2", "valiance:item/melee_weapons/sword/hit3", "valiance:item/melee_weapons/sword/hit4" ]},

  "item.dagger.hit": { "subtitle": "subtitles.valiance.item.dagger.hit", "sounds": [ "valiance:item/melee_weapons/dagger/hit1", "valiance:item/melee_weapons/dagger/hit2", "valiance:item/melee_weapons/dagger/hit3" ]},

  "item.greatsword.hit": { "subtitle": "subtitles.valiance.item.greatsword.hit", "sounds": [ "valiance:item/melee_weapons/greatsword/hit1", "valiance:item/melee_weapons/greatsword/hit2" ]},

  "item.spear.hit": { "subtitle": "subtitles.valiance.item.spear.hit", "sounds": [ "valiance:item/melee_weapons/dagger/hit1", "valiance:item/melee_weapons/dagger/hit2", "valiance:item/melee_weapons/dagger/hit3" ]},

  "item.hammer.hit": { "subtitle": "subtitles.valiance.item.hammer.hit", "sounds": [ "valiance:item/melee_weapons/hammer/hit1", "valiance:item/melee_weapons/hammer/hit2", "valiance:item/melee_weapons/hammer/hit3", "valiance:item/melee_weapons/hammer/hit4" ]},

  "item.gauntlet.hit": { "subtitle": "subtitles.valiance.item.gauntlet.hit", "sounds": [ "valiance:item/melee_weapons/gauntlet/hit1", "valiance:item/melee_weapons/gauntlet/hit2", "valiance:item/melee_weapons/gauntlet/hit3" ]},

  "item.gauntlet.block": { "subtitle": "subtitles.valiance.item.gauntlet.block", "sounds": [ "valiance:item/melee_weapons/gauntlet/hit1", "valiance:item/melee_weapons/gauntlet/hit2", "valiance:item/melee_weapons/gauntlet/hit3" ]},

  "item.lance.hit": { "subtitle": "subtitles.valiance.item.lance.hit", "sounds": [ "valiance:item/melee_weapons/lance/hit1" ]},

  "item.katana.hit": { "subtitle": "subtitles.valiance.item.katana.hit", "sounds": [ "valiance:item/melee_weapons/katana/hit1", "valiance:item/melee_weapons/katana/hit2", "valiance:item/melee_weapons/katana/hit3", "valiance:item/melee_weapons/katana/hit3" ]},

  "item.katana.hit_fire1": { "sounds": [ {"name": "valiance:item/melee_weapons/katana/hit_fire1", "volume": 0.5}, {"name": "valiance:item/melee_weapons/katana/hit_fire2", "volume": 0.5}, {"name": "valiance:item/melee_weapons/katana/hit_fire3", "volume": 0.5} ]},

  "item.katana.hit_fire2": { "sounds": [ {"name": "valiance:item/melee_weapons/katana/hit_fire1", "volume": 0.75}, {"name": "valiance:item/melee_weapons/katana/hit_fire2", "volume": 0.75}, {"name": "valiance:item/melee_weapons/katana/hit_fire3", "volume": 0.75} ]},

  "item.katana.hit_fire3": { "sounds": [ "valiance:item/melee_weapons/katana/hit_fire1", "valiance:item/melee_weapons/katana/hit_fire2", "valiance:item/melee_weapons/katana/hit_fire3" ]},

  "item.katana.heat_up": { "subtitle": "subtitles.valiance.item.katana.heat_up", "sounds": [ {"name": "valiance:item/melee_weapons/katana/heat_up", "pitch": 0.9}, {"name": "valiance:item/melee_weapons/katana/heat_up"}, {"name": "valiance:item/melee_weapons/katana/heat_up", "pitch": 1.1} ]},

  "item.shield.block": { "subtitle": "subtitles.item.shield.block", "sounds": [ "item/shield/block1", "item/shield/block2", "item/shield/block3", "item/shield/block4" ]},

  "item.copper_shield.block": { "subtitle": "subtitles.item.shield.block", "sounds": [ "valiance:item/shield/copper1", "valiance:item/shield/copper2", "valiance:item/shield/copper3" ]},

  "item.scute_shield.block": { "subtitle": "subtitles.item.shield.block", "sounds": [ "valiance:item/shield/scute1", "valiance:item/shield/scute2", "valiance:item/shield/scute3" ]},

  "item.ceramic_shield.block": { "subtitle": "subtitles.item.shield.block", "sounds": [ "valiance:item/shield/ceramic1", "valiance:item/shield/ceramic2", "valiance:item/shield/ceramic3" ]},

  "item.commanding_rod": { "subtitle": "subtitles.valiance.item.commanding_rod", "sounds": [ "valiance:item/commanding_rod" ]},

  "enchantment.deflection": { "subtitle": "subtitles.valiance.enchantment.deflection", "sounds": [ "minecraft:mob/zombie/metal1", "minecraft:mob/zombie/metal2", "minecraft:mob/zombie/metal3" ]},

  "enchantment.dispel": { "subtitle": "subtitles.valiance.enchantment.dispel", "sounds": [ "valiance:enchantment/dispel1", "valiance:enchantment/dispel2", "valiance:enchantment/dispel3" ]},

  "item.summoning_horn.murder": { "subtitle": "subtitles.valiance.item.summoning_horn", "sounds": [ "valiance:item/summoning_horn/murder" ]},

  "item.summoning_horn.havoc": { "subtitle": "subtitles.valiance.item.summoning_horn", "sounds": [ "valiance:item/summoning_horn/havoc" ]},

  "item.summoning_horn.century": { "subtitle": "subtitles.valiance.item.summoning_horn", "sounds": [ "valiance:item/summoning_horn/century" ]},

  "item.summoning_horn.edge": { "subtitle": "subtitles.valiance.item.summoning_horn", "sounds": [ "valiance:item/summoning_horn/edge" ]},

  "item.summoning_horn.justice": { "subtitle": "subtitles.valiance.item.summoning_horn", "sounds": [ "valiance:item/summoning_horn/justice" ]},

  "item.summoning_horn.grief": { "subtitle": "subtitles.valiance.item.summoning_horn", "sounds": [ "valiance:item/summoning_horn/grief" ]},

  "item.cursed_apple.warn": { "subtitle": "subtitles.valiance.item.cursed_apple.warn", "sounds": [ "valiance:item/cursed_apple/warn1", "valiance:item/cursed_apple/warn2", "valiance:item/cursed_apple/warn3" ]},

  "item.cursed_apple.activate": { "subtitle": "subtitles.valiance.item.cursed_apple.activate", "sounds": [ "valiance:item/cursed_apple/curse" ]},

  "item.enchanted_horse_flute.flute": { "sounds": [ "valiance:item/enchanted_horse_flute/flute1", "valiance:item/enchanted_horse_flute/flute2" ]},

  "item.enchanted_horse_flute.summon": { "subtitle": "subtitles.valiance.item.enchanted_horse_flute.summon", "sounds": [ "valiance:item/enchanted_horse_flute/horse" ]},

  "item.enchanted_horse_flute.unsummon": { "subtitle": "subtitles.valiance.item.enchanted_horse_flute.unsummon", "sounds": [ "valiance:item/enchanted_horse_flute/horse" ]},

  "item.enchanted_horse_flute.fail": { "subtitle": "subtitles.valiance.item.enchanted_horse_flute.fail", "sounds": [ "valiance:item/enchanted_horse_flute/fail" ]},

  "block.challenger_idol.electrocute": { "subtitle": "subtitles.valiance.block.challenger_idol.electrocute", "sounds": [ "valiance:block/challenger_idol/shock1", "valiance:block/challenger_idol/shock2", "valiance:block/challenger_idol/shock3" ]},

  "block.challenger_idol.unlock_first": { "subtitle": "subtitles.valiance.block.challenger_idol.unlock", "sounds": [ "valiance:block/challenger_idol/unlock_first" ]},

  "block.challenger_idol.unlock_second": { "subtitle": "subtitles.valiance.block.challenger_idol.unlock", "sounds": [ "valiance:block/challenger_idol/unlock_second" ]},

  "block.challenger_idol.unlock_third": { "subtitle": "subtitles.valiance.block.challenger_idol.unlock", "sounds": [ "valiance:block/challenger_idol/unlock_third" ]},

  "block.challenger_idol.unbind": { "subtitle": "subtitles.valiance.block.challenger_idol.unbind", "sounds": [ "valiance:block/challenger_idol/unbind" ]},

  "block.grinderizor.use": { "subtitle": "subtitles.valiance.block.grinderizor.use", "sounds": [ "valiance:block/grinderizor/grind1", "valiance:block/grinderizor/grind2", "valiance:block/grinderizor/grind3" ]},

  "entity.brute.ambient": { "subtitle": "subtitles.valiance.entity.brute.ambient", "sounds": [
{"name": "minecraft:mob/zombie/say1", "pitch": 0.75}, {"name": "minecraft:mob/zombie/say2", "pitch": 0.75}, {"name": "minecraft:mob/zombie/say3", "pitch": 0.75} ]},

  "entity.brute.hurt": { "subtitle": "subtitles.valiance.entity.brute.hurt", "sounds": [
{"name": "minecraft:mob/zombie/hurt1", "pitch": 0.75}, {"name": "minecraft:mob/zombie/hurt2", "pitch": 0.75} ]},

  "entity.brute.death": { "subtitle": "subtitles.valiance.entity.brute.death", "sounds": [
{"name": "minecraft:mob/zombie/death", "pitch": 0.75} ]},

  "entity.brute.step": { "subtitle": "subtitles.block.generic.footsteps", "sounds": [
{"name": "minecraft:mob/zombie/step1", "pitch": 0.75}, {"name": "minecraft:mob/zombie/step2", "pitch": 0.75}, {"name": "minecraft:mob/zombie/step3", "pitch": 0.75}, {"name": "minecraft:mob/zombie/step4", "pitch": 0.75}, {"name": "minecraft:mob/zombie/step5", "pitch": 0.75} ]},

  "entity.brute.husk.ambient": { "subtitle": "subtitles.valiance.entity.brute.husk.ambient", "sounds": [
{"name": "minecraft:mob/husk/idle1", "pitch": 0.75}, {"name": "minecraft:mob/husk/idle2", "pitch": 0.75}, {"name": "minecraft:mob/husk/idle3", "pitch": 0.75} ]},

  "entity.brute.husk.hurt": { "subtitle": "subtitles.valiance.entity.brute.hurt", "sounds": [
{"name": "minecraft:mob/husk/hurt1", "pitch": 0.75}, {"name": "minecraft:mob/husk/hurt2", "pitch": 0.75} ]},

  "entity.brute.husk.death": { "subtitle": "subtitles.valiance.entity.brute.death", "sounds": [
{"name": "minecraft:mob/husk/death1", "pitch": 0.75}, {"name": "minecraft:mob/husk/death2", "pitch": 0.75} ]},

  "entity.brute.husk.step": { "subtitle": "subtitles.block.generic.footsteps", "sounds": [
{"name": "minecraft:mob/husk/step1", "pitch": 0.75}, {"name": "minecraft:mob/husk/step2", "pitch": 0.75}, {"name": "minecraft:mob/husk/step3", "pitch": 0.75}, {"name": "minecraft:mob/husk/step4", "pitch": 0.75}, {"name": "minecraft:mob/husk/step5", "pitch": 0.75} ]},

  "entity.brute.drowned.ambient": { "subtitle": "subtitles.valiance.entity.brute.drowned.ambient", "sounds": [
{"name": "minecraft:mob/drowned/idle1", "pitch": 0.75}, {"name": "minecraft:mob/drowned/idle2", "pitch": 0.75}, {"name": "minecraft:mob/drowned/idle3", "pitch": 0.75}, {"name": "minecraft:mob/drowned/idle4", "pitch": 0.75}, {"name": "minecraft:mob/drowned/idle5", "pitch": 0.75} ]},

  "entity.brute.drowned.hurt": { "subtitle": "subtitles.valiance.entity.brute.hurt", "sounds": [
{"name": "minecraft:mob/drowned/hurt1", "pitch": 0.75}, {"name": "minecraft:mob/drowned/hurt2", "pitch": 0.75}, {"name": "minecraft:mob/drowned/hurt3", "pitch": 0.75} ]},

  "entity.brute.drowned.death": { "subtitle": "subtitles.valiance.entity.brute.death", "sounds": [
{"name": "minecraft:mob/drowned/death1", "pitch": 0.75}, {"name": "minecraft:mob/drowned/death2", "pitch": 0.75} ]},

  "entity.brute.drowned.step": { "subtitle": "subtitles.block.generic.footsteps", "sounds": [
{"name": "minecraft:mob/drowned/step1", "pitch": 0.75}, {"name": "minecraft:mob/drowned/step2", "pitch": 0.75}, {"name": "minecraft:mob/drowned/step3", "pitch": 0.75}, {"name": "minecraft:mob/drowned/step4", "pitch": 0.75}, {"name": "minecraft:mob/drowned/step5", "pitch": 0.75} ]},

  "entity.bedazzle.ambient": { "subtitle": "subtitles.valiance.entity.bedazzle.ambient", "sounds": [
"valiance:entity/bedazzle/idle1", "valiance:entity/bedazzle/idle2", "valiance:entity/bedazzle/idle3" ]},

  "entity.bedazzle.hurt": { "subtitle": "subtitles.valiance.entity.bedazzle.hurt", "sounds": [
"valiance:entity/bedazzle/hurt1", "valiance:entity/bedazzle/hurt2", "valiance:entity/bedazzle/hurt3" ]},

  "entity.bedazzle.death": { "subtitle": "subtitles.valiance.entity.bedazzle.death", "sounds": [
"valiance:entity/bedazzle/death" ]},

  "entity.bedazzle.shoot": { "subtitle": "subtitles.valiance.entity.bedazzle.shoot", "sounds": [
"valiance:entity/bedazzle/shard_shoot1", "valiance:entity/bedazzle/shard_shoot2", "valiance:entity/bedazzle/shard_shoot3" ]},

  "entity.amethyst_shard.shatter": { "subtitle": "subtitles.valiance.entity.amethyst_shard.shatter", "sounds": [
"valiance:entity/bedazzle/shard_shatter1", "valiance:entity/bedazzle/shard_shatter2", "valiance:entity/bedazzle/shard_shatter3" ]},

  "entity.bedazzle.raise_spikes": { "subtitle": "subtitles.valiance.entity.bedazzle.earthquake", "sounds": [
"valiance:entity/bedazzle/earthquake" ]},

  "entity.amethyst_spike.rise": { "subtitle": "subtitles.valiance.entity.amethyst_spike.rise", "sounds": [
"valiance:entity/bedazzle/spike_raise1", "valiance:entity/bedazzle/spike_raise2", "valiance:entity/bedazzle/spike_raise3" ]},

  "entity.amethyst_spike.sink": { "subtitle": "subtitles.valiance.entity.amethyst_spike.sink", "sounds": [
"valiance:entity/bedazzle/spike_sink1", "valiance:entity/bedazzle/spike_sink2", "valiance:entity/bedazzle/spike_sink3" ]},

  "entity.vigilante.ambient": { "subtitle": "subtitles.valiance.entity.vigilante.ambient", "sounds": [
"valiance:entity/vigilante/idle1", "valiance:entity/vigilante/idle2", "valiance:entity/vigilante/idle3" ]},

  "entity.vigilante.hurt": { "subtitle": "subtitles.valiance.entity.vigilante.hurt", "sounds": [
"valiance:entity/vigilante/hurt1", "valiance:entity/vigilante/hurt2", "valiance:entity/vigilante/hurt3" ]},

  "entity.vigilante.death": { "subtitle": "subtitles.valiance.entity.vigilante.death", "sounds": [
"valiance:entity/vigilante/death1", "valiance:entity/vigilante/death2", "valiance:entity/vigilante/death3" ]},

  "entity.vigilante.horn_accept": { "subtitle": "subtitles.valiance.entity.vigilante.horn_accept", "sounds": [
"valiance:entity/vigilante/horn_accept" ]},

  "entity.vigilante.horn_deny": { "subtitle": "subtitles.valiance.entity.vigilante.horn_deny", "sounds": [
"valiance:entity/vigilante/horn_deny" ]},

  "entity.jeeper.hurt": { "subtitle": "subtitles.valiance.entity.jeeper.hurt", "sounds": [
"valiance:entity/jeeper/hurt1", "valiance:entity/jeeper/hurt2", "valiance:entity/jeeper/hurt3", "valiance:entity/jeeper/hurt4" ]},

  "entity.jeeper.death": { "subtitle": "subtitles.valiance.entity.jeeper.death", "sounds": [
"valiance:entity/jeeper/death" ]},

  "entity.jeeper.fuse": { "subtitle": "subtitles.valiance.entity.jeeper.fuse", "sounds": [
"valiance:entity/jeeper/fuse" ]},

  "entity.jeeper.land": { "subtitle": "subtitles.valiance.entity.jeeper.land", "sounds": [
"valiance:entity/jeeper/land" ]},

  "entity.jeeper.explode": { "subtitle": "subtitles.valiance.entity.jeeper.explode", "sounds": [
"valiance:entity/jeeper/explode1", "valiance:entity/jeeper/explode2", "valiance:entity/jeeper/explode3" ]},

  "entity.player.bonus_hit": { "subtitle": "subtitles.valiance.entity.player.bonus_hit", "sounds": [
"valiance:entity/player/bonus_hit" ]},

  "bounty.start": { "sounds": [ "minecraft:item/book/open_flip1", "minecraft:item/book/open_flip2", "minecraft:item/book/open_flip3" ]},

  "bounty.end": { "sounds": [ "valiance:bounty/end" ]}

}