{
  "description": {
    "translate": "enchantment.valiance.infestation_curse"
  },
  "supported_items": "#minecraft:enchantable/armor",
  "weight": 5,
  "max_level": 1,
  "min_cost": {
    "base": 5,
    "per_level_above_first": 8
  },
  "max_cost": {
    "base": 25,
    "per_level_above_first": 8
  },
  "anvil_cost": 2,
  "slots": [
    "armor"
  ],
  "effects": {
    "minecraft:post_attack": [
      {
        "enchanted": "victim",
        "affected": "victim",
        "effect": {
          "type": "minecraft:summon_entity",
          "entity": "minecraft:silverfish",
          "join_team": false
        },
        "requirements": {
          "condition": "minecraft:random_chance",
          "chance": 0.05
        }
      }
    ]
  }
}
