{
    "parent": "item/handheld",
    "textures": {
        "layer0": "item/diamond_sword"
    },
    "overrides": [
        {"predicate": {"custom_model_data": 4460000},"model": "valiance:item/diamond_dagger"},
        {"predicate": {"custom_model_data": 4460001},"model": "valiance:item/diamond_greatsword"},
        {"predicate": {"custom_model_data": 4460002},"model": "valiance:item/diamond_spear"},
        {"predicate": {"custom_model_data": 4460003},"model": "valiance:item/diamond_hammer"}
    ]
}
