{
    "parent": "block/jigsaw",
    "overrides": [
        {"predicate": {"custom_model_data": 4460000},"model": "valiance:item/empty"},
        {"predicate": {"custom_model_data": 4460001},"model": "valiance:item/entity/brute/arm_zombie"},
        {"predicate": {"custom_model_data": 4460002},"model": "valiance:item/entity/brute/arm_zombie_hurt"},
        {"predicate": {"custom_model_data": 4460003},"model": "valiance:item/entity/brute/head_zombie"},
        {"predicate": {"custom_model_data": 4460004},"model": "valiance:item/entity/brute/head_zombie_hurt"},
        {"predicate": {"custom_model_data": 4460005},"model": "valiance:item/entity/brute/arm_husk"},
        {"predicate": {"custom_model_data": 4460006},"model": "valiance:item/entity/brute/arm_husk_hurt"},
        {"predicate": {"custom_model_data": 4460007},"model": "valiance:item/entity/brute/head_husk"},
        {"predicate": {"custom_model_data": 4460008},"model": "valiance:item/entity/brute/head_husk_hurt"},
        {"predicate": {"custom_model_data": 4460009},"model": "valiance:item/entity/brute/arm_drowned"},
        {"predicate": {"custom_model_data": 4460010},"model": "valiance:item/entity/brute/arm_drowned_hurt"},
        {"predicate": {"custom_model_data": 4460011},"model": "valiance:item/entity/brute/head_drowned"},
        {"predicate": {"custom_model_data": 4460012},"model": "valiance:item/entity/brute/head_drowned_hurt"},
        {"predicate": {"custom_model_data": 4460013},"model": "valiance:item/totem_of_irregularity/red"},
        {"predicate": {"custom_model_data": 4460014},"model": "valiance:item/entity/dynamite"},
        {"predicate": {"custom_model_data": 4460015},"model": "valiance:item/ruby"},
        {"predicate": {"custom_model_data": 4460016},"model": "valiance:item/entity/bedazzle/body"},
        {"predicate": {"custom_model_data": 4460017},"model": "valiance:item/entity/bedazzle/body_hurt"},
        {"predicate": {"custom_model_data": 4460018},"model": "valiance:item/entity/bedazzle/head"},
        {"predicate": {"custom_model_data": 4460019},"model": "valiance:item/entity/bedazzle/head_hurt"},
        {"predicate": {"custom_model_data": 4460020},"model": "valiance:item/bedazzle_rod"},
        {"predicate": {"custom_model_data": 4460021},"model": "valiance:item/entity/bedazzle/shard"},
        {"predicate": {"custom_model_data": 4460022},"model": "valiance:item/entity/bedazzle/spike"},
        {"predicate": {"custom_model_data": 4460023},"model": "valiance:item/entity/brute/gauntlet_zombie"},
        {"predicate": {"custom_model_data": 4460024},"model": "valiance:item/entity/brute/gauntlet_zombie_hurt"},
        {"predicate": {"custom_model_data": 4460025},"model": "valiance:item/entity/brute/gauntlet_husk"},
        {"predicate": {"custom_model_data": 4460026},"model": "valiance:item/entity/brute/gauntlet_husk_hurt"},
        {"predicate": {"custom_model_data": 4460027},"model": "valiance:item/entity/brute/gauntlet_drowned"},
        {"predicate": {"custom_model_data": 4460028},"model": "valiance:item/entity/brute/gauntlet_drowned_hurt"},
        {"predicate": {"custom_model_data": 4460029},"model": "valiance:item/strange_amulet"},
        {"predicate": {"custom_model_data": 4460030},"model": "valiance:item/totem_of_irregularity/orange"},
        {"predicate": {"custom_model_data": 4460031},"model": "valiance:item/totem_of_irregularity/yellow"},
        {"predicate": {"custom_model_data": 4460032},"model": "valiance:item/totem_of_irregularity/green"},
        {"predicate": {"custom_model_data": 4460033},"model": "valiance:item/totem_of_irregularity/blue"},
        {"predicate": {"custom_model_data": 4460034},"model": "valiance:item/totem_of_irregularity/purple"},
        {"predicate": {"custom_model_data": 4460035},"model": "valiance:item/entity/vigilante/body_idle"},
        {"predicate": {"custom_model_data": 4460036},"model": "valiance:item/entity/vigilante/body_idle_hurt"},
        {"predicate": {"custom_model_data": 4460037},"model": "valiance:item/entity/vigilante/body_walking"},
        {"predicate": {"custom_model_data": 4460038},"model": "valiance:item/entity/vigilante/body_walking_hurt"},
        {"predicate": {"custom_model_data": 4460039},"model": "valiance:item/entity/vigilante/head"},
        {"predicate": {"custom_model_data": 4460040},"model": "valiance:item/entity/vigilante/head_hurt"},
        {"predicate": {"custom_model_data": 4460041},"model": "valiance:item/gui/locked_trade"},
        {"predicate": {"custom_model_data": 4460042},"model": "valiance:item/summoning_horn"},
        {"predicate": {"custom_model_data": 4460043},"model": "valiance:item/entity/jeeper/body_idle"},
        {"predicate": {"custom_model_data": 4460044},"model": "valiance:item/entity/jeeper/body_idle_hurt"},
        {"predicate": {"custom_model_data": 4460045},"model": "valiance:item/entity/jeeper/body_walking"},
        {"predicate": {"custom_model_data": 4460046},"model": "valiance:item/entity/jeeper/body_walking_hurt"},
        {"predicate": {"custom_model_data": 4460047},"model": "valiance:item/entity/jeeper/head"},
        {"predicate": {"custom_model_data": 4460048},"model": "valiance:item/entity/jeeper/head_hurt"},
        {"predicate": {"custom_model_data": 4460049},"model": "valiance:item/entity/jeeper/body_primed"},
        {"predicate": {"custom_model_data": 4460050},"model": "valiance:item/entity/jeeper/body_hurt_primed"},
        {"predicate": {"custom_model_data": 4460051},"model": "valiance:item/entity/jeeper/head_primed"},
        {"predicate": {"custom_model_data": 4460052},"model": "valiance:item/entity/jeeper/head_hurt_primed"},
        {"predicate": {"custom_model_data": 4460053},"model": "valiance:item/entity/jeeper/body_primed_fast"},
        {"predicate": {"custom_model_data": 4460054},"model": "valiance:item/entity/jeeper/body_hurt_primed_fast"},
        {"predicate": {"custom_model_data": 4460055},"model": "valiance:item/entity/jeeper/head_primed_fast"},
        {"predicate": {"custom_model_data": 4460056},"model": "valiance:item/entity/jeeper/head_hurt_primed_fast"},
        {"predicate": {"custom_model_data": 4460065},"model": "valiance:block/challenger_idol"},
        {"predicate": {"custom_model_data": 4460066},"model": "valiance:block/trial_lock"},
        {"predicate": {"custom_model_data": 4460067},"model": "valiance:item/iron_key"},
        {"predicate": {"custom_model_data": 4460068},"model": "valiance:item/gui/grinderizor/soul/0"},
        {"predicate": {"custom_model_data": 4460069},"model": "valiance:item/gui/grinderizor/soul/1"},
        {"predicate": {"custom_model_data": 4460070},"model": "valiance:item/gui/grinderizor/soul/2"},
        {"predicate": {"custom_model_data": 4460071},"model": "valiance:item/gui/grinderizor/soul/3"},
        {"predicate": {"custom_model_data": 4460072},"model": "valiance:item/gui/grinderizor/soul/4"},
        {"predicate": {"custom_model_data": 4460073},"model": "valiance:item/gui/grinderizor/soul/5"},
        {"predicate": {"custom_model_data": 4460074},"model": "valiance:item/gui/grinderizor/soul/6"},
        {"predicate": {"custom_model_data": 4460075},"model": "valiance:item/gui/grinderizor/soul/7"},
        {"predicate": {"custom_model_data": 4460076},"model": "valiance:item/gui/grinderizor/soul/8"},
        {"predicate": {"custom_model_data": 4460077},"model": "valiance:item/gui/grinderizor/soul/9"},
        {"predicate": {"custom_model_data": 4460078},"model": "valiance:item/gui/grinderizor/soul/10"},
        {"predicate": {"custom_model_data": 4460079},"model": "valiance:item/gui/grinderizor/soul/11"},
        {"predicate": {"custom_model_data": 4460080},"model": "valiance:item/gui/grinderizor/soul/12"},
        {"predicate": {"custom_model_data": 4460081},"model": "valiance:item/gui/grinderizor/soul/13"},
        {"predicate": {"custom_model_data": 4460082},"model": "valiance:item/gui/grinderizor/soul/14"},
        {"predicate": {"custom_model_data": 4460083},"model": "valiance:item/gui/grinderizor/soul/15"},
        {"predicate": {"custom_model_data": 4460084},"model": "valiance:item/gui/grinderizor/soul/16"},
        {"predicate": {"custom_model_data": 4460085},"model": "valiance:item/gui/grinderizor/soul/17"},
        {"predicate": {"custom_model_data": 4460086},"model": "valiance:item/gui/grinderizor/soul/18"},
        {"predicate": {"custom_model_data": 4460087},"model": "valiance:item/gui/grinderizor/soul/19"},
        {"predicate": {"custom_model_data": 4460088},"model": "valiance:item/gui/grinderizor/soul/20"},
        {"predicate": {"custom_model_data": 4460089},"model": "valiance:item/gui/grinderizor/soul/21"},
        {"predicate": {"custom_model_data": 4460090},"model": "valiance:item/gui/grinderizor/soul/22"},
        {"predicate": {"custom_model_data": 4460091},"model": "valiance:item/gui/grinderizor/soul/23"},
        {"predicate": {"custom_model_data": 4460092},"model": "valiance:item/gui/grinderizor/soul/24"},
        {"predicate": {"custom_model_data": 4460093},"model": "valiance:item/gui/grinderizor/soul/25"},
        {"predicate": {"custom_model_data": 4460094},"model": "valiance:item/gui/grinderizor/soul/26"},
        {"predicate": {"custom_model_data": 4460095},"model": "valiance:item/gui/grinderizor/soul/27"},
        {"predicate": {"custom_model_data": 4460096},"model": "valiance:item/gui/grinderizor/soul/28"},
        {"predicate": {"custom_model_data": 4460097},"model": "valiance:item/gui/grinderizor/soul/29"},
        {"predicate": {"custom_model_data": 4460098},"model": "valiance:item/gui/grinderizor/soul/30"},
        {"predicate": {"custom_model_data": 4460099},"model": "valiance:item/gui/grinderizor/soul/31"},
        {"predicate": {"custom_model_data": 4460100},"model": "valiance:item/gui/grinderizor/soul/32"},
        {"predicate": {"custom_model_data": 4460101},"model": "valiance:item/gui/grinderizor/soul/33"},
        {"predicate": {"custom_model_data": 4460102},"model": "valiance:item/gui/grinderizor/soul/34"},
        {"predicate": {"custom_model_data": 4460103},"model": "valiance:item/gui/grinderizor/soul/35"},
        {"predicate": {"custom_model_data": 4460104},"model": "valiance:item/gui/grinderizor/soul/36"},
        {"predicate": {"custom_model_data": 4460105},"model": "valiance:item/gui/grinderizor/soul/37"},
        {"predicate": {"custom_model_data": 4460106},"model": "valiance:item/gui/grinderizor/soul/38"},
        {"predicate": {"custom_model_data": 4460107},"model": "valiance:item/gui/grinderizor/soul/39"},
        {"predicate": {"custom_model_data": 4460108},"model": "valiance:item/gui/grinderizor/soul/40"},
        {"predicate": {"custom_model_data": 4460109},"model": "valiance:item/gui/grinderizor/soul/41"},
        {"predicate": {"custom_model_data": 4460110},"model": "valiance:item/gui/grinderizor/soul/42"},
        {"predicate": {"custom_model_data": 4460111},"model": "valiance:item/gui/grinderizor/soul/43"},
        {"predicate": {"custom_model_data": 4460112},"model": "valiance:item/gui/grinderizor/soul/44"},
        {"predicate": {"custom_model_data": 4460113},"model": "valiance:item/gui/grinderizor/soul/45"},
        {"predicate": {"custom_model_data": 4460114},"model": "valiance:item/gui/grinderizor/soul/46"},
        {"predicate": {"custom_model_data": 4460115},"model": "valiance:item/gui/grinderizor/soul/47"},
        {"predicate": {"custom_model_data": 4460116},"model": "valiance:item/gui/grinderizor/soul/48"},
        {"predicate": {"custom_model_data": 4460117},"model": "valiance:item/gui/grinderizor/soul/49"},
        {"predicate": {"custom_model_data": 4460118},"model": "valiance:item/gui/grinderizor/soul/50"},
        {"predicate": {"custom_model_data": 4460119},"model": "valiance:item/gui/grinderizor/soul/51"},
        {"predicate": {"custom_model_data": 4460120},"model": "valiance:item/gui/grinderizor/soul/52"},
        {"predicate": {"custom_model_data": 4460121},"model": "valiance:item/gui/grinderizor/soul/53"},
        {"predicate": {"custom_model_data": 4460122},"model": "valiance:item/gui/grinderizor/soul/54"},
        {"predicate": {"custom_model_data": 4460123},"model": "valiance:item/gui/grinderizor/soul/55"},
        {"predicate": {"custom_model_data": 4460124},"model": "valiance:item/gui/grinderizor/soul/56"},
        {"predicate": {"custom_model_data": 4460125},"model": "valiance:item/gui/grinderizor/soul/57"},
        {"predicate": {"custom_model_data": 4460126},"model": "valiance:item/gui/grinderizor/soul/58"},
        {"predicate": {"custom_model_data": 4460127},"model": "valiance:item/entity/brute/lance"},
        {"predicate": {"custom_model_data": 4460128},"model": "valiance:item/entity/brute/lance_hurt"},
        {"predicate": {"custom_model_data": 4460129},"model": "valiance:item/entity/brute/head_knight"},
        {"predicate": {"custom_model_data": 4460130},"model": "valiance:item/entity/brute/head_knight_hurt"}
    ]
}
