{
    "parent": "item/handheld",
    "textures": {
        "layer0": "item/netherite_sword"
    },
    "overrides": [
        {"predicate": {"custom_model_data": 4460000},"model": "valiance:item/netherite_dagger"},
        {"predicate": {"custom_model_data": 4460001},"model": "valiance:item/netherite_greatsword"},
        {"predicate": {"custom_model_data": 4460002},"model": "valiance:item/netherite_spear"},
        {"predicate": {"custom_model_data": 4460003},"model": "valiance:item/netherite_hammer"},
        {"predicate": {"custom_model_data": 4460004},"model": "valiance:item/rare_sword"},
        {"predicate": {"custom_model_data": 4460005},"model": "valiance:item/rare_dagger"},
        {"predicate": {"custom_model_data": 4460006},"model": "valiance:item/rare_greatsword"},
        {"predicate": {"custom_model_data": 4460007},"model": "valiance:item/rare_spear"},
        {"predicate": {"custom_model_data": 4460008},"model": "valiance:item/rare_hammer"}
    ]
}
