{
    "parent": "item/handheld",
    "textures": {
        "layer0": "item/stone_sword"
    },
    "overrides": [
        {"predicate": {"custom_model_data": 4460000},"model": "valiance:item/stone_dagger"},
        {"predicate": {"custom_model_data": 4460001},"model": "valiance:item/stone_greatsword"},
        {"predicate": {"custom_model_data": 4460002},"model": "valiance:item/stone_spear"},
        {"predicate": {"custom_model_data": 4460003},"model": "valiance:item/stone_hammer"}
    ]
}
