{
    "parent": "item/handheld_rod",
    "textures": {
        "layer0": "item/warped_fungus_on_a_stick"
    },
    "overrides": [
        {"predicate": {"custom_model_data": 4460000},"model": "valiance:item/commanding_rod"},
        {"predicate": {"custom_model_data": 4460001},"model": "valiance:item/loot_bag"},
        {"predicate": {"custom_model_data": 4460003},"model": "valiance:item/dynamite"},
        {"predicate": {"custom_model_data": 4460004},"model": "valiance:item/bounty"},
        {"predicate": {"custom_model_data": 4460005},"model": "valiance:item/nether_bounty"},
        {"predicate": {"custom_model_data": 4460006},"model": "valiance:item/unique_bounty"},
        {"predicate": {"custom_model_data": 4460007},"model": "valiance:item/enchanted_horse_flute"}
    ]
}
