{
  "type": "minecraft:crafting_shaped",
  "category": "equipment",
  "pattern": [
    "   ",
    "c c",
    "t t"
  ],
  "key": {
    "t": "minecraft:leather",
    "c": "minecraft:chain"
  },
  "result": {
    "id": "minecraft:leather_boots",
    "count": 1,
    "components": {
      "minecraft:custom_data": "{valiance:{id:\"archer_boots\",armor_type:\"archer\"},smithed:{ignore:{functionality:1b,crafting:1b}}}",
      "minecraft:item_model": "valiance:archer_armor/archer_boots",
      "minecraft:max_damage": 195,
      "minecraft:repairable": {
        "items": "minecraft:chain"
      },
      "minecraft:equippable": {
        "slot": "feet",
        "equip_sound": {
          "sound_id": "valiance:item.armor.equip_archer",
          "range": 1
        },
        "model": "valiance:archer"
      },
      "minecraft:item_name": "{\"translate\":\"item.valiance.archer_boots\"}",
      "minecraft:attribute_modifiers": {
        "modifiers": [
          {
            "id": "valiance:item.archer_boots.armor",
            "type": "minecraft:armor",
            "amount": 2,
            "operation": "add_value",
            "slot": "feet"
          }
        ],
        "show_in_tooltip": false
      },
      "minecraft:lore": [
        "{\"translate\":\"ui.valiance.title\",\"color\":\"white\",\"font\":\"valiance:title\",\"italic\":false}",
        "{\"text\":\" \"}",
        "{\"translate\":\"item.modifiers.feet\",\"color\":\"gray\",\"italic\":false}",
        "[{\"text\":\" +2 \",\"color\":\"blue\",\"italic\":false},{\"translate\":\"attribute.name.armor\",\"color\":\"blue\",\"italic\":false}]",
        "[{\"text\":\" +0.25 \",\"color\":\"blue\",\"italic\":false},{\"translate\":\"attribute.valiance.projectile_strength\",\"color\":\"blue\",\"italic\":false}]"
      ]
    }
  }
}
