{
  "type": "minecraft:crafting_shaped",
  "category": "equipment",
  "pattern": [
    "  m",
    " m ",
    "h  "
  ],
  "key": {
    "h": "minecraft:stick",
    "m": "minecraft:diamond"
  },
  "result": {
    "id": "minecraft:diamond_sword",
    "count": 1,
    "components": {
      "minecraft:custom_data": "{valiance:{id:\"diamond_greatsword\",weapon_type:\"greatsword\"},smithed:{ignore:{functionality:1b,crafting:1b}}}",
      "minecraft:item_model": "valiance:diamond_greatsword",
      "minecraft:item_name": "{\"translate\":\"item.valiance.diamond_greatsword\"}",
      "minecraft:attribute_modifiers": {
        "modifiers": [
          {
            "id": "valiance:item.diamond_greatsword.attack_damage",
            "type": "minecraft:attack_damage",
            "amount": 8,
            "operation": "add_value",
            "slot": "mainhand"
          },
          {
            "id": "valiance:item.diamond_greatsword.attack_speed",
            "type": "minecraft:attack_speed",
            "amount": -2.7,
            "operation": "add_value",
            "slot": "mainhand"
          },
          {
            "id": "valiance:item.diamond_greatsword.movement_speed",
            "type": "minecraft:movement_speed",
            "amount": -0.15,
            "operation": "add_multiplied_base",
            "slot": "mainhand"
          }
        ],
        "show_in_tooltip": false
      },
      "minecraft:lore": [
        "{\"translate\":\"ui.valiance.title\",\"color\":\"white\",\"font\":\"valiance:title\",\"italic\":false}",
        "{\"text\":\" \"}",
        "{\"translate\":\"item.modifiers.mainhand\",\"color\":\"gray\",\"italic\":false}",
        "[{\"text\":\" 9 \",\"color\":\"dark_green\",\"italic\":false},{\"translate\":\"attribute.name.attack_damage\",\"color\":\"dark_green\",\"italic\":false}]",
        "[{\"text\":\" 1.3 \",\"color\":\"dark_green\",\"italic\":false},{\"translate\":\"attribute.name.attack_speed\",\"color\":\"dark_green\",\"italic\":false}]",
        "[{\"text\":\" -15% \",\"color\":\"red\",\"italic\":false},{\"translate\":\"attribute.name.movement_speed\",\"color\":\"red\",\"italic\":false}]"
      ]
    }
  }
}
