{
  "type": "minecraft:crafting_shaped",
  "category": "equipment",
  "pattern": [
    "  h",
    " m ",
    "m  "
  ],
  "key": {
    "h": "minecraft:stick",
    "m": "minecraft:gold_ingot"
  },
  "result": {
    "id": "minecraft:golden_sword",
    "count": 1,
    "components": {
      "minecraft:custom_data": "{valiance:{id:\"golden_dagger\",weapon_type:\"dagger\"},smithed:{ignore:{functionality:1b,crafting:1b}}}",
      "minecraft:item_model": "valiance:golden_dagger",
      "minecraft:item_name": "{\"translate\":\"item.valiance.golden_dagger\"}",
      "minecraft:attribute_modifiers": {
        "modifiers": [
          {
            "id": "valiance:item.golden_dagger.attack_damage",
            "type": "minecraft:attack_damage",
            "amount": 8,
            "operation": "add_value",
            "slot": "mainhand"
          },
          {
            "id": "valiance:item.golden_dagger.attack_speed",
            "type": "minecraft:attack_speed",
            "amount": -2,
            "operation": "add_value",
            "slot": "mainhand"
          },
          {
            "id": "valiance:item.golden_dagger.entity_interaction_range",
            "type": "minecraft:entity_interaction_range",
            "amount": -0.75,
            "operation": "add_value",
            "slot": "mainhand"
          }
        ],
        "show_in_tooltip": false
      },
      "minecraft:lore": [
        "{\"translate\":\"ui.valiance.title\",\"color\":\"white\",\"font\":\"valiance:title\",\"italic\":false}",
        "{\"text\":\" \"}",
        "{\"translate\":\"item.modifiers.mainhand\",\"color\":\"gray\",\"italic\":false}",
        "[{\"text\":\" 9 \",\"color\":\"dark_green\",\"italic\":false},{\"translate\":\"attribute.name.attack_damage\",\"color\":\"dark_green\",\"italic\":false}]",
        "[{\"text\":\" 2 \",\"color\":\"dark_green\",\"italic\":false},{\"translate\":\"attribute.name.attack_speed\",\"color\":\"dark_green\",\"italic\":false}]",
        "[{\"text\":\" -0.75 \",\"color\":\"red\",\"italic\":false},{\"translate\":\"attribute.valiance.attack_range\",\"color\":\"red\",\"italic\":false}]"
      ]
    }
  }
}
