{
  "type": "minecraft:crafting_shaped",
  "category": "equipment",
  "pattern": [
    " wr",
    "s r",
    " wr"
  ],
  "key": {
    "r": "minecraft:string",
    "s": "minecraft:stick",
    "w": "#minecraft:planks"
  },
  "result": {
    "id": "minecraft:bow",
    "count": 1,
    "components": {
      "minecraft:custom_data": "{valiance:{id:\"longbow\"},smithed:{ignore:{functionality:1b,crafting:1b}}}",
      "minecraft:item_model": "valiance:longbow/longbow",
      "minecraft:item_name": "{\"translate\":\"item.valiance.longbow\"}",
      "minecraft:lore": [
        "{\"translate\":\"ui.valiance.title\",\"color\":\"white\",\"font\":\"valiance:title\",\"italic\":false}"
      ]
    }
  }
}
