{
  "type": "minecraft:crafting_shaped",
  "category": "equipment",
  "pattern": [
    "  m",
    " h ",
    "h  "
  ],
  "key": {
    "h": "minecraft:stick",
    "m": "#minecraft:stone_tool_materials"
  },
  "result": {
    "id": "minecraft:stone_sword",
    "count": 1,
    "components": {
      "minecraft:custom_data": "{valiance:{id:\"stone_spear\",weapon_type:\"spear\"},smithed:{ignore:{functionality:1b,crafting:1b}}}",
      "minecraft:item_model": "valiance:stone_spear",
      "minecraft:item_name": "{\"translate\":\"item.valiance.stone_spear\"}",
      "minecraft:attribute_modifiers": {
        "modifiers": [
          {
            "id": "valiance:item.stone_spear.attack_damage",
            "type": "minecraft:attack_damage",
            "amount": 3,
            "operation": "add_value",
            "slot": "mainhand"
          },
          {
            "id": "valiance:item.stone_spear.attack_speed",
            "type": "minecraft:attack_speed",
            "amount": -2.6,
            "operation": "add_value",
            "slot": "mainhand"
          },
          {
            "id": "valiance:item.stone_spear.entity_interaction_range",
            "type": "minecraft:entity_interaction_range",
            "amount": 1.5,
            "operation": "add_value",
            "slot": "mainhand"
          }
        ],
        "show_in_tooltip": false
      },
      "minecraft:lore": [
        "{\"translate\":\"ui.valiance.title\",\"color\":\"white\",\"font\":\"valiance:title\",\"italic\":false}",
        "{\"text\":\" \"}",
        "{\"translate\":\"item.modifiers.mainhand\",\"color\":\"gray\",\"italic\":false}",
        "[{\"text\":\" 4 \",\"color\":\"dark_green\",\"italic\":false},{\"translate\":\"attribute.name.attack_damage\",\"color\":\"dark_green\",\"italic\":false}]",
        "[{\"text\":\" 1.4 \",\"color\":\"dark_green\",\"italic\":false},{\"translate\":\"attribute.name.attack_speed\",\"color\":\"dark_green\",\"italic\":false}]",
        "[{\"text\":\" +1.5 \",\"color\":\"dark_green\",\"italic\":false},{\"translate\":\"attribute.valiance.attack_range\",\"color\":\"dark_green\",\"italic\":false}]"
      ]
    }
  }
}
