{
  "type": "minecraft:crafting_shaped",
  "category": "equipment",
  "pattern": [
    " c ",
    "cac",
    " c "
  ],
  "key": {
    "a": "minecraft:arrow",
    "c": "minecraft:wind_charge"
  },
  "result": {
    "id": "minecraft:arrow",
    "count": 2,
    "components": {
      "minecraft:custom_data": "{valiance:{id:\"wind_arrow\"},thallium:{not_infinite:1},smithed:{ignore:{functionality:1b,crafting:1b}}}",
      "minecraft:item_model": "valiance:wind_arrow",
      "minecraft:item_name": "{\"translate\":\"item.valiance.wind_arrow\"}",
      "minecraft:lore": [
        "{\"translate\":\"ui.valiance.title\",\"color\":\"white\",\"font\":\"valiance:title\",\"italic\":false}"
      ]
    }
  }
}
