{
  "pools": [
    {
      "rolls": 1,
      "entries": [
        {
          "type": "minecraft:loot_table",
          "value": "valiance:gameplay/equipment/level_10/stone_weapons"
        },
        {
          "type": "minecraft:loot_table",
          "value": "valiance:gameplay/equipment/level_10/iron_weapons"
        },
        {
          "type": "minecraft:loot_table",
          "value": "valiance:gameplay/equipment/level_10/golden_weapons"
        },
        {
          "type": "minecraft:loot_table",
          "value": "valiance:gameplay/equipment/level_10/diamond_weapons"
        }
      ]
    }
  ]
}
