{
  "fallback": "minecraft:empty",
  "elements": [
    {
      "weight": 1,
      "element": {
        "element_type": "minecraft:single_pool_element",
        "projection": "rigid",
        "location": "valiance:dungeon/centerpiece/spawner_zombie",
        "processors": "valiance:dungeon"
      }
    },
    {
      "weight": 1,
      "element": {
        "element_type": "minecraft:single_pool_element",
        "projection": "rigid",
        "location": "valiance:dungeon/centerpiece/spawner_spider",
        "processors": "valiance:dungeon"
      }
    },
    {
      "weight": 1,
      "element": {
        "element_type": "minecraft:single_pool_element",
        "projection": "rigid",
        "location": "valiance:dungeon/centerpiece/spawner_skeleton",
        "processors": "valiance:dungeon"
      }
    }
  ]
}
