{
  "fallback": "minecraft:empty",
  "elements": [
    {
      "weight": 1,
      "element": {
        "element_type": "minecraft:single_pool_element",
        "projection": "rigid",
        "location": "valiance:dungeon/rooms/mudroom",
        "processors": "valiance:dungeon"
      }
    },
    {
      "weight": 1,
      "element": {
        "element_type": "minecraft:single_pool_element",
        "projection": "rigid",
        "location": "valiance:dungeon/rooms/elevation",
        "processors": "valiance:dungeon"
      }
    },
    {
      "weight": 1,
      "element": {
        "element_type": "minecraft:single_pool_element",
        "projection": "rigid",
        "location": "valiance:dungeon/rooms/corners",
        "processors": "valiance:dungeon"
      }
    },
    {
      "weight": 1,
      "element": {
        "element_type": "minecraft:single_pool_element",
        "projection": "rigid",
        "location": "valiance:dungeon/rooms/cliff",
        "processors": "valiance:dungeon"
      }
    },
    {
      "weight": 1,
      "element": {
        "element_type": "minecraft:single_pool_element",
        "projection": "rigid",
        "location": "valiance:dungeon/rooms/unstable",
        "processors": "valiance:dungeon"
      }
    },
    {
      "weight": 1,
      "element": {
        "element_type": "minecraft:single_pool_element",
        "projection": "rigid",
        "location": "valiance:dungeon/rooms/labyrinth",
        "processors": "valiance:dungeon"
      }
    },
    {
      "weight": 1,
      "element": {
        "element_type": "minecraft:single_pool_element",
        "projection": "rigid",
        "location": "valiance:dungeon/rooms/morgue",
        "processors": "valiance:dungeon"
      }
    }
  ]
}
