{
  "display": {
    "icon": {
      "id": "minecraft:furnace",
      "components": {
        "minecraft:custom_model_data": 4460000
      }
    },
    "title": {
      "translate": "advancements.valiance.adventure.challenger_idol"
    },
    "description": [
      {
        "translate": "advancements.valiance.adventure.challenger_idol.description.1"
      },
      {
        "text": "\n\n"
      },
      {
        "translate": "advancements.valiance.adventure.challenger_idol.description.2"
      }
    ],
    "frame": "goal"
  },
  "parent": "minecraft:adventure/kill_a_mob",
  "criteria": {
    "impossible": {
      "trigger": "minecraft:impossible"
    }
  }
}
