{
  "display": {
    "icon": {
      "id": "minecraft:diamond_chestplate",
      "components": {
        "minecraft:trim": {
          "material": "valiance:obsidian",
          "pattern": "valiance:rival"
        },
        "minecraft:enchantment_glint_override": true
      }
    },
    "title": {
      "translate": "advancements.valiance.adventure.tainted_armor"
    },
    "description": {
      "translate": "advancements.valiance.adventure.tainted_armor.description"
    }
  },
  "parent": "valiance:combat/challenger_idol",
  "criteria": {
    "impossible": {
      "trigger": "minecraft:inventory_changed",
      "conditions": {
        "items": [
          {
            "predicates": {
              "minecraft:custom_data": "{valiance:{tainted:1}}"
            }
          }
        ]
      }
    }
  }
}
