{
  "criteria": {
    "requirement": {
      "trigger": "minecraft:player_hurt_entity",
      "conditions": {
        "player": [
          {
            "condition": "minecraft:entity_scores",
            "entity": "this",
            "scores": {
              "valiance.bonus_hits": {
                "min": 1,
                "max": 12
              }
            }
          }
        ]
      }
    }
  },
  "rewards": {
    "function": "valiance:entity/player/bonus_hits/start"
  }
}
