{
	"credit": "Made with Blockbench",
	"texture_size": [32, 32],
	"textures": {
		"0": "valiance:item/gauntlet",
		"particle": "valiance:item/gauntlet"
	},
	"elements": [
		{
			"name": "Gauntlet",
			"from": [5.99, -0.01, 5.99],
			"to": [10.01, 8.01, 10.01],
			"faces": {
				"north": {"uv": [2, 8.5, 4, 12.5], "texture": "#0"},
				"east": {"uv": [0, 8.5, 2, 12.5], "texture": "#0"},
				"south": {"uv": [6, 8.5, 8, 12.5], "texture": "#0"},
				"west": {"uv": [4, 8.5, 6, 12.5], "texture": "#0"},
				"up": {"uv": [4, 8.5, 2, 6.5], "texture": "#0"},
				"down": {"uv": [6, 6.5, 4, 8.5], "texture": "#0"}
			}
		},
		{
			"name": "Gauntlet",
			"from": [5.5, 0, 5.5],
			"to": [10.5, 8, 10.5],
			"faces": {
				"north": {"uv": [2.5, 2.5, 5, 6.5], "texture": "#0"},
				"east": {"uv": [0, 2.5, 2.5, 6.5], "texture": "#0"},
				"south": {"uv": [7.5, 2.5, 10, 6.5], "texture": "#0"},
				"west": {"uv": [5, 2.5, 7.5, 6.5], "texture": "#0"},
				"up": {"uv": [5, 2.5, 2.5, 0], "texture": "#0"},
				"down": {"uv": [7.5, 0, 5, 2.5], "texture": "#0"}
			}
		},
		{
			"name": "Gauntlet inverted",
			"from": [10.01, 8.01, 10.01],
			"to": [5.99, -0.01, 5.99],
			"faces": {
				"north": {"uv": [6, 12.5, 8, 8.5], "texture": "#0"},
				"east": {"uv": [4, 12.5, 6, 8.5], "texture": "#0"},
				"south": {"uv": [2, 12.5, 4, 8.5], "texture": "#0"},
				"west": {"uv": [0, 12.5, 2, 8.5], "texture": "#0"}
			}
		},
		{
			"name": "Gauntlet inverted",
			"from": [10.5, 8, 10.5],
			"to": [5.5, 0, 5.5],
			"faces": {
				"north": {"uv": [7.5, 6.5, 10, 2.5], "texture": "#0"},
				"east": {"uv": [5, 6.5, 7.5, 2.5], "texture": "#0"},
				"south": {"uv": [2.5, 6.5, 5, 2.5], "texture": "#0"},
				"west": {"uv": [0, 6.5, 2.5, 2.5], "texture": "#0"}
			}
		}
	],
	"display": {
		"thirdperson_righthand": {
			"rotation": [90, 0, 0],
			"translation": [0, -2, 7]
		},
		"thirdperson_lefthand": {
			"rotation": [90, 0, 0],
			"translation": [0, -2, 7]
		},
		"firstperson_righthand": {
			"rotation": [-164.75, 86.67, -84.55],
			"translation": [-0.62, 2.2, 6.8]
		},
		"firstperson_lefthand": {
			"rotation": [-164.75, 86.67, -84.55],
			"translation": [-0.62, 2.2, 6.8]
		},
		"ground": {
			"rotation": [150, 0, 0],
			"translation": [0, -3, 0]
		},
		"gui": {
			"rotation": [0, 0, -145],
			"translation": [4.5, -7, 1],
			"scale": [1.75, 1.75, 1.75]
		},
		"fixed": {
			"rotation": [0, 0, -145],
			"translation": [4.5, -7, 1],
			"scale": [1.75, 1.75, 1.75]
		}
	}
}