{
	"credit": "Made with Blockbench",
	"texture_size": [64, 64],
	"textures": {
		"0": "valiance:item/entity/vigilante/vigilante",
		"1": "valiance:item/entity/vigilante/vigilante_face",
		"particle": "valiance:item/entity/vigilante/vigilante_face"
	},
	"elements": [
		{
			"name": "Head",
			"from": [4, 0, 4],
			"to": [12, 11, 12],
			"rotation": {"angle": 0, "axis": "y", "origin": [8, -24, 8]},
			"faces": {
				"north": {"uv": [0, 0, 8, 11], "texture": "#1"},
				"east": {"uv": [0, 2, 2, 4.75], "texture": "#0"},
				"south": {"uv": [6, 2, 8, 4.75], "texture": "#0"},
				"west": {"uv": [4, 2, 6, 4.75], "texture": "#0"},
				"up": {"uv": [4, 2, 2, 0], "texture": "#0"},
				"down": {"uv": [6, 0, 4, 2], "texture": "#0"}
			}
		},
		{
			"name": "Bandana",
			"from": [4, -3, 4],
			"to": [12, 0, 6],
			"rotation": {"angle": 0, "axis": "y", "origin": [8, -24, 8]},
			"faces": {
				"north": {"uv": [8.5, 0.5, 10.5, 1.25], "texture": "#0"},
				"east": {"uv": [8, 0.5, 8.5, 1.25], "texture": "#0"},
				"south": {"uv": [11, 0.5, 13, 1.25], "texture": "#0"},
				"west": {"uv": [10.5, 0.5, 11, 1.25], "texture": "#0"},
				"up": {"uv": [10.5, 0.5, 8.5, 0], "texture": "#0"},
				"down": {"uv": [12.5, 0, 10.5, 0.5], "texture": "#0"}
			}
		},
		{
			"name": "Brim",
			"from": [2, 6, 2],
			"to": [14, 9, 14],
			"rotation": {"angle": 0, "axis": "y", "origin": [8, -24, 8]},
			"faces": {
				"east": {"uv": [7, 11.5, 10, 12.25], "texture": "#0"},
				"west": {"uv": [7, 11.5, 10, 12.25], "texture": "#0"},
				"down": {"uv": [10, 12.25, 7, 15.25], "texture": "#0"}
			}
		},
		{
			"name": "Brim",
			"from": [13.99, 8.99, 13.99],
			"to": [2.01, 6.01, 2.01],
			"rotation": {"angle": 0, "axis": "y", "origin": [8, -24, 8]},
			"faces": {
				"east": {"uv": [10, 12.25, 13, 11.5], "texture": "#0"},
				"west": {"uv": [10, 12.25, 13, 11.5], "texture": "#0"},
				"up": {"uv": [10, 12.25, 13, 15.25], "texture": "#0"}
			}
		},
		{
			"name": "Nose",
			"from": [7, -1, 2],
			"to": [9, 3, 4],
			"rotation": {"angle": 0, "axis": "y", "origin": [8, -24, 8]},
			"faces": {
				"north": {"uv": [6.5, 0.5, 7, 1.5], "texture": "#0"},
				"east": {"uv": [6, 0.5, 6.5, 1.5], "texture": "#0"},
				"south": {"uv": [7.5, 0.5, 8, 1.5], "texture": "#0"},
				"west": {"uv": [7, 0.5, 7.5, 1.5], "texture": "#0"},
				"up": {"uv": [7, 0.5, 6.5, 0], "texture": "#0"},
				"down": {"uv": [7.5, 0, 7, 0.5], "texture": "#0"}
			}
		}
	],
	"display": {
		"head": {
			"translation": [0, 6, 0],
			"scale": [1.6, 1.6, 1.6]
		}
	},
	"groups": [
		{
			"name": "Root",
			"origin": [8, -24, 8],
			"color": 0,
			"children": [
				{
					"name": "Head",
					"origin": [8, 0, 8],
					"color": 0,
					"children": [
						0,
						1,
						2,
						3,
						{
							"name": "Nose",
							"origin": [8, 2, 8],
							"color": 0,
							"children": [4]
						}
					]
				}
			]
		}
	]
}