{
  "type": "minecraft:generic",
  "pools": [
    {
      "rolls": 1,
      "entries": [
        {
          "type": "minecraft:item",
          "name": "minecraft:black_banner"
        }
      ],
      "functions": [
        {
          "function": "minecraft:set_name",
          "entity": "this",
          "target": "item_name",
          "name": {
            "translate": "item.valiance.apple_banner"
          }
        },
        {
          "function": "minecraft:set_lore",
          "entity": "this",
          "lore": [
            {
              "translate": "ui.valiance.title",
              "color": "white",
              "font": "valiance:title",
              "italic": false
            }
          ],
          "mode": "replace_all"
        },
        {
          "function": "minecraft:set_components",
          "components": {
            "minecraft:banner_patterns": [
              {
                "pattern": "minecraft:mojang",
                "color": "lime"
              },
              {
                "pattern": "minecraft:half_vertical",
                "color": "black"
              },
              {
                "pattern": "minecraft:diagonal_left",
                "color": "black"
              },
              {
                "pattern": "minecraft:half_horizontal_bottom",
                "color": "black"
              },
              {
                "pattern": "minecraft:stripe_middle",
                "color": "black"
              },
              {
                "pattern": "minecraft:stripe_middle",
                "color": "black"
              },
              {
                "pattern": "minecraft:circle",
                "color": "red"
              },
              {
                "pattern": "minecraft:triangles_bottom",
                "color": "lime"
              }
            ],
            "minecraft:hide_additional_tooltip": {}
          }
        }
      ]
    }
  ]
}
