{
  "description": {
    "translate": "enchantment.valiance.dispel"
  },
  "supported_items": "#valiance:enchantable/crossbow",
  "weight": 2,
  "max_level": 1,
  "min_cost": {
    "base": 20,
    "per_level_above_first": 0
  },
  "max_cost": {
    "base": 50,
    "per_level_above_first": 0
  },
  "anvil_cost": 5,
  "slots": [
    "mainhand"
  ],
  "effects": {
    "minecraft:post_attack": [
      {
        "enchanted": "attacker",
        "affected": "victim",
        "effect": {
          "type": "minecraft:run_function",
          "function": "valiance:item/enchanted/dispel/start"
        }
      }
    ]
  }
}
