{
  "description": {
    "translate": "enchantment.valiance.guard"
  },
  "supported_items": "#valiance:enchantable/shield",
  "primary_items": "#valiance:enchantable/shield",
  "weight": 5,
  "max_level": 3,
  "min_cost": {
    "base": 5,
    "per_level_above_first": 8
  },
  "max_cost": {
    "base": 25,
    "per_level_above_first": 8
  },
  "anvil_cost": 2,
  "slots": [
    "hand"
  ],
  "effects": {
    "minecraft:damage_protection": [
      {
        "effect": {
          "type": "minecraft:add",
          "value": {
            "type": "minecraft:linear",
            "base": 3,
            "per_level_above_first": 3
          }
        },
        "requirements": {
          "condition": "minecraft:damage_source_properties",
          "predicate": {
            "tags": [
              {
                "id": "minecraft:bypasses_invulnerability",
                "expected": false
              }
            ]
          }
        }
      }
    ]
  }
}
