{
  "type": "minecraft:generic",
  "pools": [
    {
      "rolls": 1,
      "entries": [
        {
          "type": "minecraft:item",
          "name": "minecraft:warped_fungus_on_a_stick"
        }
      ],
      "functions": [
        {
          "function": "minecraft:set_name",
          "entity": "this",
          "target": "item_name",
          "name": {
            "translate": "item.valiance.loot_bag"
          }
        },
        {
          "function": "minecraft:set_lore",
          "entity": "this",
          "lore": [
            {
              "translate": "ui.valiance.title",
              "color": "white",
              "font": "valiance:title",
              "italic": false
            },
            {
              "translate": "ui.valiance.loot_bag.loot",
              "with": [
                {
                  "translate": "ui.valiance.loot_bag.trial_chambers",
                  "color": "gray",
                  "italic": false
                }
              ],
              "color": "gray",
              "italic": false
            }
          ],
          "mode": "replace_all"
        },
        {
          "function": "minecraft:set_components",
          "components": {
            "minecraft:custom_model_data": 4460001,
            "minecraft:max_stack_size": 64,
            "!minecraft:max_damage": {}
          }
        },
        {
          "function": "minecraft:set_custom_data",
          "tag": "{valiance:{id:\"loot_bag\",loot_table:\"valiance:loot_bags/trial_chambers\"},smithed:{ignore:{functionality:1b,crafting:1b}}}"
        }
      ]
    }
  ]
}
