{
    "parent": "item/handheld",
    "textures": {
        "layer0": "item/iron_sword"
    },
    "overrides": [
        {"predicate": {"custom_model_data": 4460000},"model": "valiance:item/iron_dagger"},
        {"predicate": {"custom_model_data": 4460001},"model": "valiance:item/iron_greatsword"},
        {"predicate": {"custom_model_data": 4460002},"model": "valiance:item/iron_spear"},
        {"predicate": {"custom_model_data": 4460003},"model": "valiance:item/iron_hammer"},
        {"predicate": {"custom_model_data": 4460004},"model": "valiance:item/lance/lance"},
        {"predicate": {"custom_model_data": 4460005},"model": "valiance:item/lance/lance_age_0"},
        {"predicate": {"custom_model_data": 4460006},"model": "valiance:item/lance/lance_age_1"},
        {"predicate": {"custom_model_data": 4460007},"model": "valiance:item/lance/lance_age_2"},
        {"predicate": {"custom_model_data": 4460008},"model": "valiance:item/katana/katana"},
        {"predicate": {"custom_model_data": 4460009},"model": "valiance:item/katana/katana_heat_0"},
        {"predicate": {"custom_model_data": 4460010},"model": "valiance:item/katana/katana_heat_1"},
        {"predicate": {"custom_model_data": 4460011},"model": "valiance:item/katana/katana_heat_2"}
    ]
}
