{
    "parent": "item/generated",
    "textures": {
        "layer0": "item/knowledge_book"
    },
    "overrides": [
        {"predicate": {"custom_model_data": 4460000},"model": "valiance:item/crafting_output"},
        {"predicate": {"custom_model_data": 4460001},"model": "valiance:item/wooden_dagger"},
        {"predicate": {"custom_model_data": 4460002},"model": "valiance:item/wooden_greatsword"},
        {"predicate": {"custom_model_data": 4460003},"model": "valiance:item/wooden_spear"},
        {"predicate": {"custom_model_data": 4460004},"model": "valiance:item/wooden_hammer"},
        {"predicate": {"custom_model_data": 4460005},"model": "valiance:item/stone_dagger"},
        {"predicate": {"custom_model_data": 4460006},"model": "valiance:item/stone_greatsword"},
        {"predicate": {"custom_model_data": 4460007},"model": "valiance:item/stone_spear"},
        {"predicate": {"custom_model_data": 4460008},"model": "valiance:item/stone_hammer"},
        {"predicate": {"custom_model_data": 4460009},"model": "valiance:item/iron_dagger"},
        {"predicate": {"custom_model_data": 4460010},"model": "valiance:item/iron_greatsword"},
        {"predicate": {"custom_model_data": 4460011},"model": "valiance:item/iron_spear"},
        {"predicate": {"custom_model_data": 4460012},"model": "valiance:item/iron_hammer"},
        {"predicate": {"custom_model_data": 4460013},"model": "valiance:item/golden_dagger"},
        {"predicate": {"custom_model_data": 4460014},"model": "valiance:item/golden_greatsword"},
        {"predicate": {"custom_model_data": 4460015},"model": "valiance:item/golden_spear"},
        {"predicate": {"custom_model_data": 4460016},"model": "valiance:item/golden_hammer"},
        {"predicate": {"custom_model_data": 4460017},"model": "valiance:item/diamond_dagger"},
        {"predicate": {"custom_model_data": 4460018},"model": "valiance:item/diamond_greatsword"},
        {"predicate": {"custom_model_data": 4460019},"model": "valiance:item/diamond_spear"},
        {"predicate": {"custom_model_data": 4460020},"model": "valiance:item/diamond_hammer"},
        {"predicate": {"custom_model_data": 4460021},"model": "valiance:item/netherite_dagger"},
        {"predicate": {"custom_model_data": 4460022},"model": "valiance:item/netherite_greatsword"},
        {"predicate": {"custom_model_data": 4460023},"model": "valiance:item/netherite_spear"},
        {"predicate": {"custom_model_data": 4460024},"model": "valiance:item/netherite_hammer"},
        {"predicate": {"custom_model_data": 4460025},"model": "valiance:item/commanding_rod"},
        {"predicate": {"custom_model_data": 4460026},"model": "valiance:item/monster_kebab"},
        {"predicate": {"custom_model_data": 4460027},"model": "valiance:item/magma_cream_candy"},
        {"predicate": {"custom_model_data": 4460028},"model": "valiance:item/copper_shield"},
        {"predicate": {"custom_model_data": 4460029},"model": "valiance:item/scute_shield"},
        {"predicate": {"custom_model_data": 4460030},"model": "valiance:item/ruby"},
        {"predicate": {"custom_model_data": 4460031},"model": "valiance:item/muscle_armor_trim_smithing_template"},
        {"predicate": {"custom_model_data": 4460032},"model": "valiance:item/rival_armor_trim_smithing_template"},
        {"predicate": {"custom_model_data": 4460033},"model": "valiance:item/banding_armor_trim_smithing_template"},
        {"predicate": {"custom_model_data": 4460034},"model": "valiance:item/buckle_armor_trim_smithing_template"},
        {"predicate": {"blocking": 0, "custom_model_data": 4460035},"model": "valiance:item/ceramic_shield/brick"},
        {"predicate": {"blocking": 0, "custom_model_data": 4460036},"model": "valiance:item/ceramic_shield/angler"},
        {"predicate": {"blocking": 0, "custom_model_data": 4460037},"model": "valiance:item/ceramic_shield/archer"},
        {"predicate": {"blocking": 0, "custom_model_data": 4460038},"model": "valiance:item/ceramic_shield/arms_up"},
        {"predicate": {"blocking": 0, "custom_model_data": 4460039},"model": "valiance:item/ceramic_shield/blade"},
        {"predicate": {"blocking": 0, "custom_model_data": 4460040},"model": "valiance:item/ceramic_shield/brewer"},
        {"predicate": {"blocking": 0, "custom_model_data": 4460041},"model": "valiance:item/ceramic_shield/burn"},
        {"predicate": {"blocking": 0, "custom_model_data": 4460042},"model": "valiance:item/ceramic_shield/danger"},
        {"predicate": {"blocking": 0, "custom_model_data": 4460043},"model": "valiance:item/ceramic_shield/explorer"},
        {"predicate": {"blocking": 0, "custom_model_data": 4460044},"model": "valiance:item/ceramic_shield/flow"},
        {"predicate": {"blocking": 0, "custom_model_data": 4460045},"model": "valiance:item/ceramic_shield/friend"},
        {"predicate": {"blocking": 0, "custom_model_data": 4460046},"model": "valiance:item/ceramic_shield/guster"},
        {"predicate": {"blocking": 0, "custom_model_data": 4460047},"model": "valiance:item/ceramic_shield/heart"},
        {"predicate": {"blocking": 0, "custom_model_data": 4460048},"model": "valiance:item/ceramic_shield/heartbreak"},
        {"predicate": {"blocking": 0, "custom_model_data": 4460049},"model": "valiance:item/ceramic_shield/howl"},
        {"predicate": {"blocking": 0, "custom_model_data": 4460050},"model": "valiance:item/ceramic_shield/miner"},
        {"predicate": {"blocking": 0, "custom_model_data": 4460051},"model": "valiance:item/ceramic_shield/mourner"},
        {"predicate": {"blocking": 0, "custom_model_data": 4460052},"model": "valiance:item/ceramic_shield/plenty"},
        {"predicate": {"blocking": 0, "custom_model_data": 4460053},"model": "valiance:item/ceramic_shield/prize"},
        {"predicate": {"blocking": 0, "custom_model_data": 4460054},"model": "valiance:item/ceramic_shield/scrape"},
        {"predicate": {"blocking": 0, "custom_model_data": 4460055},"model": "valiance:item/ceramic_shield/sheaf"},
        {"predicate": {"blocking": 0, "custom_model_data": 4460056},"model": "valiance:item/ceramic_shield/shelter"},
        {"predicate": {"blocking": 0, "custom_model_data": 4460057},"model": "valiance:item/ceramic_shield/skull"},
        {"predicate": {"blocking": 0, "custom_model_data": 4460058},"model": "valiance:item/ceramic_shield/snort"}
    ]
}
