{
    "parent": "builtin/entity",
    "gui_light": "front",
    "textures": {
        "particle": "block/dark_oak_planks"
    },
    "display": {
        "thirdperson_righthand": {
            "rotation": [ 0, 90, 0 ],
            "translation": [ 10, 6, -4 ],
            "scale": [ 1, 1, 1 ]
        },
        "thirdperson_lefthand": {
            "rotation": [ 0, 90, 0 ],
            "translation": [ 10, 6, 12 ],
            "scale": [ 1, 1, 1 ]
        },
        "firstperson_righthand": {
            "rotation": [ 0, 180, 5 ],
            "translation": [ -10, 2, -10 ],
            "scale": [ 1.25, 1.25, 1.25 ]
        },
        "firstperson_lefthand": {
            "rotation": [ 0, 180, 5 ],
            "translation": [ 10, 0, -10 ],
            "scale": [ 1.25, 1.25, 1.25 ]
        },
        "gui": {
            "rotation": [ 15, -25, -5 ],
            "translation": [ 2, 3, 0 ],
            "scale": [ 0.65, 0.65, 0.65 ]
        },
        "fixed": {
            "rotation": [ 0, 180, 0 ],
            "translation": [ -4.5, 4.5, -5],
            "scale":[ 0.55, 0.55, 0.55]
        },
        "ground": {
            "rotation": [ 0, 0, 0 ],
            "translation": [ 2, 4, 2],
            "scale":[ 0.25, 0.25, 0.25]
        }
    },
    "overrides": [
        {"predicate": {"blocking": 1},"model": "item/shield_blocking"},
        {"predicate": {"blocking": 0, "custom_model_data": 4460000},"model": "valiance:item/copper_shield"},
        {"predicate": {"blocking": 1, "custom_model_data": 4460000},"model": "valiance:item/copper_shield_blocking"},
        {"predicate": {"blocking": 0, "custom_model_data": 4460001},"model": "valiance:item/scute_shield"},
        {"predicate": {"blocking": 1, "custom_model_data": 4460001},"model": "valiance:item/scute_shield_blocking"},
        {"predicate": {"blocking": 0, "custom_model_data": 4460002},"model": "valiance:item/gauntlet"},
        {"predicate": {"blocking": 1, "custom_model_data": 4460002},"model": "valiance:item/gauntlet_blocking"},
        {"predicate": {"blocking": 0, "custom_model_data": 4460003},"model": "valiance:item/ceramic_shield/brick"},
        {"predicate": {"blocking": 1, "custom_model_data": 4460003},"model": "valiance:item/ceramic_shield/brick_blocking"},
        {"predicate": {"blocking": 0, "custom_model_data": 4460004},"model": "valiance:item/ceramic_shield/angler"},
        {"predicate": {"blocking": 1, "custom_model_data": 4460004},"model": "valiance:item/ceramic_shield/angler_blocking"},
        {"predicate": {"blocking": 0, "custom_model_data": 4460005},"model": "valiance:item/ceramic_shield/archer"},
        {"predicate": {"blocking": 1, "custom_model_data": 4460005},"model": "valiance:item/ceramic_shield/archer_blocking"},
        {"predicate": {"blocking": 0, "custom_model_data": 4460006},"model": "valiance:item/ceramic_shield/arms_up"},
        {"predicate": {"blocking": 1, "custom_model_data": 4460006},"model": "valiance:item/ceramic_shield/arms_up_blocking"},
        {"predicate": {"blocking": 0, "custom_model_data": 4460007},"model": "valiance:item/ceramic_shield/blade"},
        {"predicate": {"blocking": 1, "custom_model_data": 4460007},"model": "valiance:item/ceramic_shield/blade_blocking"},
        {"predicate": {"blocking": 0, "custom_model_data": 4460008},"model": "valiance:item/ceramic_shield/brewer"},
        {"predicate": {"blocking": 1, "custom_model_data": 4460008},"model": "valiance:item/ceramic_shield/brewer_blocking"},
        {"predicate": {"blocking": 0, "custom_model_data": 4460009},"model": "valiance:item/ceramic_shield/burn"},
        {"predicate": {"blocking": 1, "custom_model_data": 4460009},"model": "valiance:item/ceramic_shield/burn_blocking"},
        {"predicate": {"blocking": 0, "custom_model_data": 4460010},"model": "valiance:item/ceramic_shield/danger"},
        {"predicate": {"blocking": 1, "custom_model_data": 4460010},"model": "valiance:item/ceramic_shield/danger_blocking"},
        {"predicate": {"blocking": 0, "custom_model_data": 4460011},"model": "valiance:item/ceramic_shield/explorer"},
        {"predicate": {"blocking": 1, "custom_model_data": 4460011},"model": "valiance:item/ceramic_shield/explorer_blocking"},
        {"predicate": {"blocking": 0, "custom_model_data": 4460012},"model": "valiance:item/ceramic_shield/flow"},
        {"predicate": {"blocking": 1, "custom_model_data": 4460012},"model": "valiance:item/ceramic_shield/flow_blocking"},
        {"predicate": {"blocking": 0, "custom_model_data": 4460013},"model": "valiance:item/ceramic_shield/friend"},
        {"predicate": {"blocking": 1, "custom_model_data": 4460013},"model": "valiance:item/ceramic_shield/friend_blocking"},
        {"predicate": {"blocking": 0, "custom_model_data": 4460014},"model": "valiance:item/ceramic_shield/guster"},
        {"predicate": {"blocking": 1, "custom_model_data": 4460014},"model": "valiance:item/ceramic_shield/guster_blocking"},
        {"predicate": {"blocking": 0, "custom_model_data": 4460015},"model": "valiance:item/ceramic_shield/heart"},
        {"predicate": {"blocking": 1, "custom_model_data": 4460015},"model": "valiance:item/ceramic_shield/heart_blocking"},
        {"predicate": {"blocking": 0, "custom_model_data": 4460016},"model": "valiance:item/ceramic_shield/heartbreak"},
        {"predicate": {"blocking": 1, "custom_model_data": 4460016},"model": "valiance:item/ceramic_shield/heartbreak_blocking"},
        {"predicate": {"blocking": 0, "custom_model_data": 4460017},"model": "valiance:item/ceramic_shield/howl"},
        {"predicate": {"blocking": 1, "custom_model_data": 4460017},"model": "valiance:item/ceramic_shield/howl_blocking"},
        {"predicate": {"blocking": 0, "custom_model_data": 4460018},"model": "valiance:item/ceramic_shield/miner"},
        {"predicate": {"blocking": 1, "custom_model_data": 4460018},"model": "valiance:item/ceramic_shield/miner_blocking"},
        {"predicate": {"blocking": 0, "custom_model_data": 4460019},"model": "valiance:item/ceramic_shield/mourner"},
        {"predicate": {"blocking": 1, "custom_model_data": 4460019},"model": "valiance:item/ceramic_shield/mourner_blocking"},
        {"predicate": {"blocking": 0, "custom_model_data": 4460020},"model": "valiance:item/ceramic_shield/plenty"},
        {"predicate": {"blocking": 1, "custom_model_data": 4460020},"model": "valiance:item/ceramic_shield/plenty_blocking"},
        {"predicate": {"blocking": 0, "custom_model_data": 4460021},"model": "valiance:item/ceramic_shield/prize"},
        {"predicate": {"blocking": 1, "custom_model_data": 4460021},"model": "valiance:item/ceramic_shield/prize_blocking"},
        {"predicate": {"blocking": 0, "custom_model_data": 4460022},"model": "valiance:item/ceramic_shield/scrape"},
        {"predicate": {"blocking": 1, "custom_model_data": 4460022},"model": "valiance:item/ceramic_shield/scrape_blocking"},
        {"predicate": {"blocking": 0, "custom_model_data": 4460023},"model": "valiance:item/ceramic_shield/sheaf"},
        {"predicate": {"blocking": 1, "custom_model_data": 4460023},"model": "valiance:item/ceramic_shield/sheaf_blocking"},
        {"predicate": {"blocking": 0, "custom_model_data": 4460024},"model": "valiance:item/ceramic_shield/shelter"},
        {"predicate": {"blocking": 1, "custom_model_data": 4460024},"model": "valiance:item/ceramic_shield/shelter_blocking"},
        {"predicate": {"blocking": 0, "custom_model_data": 4460025},"model": "valiance:item/ceramic_shield/skull"},
        {"predicate": {"blocking": 1, "custom_model_data": 4460025},"model": "valiance:item/ceramic_shield/skull_blocking"},
        {"predicate": {"blocking": 0, "custom_model_data": 4460026},"model": "valiance:item/ceramic_shield/snort"},
        {"predicate": {"blocking": 1, "custom_model_data": 4460026},"model": "valiance:item/ceramic_shield/snort_blocking"},
        {"predicate": {"blocking": 0, "custom_model_data": 4460027},"model": "valiance:item/ceramic_shield/icon"},
        {"predicate": {"blocking": 1, "custom_model_data": 4460027},"model": "valiance:item/ceramic_shield/icon_blocking"}
    ]
}
