{
  "type": "minecraft:generic",
  "pools": [
    {
      "rolls": 1,
      "entries": [
        {
          "type": "minecraft:item",
          "name": "minecraft:iron_sword",
          "weight": 4
        },
        {
          "type": "minecraft:item",
          "name": "minecraft:iron_pickaxe",
          "weight": 4,
          "functions": [
            {
              "function": "minecraft:reference",
              "name": "valince:location_check/altitude/-64_to_32"
            }
          ]
        },
        {
          "type": "minecraft:item",
          "name": "minecraft:iron_shovel",
          "weight": 3
        },
        {
          "type": "minecraft:item",
          "name": "minecraft:iron_hoe",
          "weight": 1
        },
        {
          "type": "minecraft:loot_table",
          "value": "valiance:item/iron_greatsword",
          "weight": 3
        },
        {
          "type": "minecraft:loot_table",
          "value": "valiance:item/iron_hammer",
          "weight": 2
        }
      ]
    }
  ]
}
