{
  "criteria": {
    "requirement": {
      "trigger": "minecraft:player_hurt_entity",
      "conditions": {
        "player": {
          "equipment": {
            "mainhand": {
              "items": "#valiance:can_be_melee_weapon"
            }
          }
        },
        "damage": {
          "source_entity": {
            "type": "minecraft:player"
          }
        }
      }
    }
  },
  "rewards": {
    "function": "valiance:item/melee_weapons/attack"
  }
}
