{
  "type": "minecraft:crafting_shaped",
  "category": "equipment",
  "group": "valiance:ceramic_shield",
  "pattern": [
    "mmm",
    "mwm",
    "mmm"
  ],
  "key": {
    "m": {
      "item": "minecraft:armadillo_scute"
    },
    "w": {
      "item": "minecraft:heartbreak_pottery_sherd"
    }
  },
  "result": {
    "id": "minecraft:shield",
    "count": 1,
    "components": {
      "minecraft:custom_data": "{valiance:{id:\"ceramic_shield\",design:\"heartbreak\"},smithed:{ignore:{functionality:1b,crafting:1b}}}",
      "minecraft:custom_model_data": 4460016,
      "minecraft:max_damage": 1000,
      "minecraft:item_name": "{\"translate\":\"item.valiance.ceramic_shield\"}",
      "minecraft:lore": [
        "{\"translate\":\"ui.valiance.title\",\"color\":\"white\",\"font\":\"valiance:title\",\"italic\":false}",
        "{\"text\":\" \"}",
        "{\"translate\":\"item.minecraft.heartbreak_pottery_sherd\",\"color\":\"gray\",\"italic\":false}"
      ]
    }
  }
}
