{
  "type": "minecraft:generic",
  "pools": [
    {
      "rolls": 1,
      "entries": [
        {
          "type": "minecraft:item",
          "name": "minecraft:iron_sword",
          "weight": 4
        },
        {
          "type": "minecraft:item",
          "name": "minecraft:iron_pickaxe",
          "weight": 4,
          "functions": [
            {
              "function": "minecraft:reference",
              "name": "valiance:location_check/altitude/-64_to_32"
            }
          ]
        },
        {
          "type": "minecraft:item",
          "name": "minecraft:iron_shovel",
          "weight": 3
        },
        {
          "type": "minecraft:loot_table",
          "value": "valiance:item/iron_greatsword",
          "weight": 3
        },
        {
          "type": "minecraft:loot_table",
          "value": "valiance:item/iron_hammer",
          "weight": 2
        },
        {
          "type": "minecraft:item",
          "name": "minecraft:iron_hoe",
          "weight": 2,
          "conditions": [
            {
              "condition": "minecraft:entity_properties",
              "entity": "this",
              "predicate": {
                "type": "minecraft:zombie"
              }
            }
          ]
        },
        {
          "type": "minecraft:item",
          "name": "minecraft:fishing_rod",
          "weight": 2,
          "conditions": [
            {
              "condition": "minecraft:entity_properties",
              "entity": "this",
              "predicate": {
                "type": "minecraft:drowned"
              }
            }
          ]
        },
        {
          "type": "minecraft:item",
          "name": "minecraft:brush",
          "weight": 2,
          "conditions": [
            {
              "condition": "minecraft:entity_properties",
              "entity": "this",
              "predicate": {
                "type": "minecraft:husk"
              }
            }
          ]
        }
      ]
    }
  ]
}
