{
  "pools": [
    {
      "rolls": 1,
      "entries": [
        {
          "type": "minecraft:item",
          "name": "minecraft:stone_sword",
          "functions": [
            {
              "function": "minecraft:enchant_with_levels",
              "levels": 10
            }
          ]
        },
        {
          "type": "minecraft:item",
          "name": "minecraft:stone_axe",
          "functions": [
            {
              "function": "minecraft:enchant_with_levels",
              "levels": 10
            }
          ]
        },
        {
          "type": "minecraft:loot_table",
          "value": "valiance:items/stone_dagger",
          "functions": [
            {
              "function": "minecraft:enchant_with_levels",
              "levels": 10
            }
          ]
        },
        {
          "type": "minecraft:loot_table",
          "value": "valiance:items/stone_greatsword",
          "functions": [
            {
              "function": "minecraft:enchant_with_levels",
              "levels": 10
            }
          ]
        },
        {
          "type": "minecraft:loot_table",
          "value": "valiance:items/stone_spear",
          "functions": [
            {
              "function": "minecraft:enchant_with_levels",
              "levels": 10
            }
          ]
        },
        {
          "type": "minecraft:loot_table",
          "value": "valiance:items/stone_hammer",
          "functions": [
            {
              "function": "minecraft:enchant_with_levels",
              "levels": 10
            }
          ]
        }
      ]
    }
  ]
}
