{
  "criteria": {
    "dagger": {
      "trigger": "minecraft:inventory_changed",
      "conditions": {
        "items": [
          {
            "items": "minecraft:netherite_sword",
            "predicates": {
              "minecraft:custom_data": "{valiance:{id:\"diamond_dagger\"}}"
            }
          }
        ]
      }
    },
    "greatsword": {
      "trigger": "minecraft:inventory_changed",
      "conditions": {
        "items": [
          {
            "items": "minecraft:netherite_sword",
            "predicates": {
              "minecraft:custom_data": "{valiance:{id:\"diamond_greatsword\"}}"
            }
          }
        ]
      }
    },
    "spear": {
      "trigger": "minecraft:inventory_changed",
      "conditions": {
        "items": [
          {
            "items": "minecraft:netherite_sword",
            "predicates": {
              "minecraft:custom_data": "{valiance:{id:\"diamond_spear\"}}"
            }
          }
        ]
      }
    },
    "hammer": {
      "trigger": "minecraft:inventory_changed",
      "conditions": {
        "items": [
          {
            "items": "minecraft:netherite_sword",
            "predicates": {
              "minecraft:custom_data": "{valiance:{id:\"diamond_hammer\"}}"
            }
          }
        ]
      }
    }
  },
  "requirements": [
    [
      "dagger",
      "greatsword",
      "spear",
      "hammer"
    ]
  ],
  "rewards": {
    "function": "valiance:item/upgrade_to_netherite/start"
  }
}
