{
    "parent": "item/handheld",
    "textures": {
        "layer0": "item/iron_sword"
    },
    "overrides": [
        {"predicate": {"custom_model_data": 4460000},"model": "valiance:item/iron_dagger"},
        {"predicate": {"custom_model_data": 4460001},"model": "valiance:item/iron_greatsword"},
        {"predicate": {"custom_model_data": 4460002},"model": "valiance:item/iron_spear"},
        {"predicate": {"custom_model_data": 4460003},"model": "valiance:item/iron_hammer"}
    ]
}
