{
    "parent": "item/generated",
    "textures": {
        "layer0": "item/knowledge_book"
    },
    "overrides": [
        {"predicate": {"custom_model_data": 4460000},"model": "valiance:item/crafting_output"},
        {"predicate": {"custom_model_data": 4460001},"model": "valiance:item/wooden_dagger"},
        {"predicate": {"custom_model_data": 4460002},"model": "valiance:item/wooden_greatsword"},
        {"predicate": {"custom_model_data": 4460003},"model": "valiance:item/wooden_spear"},
        {"predicate": {"custom_model_data": 4460004},"model": "valiance:item/wooden_hammer"},
        {"predicate": {"custom_model_data": 4460005},"model": "valiance:item/stone_dagger"},
        {"predicate": {"custom_model_data": 4460006},"model": "valiance:item/stone_greatsword"},
        {"predicate": {"custom_model_data": 4460007},"model": "valiance:item/stone_spear"},
        {"predicate": {"custom_model_data": 4460008},"model": "valiance:item/stone_hammer"},
        {"predicate": {"custom_model_data": 4460009},"model": "valiance:item/iron_dagger"},
        {"predicate": {"custom_model_data": 4460010},"model": "valiance:item/iron_greatsword"},
        {"predicate": {"custom_model_data": 4460011},"model": "valiance:item/iron_spear"},
        {"predicate": {"custom_model_data": 4460012},"model": "valiance:item/iron_hammer"},
        {"predicate": {"custom_model_data": 4460013},"model": "valiance:item/golden_dagger"},
        {"predicate": {"custom_model_data": 4460014},"model": "valiance:item/golden_greatsword"},
        {"predicate": {"custom_model_data": 4460015},"model": "valiance:item/golden_spear"},
        {"predicate": {"custom_model_data": 4460016},"model": "valiance:item/golden_hammer"},
        {"predicate": {"custom_model_data": 4460017},"model": "valiance:item/diamond_dagger"},
        {"predicate": {"custom_model_data": 4460018},"model": "valiance:item/diamond_greatsword"},
        {"predicate": {"custom_model_data": 4460019},"model": "valiance:item/diamond_spear"},
        {"predicate": {"custom_model_data": 4460020},"model": "valiance:item/diamond_hammer"},
        {"predicate": {"custom_model_data": 4460021},"model": "valiance:item/netherite_dagger"},
        {"predicate": {"custom_model_data": 4460022},"model": "valiance:item/netherite_greatsword"},
        {"predicate": {"custom_model_data": 4460023},"model": "valiance:item/netherite_spear"},
        {"predicate": {"custom_model_data": 4460024},"model": "valiance:item/netherite_hammer"},
        {"predicate": {"custom_model_data": 4460025},"model": "valiance:item/commanding_rod"},
        {"predicate": {"custom_model_data": 4460026},"model": "valiance:item/monster_kebab"},
        {"predicate": {"custom_model_data": 4460027},"model": "valiance:item/magma_cream_candy"},
        {"predicate": {"custom_model_data": 4460028},"model": "valiance:item/copper_shield"},
        {"predicate": {"custom_model_data": 4460029},"model": "valiance:item/scute_shield"}
    ]
}
