{
    "parent": "item/handheld",
    "textures": {
        "layer0": "item/wooden_sword"
    },
    "overrides": [
        {"predicate": {"custom_model_data": 4460000},"model": "valiance:item/wooden_dagger"},
        {"predicate": {"custom_model_data": 4460001},"model": "valiance:item/wooden_greatsword"},
        {"predicate": {"custom_model_data": 4460002},"model": "valiance:item/wooden_spear"},
        {"predicate": {"custom_model_data": 4460003},"model": "valiance:item/wooden_hammer"}
    ]
}
