{
    "parent": "block/jigsaw",
    "overrides": [
        {"predicate": {"custom_model_data": 4460000},"model": "valiance:item/empty"},
        {"predicate": {"custom_model_data": 4460001},"model": "valiance:item/entity/brute/arm_zombie"},
        {"predicate": {"custom_model_data": 4460002},"model": "valiance:item/entity/brute/arm_zombie_hurt"},
        {"predicate": {"custom_model_data": 4460003},"model": "valiance:item/entity/brute/head_zombie"},
        {"predicate": {"custom_model_data": 4460004},"model": "valiance:item/entity/brute/head_zombie_hurt"},
        {"predicate": {"custom_model_data": 4460005},"model": "valiance:item/entity/brute/arm_husk"},
        {"predicate": {"custom_model_data": 4460006},"model": "valiance:item/entity/brute/arm_husk_hurt"},
        {"predicate": {"custom_model_data": 4460007},"model": "valiance:item/entity/brute/head_husk"},
        {"predicate": {"custom_model_data": 4460008},"model": "valiance:item/entity/brute/head_husk_hurt"},
        {"predicate": {"custom_model_data": 4460009},"model": "valiance:item/entity/brute/arm_drowned"},
        {"predicate": {"custom_model_data": 4460010},"model": "valiance:item/entity/brute/arm_drowned_hurt"},
        {"predicate": {"custom_model_data": 4460011},"model": "valiance:item/entity/brute/head_drowned"},
        {"predicate": {"custom_model_data": 4460012},"model": "valiance:item/entity/brute/head_drowned_hurt"},
        {"predicate": {"custom_model_data": 4460013},"model": "valiance:item/totem_of_irregularity/red"},
        {"predicate": {"custom_model_data": 4460014},"model": "valiance:item/entity/dynamite"},
        {"predicate": {"custom_model_data": 4460015},"model": "valiance:item/ruby"},
        {"predicate": {"custom_model_data": 4460016},"model": "valiance:item/entity/bedazzle/body"},
        {"predicate": {"custom_model_data": 4460017},"model": "valiance:item/entity/bedazzle/body_hurt"},
        {"predicate": {"custom_model_data": 4460018},"model": "valiance:item/entity/bedazzle/head"},
        {"predicate": {"custom_model_data": 4460019},"model": "valiance:item/entity/bedazzle/head_hurt"},
        {"predicate": {"custom_model_data": 4460020},"model": "valiance:item/bedazzle_rod"},
        {"predicate": {"custom_model_data": 4460021},"model": "valiance:item/entity/bedazzle/shard"},
        {"predicate": {"custom_model_data": 4460022},"model": "valiance:item/entity/bedazzle/spike"},
        {"predicate": {"custom_model_data": 4460023},"model": "valiance:item/entity/brute/gauntlet_zombie"},
        {"predicate": {"custom_model_data": 4460024},"model": "valiance:item/entity/brute/gauntlet_zombie_hurt"},
        {"predicate": {"custom_model_data": 4460025},"model": "valiance:item/entity/brute/gauntlet_husk"},
        {"predicate": {"custom_model_data": 4460026},"model": "valiance:item/entity/brute/gauntlet_husk_hurt"},
        {"predicate": {"custom_model_data": 4460027},"model": "valiance:item/entity/brute/gauntlet_drowned"},
        {"predicate": {"custom_model_data": 4460028},"model": "valiance:item/entity/brute/gauntlet_drowned_hurt"},
        {"predicate": {"custom_model_data": 4460029},"model": "valiance:item/strange_amulet"},
        {"predicate": {"custom_model_data": 4460030},"model": "valiance:item/totem_of_irregularity/orange"},
        {"predicate": {"custom_model_data": 4460031},"model": "valiance:item/totem_of_irregularity/yellow"},
        {"predicate": {"custom_model_data": 4460032},"model": "valiance:item/totem_of_irregularity/green"},
        {"predicate": {"custom_model_data": 4460033},"model": "valiance:item/totem_of_irregularity/blue"},
        {"predicate": {"custom_model_data": 4460034},"model": "valiance:item/totem_of_irregularity/purple"},
        {"predicate": {"custom_model_data": 4460035},"model": "valiance:item/entity/vigilante/body_idle"},
        {"predicate": {"custom_model_data": 4460036},"model": "valiance:item/entity/vigilante/body_idle_hurt"},
        {"predicate": {"custom_model_data": 4460037},"model": "valiance:item/entity/vigilante/body_walking"},
        {"predicate": {"custom_model_data": 4460038},"model": "valiance:item/entity/vigilante/body_walking_hurt"},
        {"predicate": {"custom_model_data": 4460039},"model": "valiance:item/entity/vigilante/head"},
        {"predicate": {"custom_model_data": 4460040},"model": "valiance:item/entity/vigilante/head_hurt"},
        {"predicate": {"custom_model_data": 4460041},"model": "valiance:item/gui/locked_trade"},
        {"predicate": {"custom_model_data": 4460042},"model": "valiance:item/summoning_horn"},
        {"predicate": {"custom_model_data": 4460043},"model": "valiance:item/entity/jeeper/body_idle"},
        {"predicate": {"custom_model_data": 4460044},"model": "valiance:item/entity/jeeper/body_idle_hurt"},
        {"predicate": {"custom_model_data": 4460045},"model": "valiance:item/entity/jeeper/body_walking"},
        {"predicate": {"custom_model_data": 4460046},"model": "valiance:item/entity/jeeper/body_walking_hurt"},
        {"predicate": {"custom_model_data": 4460047},"model": "valiance:item/entity/jeeper/head"},
        {"predicate": {"custom_model_data": 4460048},"model": "valiance:item/entity/jeeper/head_hurt"},
        {"predicate": {"custom_model_data": 4460049},"model": "valiance:item/entity/jeeper/body_primed"},
        {"predicate": {"custom_model_data": 4460050},"model": "valiance:item/entity/jeeper/body_hurt_primed"},
        {"predicate": {"custom_model_data": 4460051},"model": "valiance:item/entity/jeeper/head_primed"},
        {"predicate": {"custom_model_data": 4460052},"model": "valiance:item/entity/jeeper/head_hurt_primed"},
        {"predicate": {"custom_model_data": 4460053},"model": "valiance:item/entity/jeeper/body_primed_fast"},
        {"predicate": {"custom_model_data": 4460054},"model": "valiance:item/entity/jeeper/body_hurt_primed_fast"},
        {"predicate": {"custom_model_data": 4460055},"model": "valiance:item/entity/jeeper/head_primed_fast"},
        {"predicate": {"custom_model_data": 4460056},"model": "valiance:item/entity/jeeper/head_hurt_primed_fast"}
    ]
}
