{
	"credit": "Made with Blockbench",
	"texture_size": [64, 64],
	"textures": {
		"0": "valiance:item/entity/bedazzle/bedazzle_hurt"
	},
	"elements": [
		{
			"name": "Head",
			"from": [4, 0, 4],
			"to": [12, 8, 12],
			"rotation": {"angle": 0, "axis": "y", "origin": [8, 4.5, 6]},
			"faces": {
				"north": {"uv": [2, 2, 4, 4], "texture": "#0"},
				"east": {"uv": [0, 2, 2, 4], "texture": "#0"},
				"south": {"uv": [6, 2, 8, 4], "texture": "#0"},
				"west": {"uv": [4, 2, 6, 4], "texture": "#0"},
				"up": {"uv": [4, 2, 2, 0], "texture": "#0"},
				"down": {"uv": [6, 0, 4, 2], "texture": "#0"}
			}
		},
		{
			"name": "Head",
			"from": [2.75, -0.25, 3.75],
			"to": [13.25, 8.25, 4.25],
			"rotation": {"angle": 0, "axis": "y", "origin": [8, 4.5, 6]},
			"faces": {
				"north": {"uv": [0, 4, 2.5, 6], "texture": "#0"}
			}
		},
		{
			"name": "Gem",
			"from": [6, 3, 3],
			"to": [10, 7, 5],
			"rotation": {"angle": 0, "axis": "y", "origin": [8, 4.5, 6]},
			"faces": {
				"north": {"uv": [6.5, 0.5, 7.5, 1.5], "texture": "#0"},
				"east": {"uv": [6, 0.5, 6.5, 1.5], "texture": "#0"},
				"south": {"uv": [8, 0.5, 9, 1.5], "texture": "#0"},
				"west": {"uv": [7.5, 0.5, 8, 1.5], "texture": "#0"},
				"up": {"uv": [7.5, 0.5, 6.5, 0], "texture": "#0"},
				"down": {"uv": [8.5, 0, 7.5, 0.5], "texture": "#0"}
			}
		}
	],
	"display": {
		"head": {
			"translation": [0, 6, 0],
			"scale": [1.6, 1.6, 1.6]
		}
	},
	"groups": [
		{
			"name": "Root",
			"origin": [8, 18, 8],
			"color": 0,
			"children": [
				{
					"name": "Body",
					"origin": [8, 2, 8],
					"color": 0,
					"children": [
						{
							"name": "Head",
							"origin": [8, -22, 8],
							"color": 0,
							"children": [0, 1, 2]
						}
					]
				}
			]
		}
	]
}