{
	"credit": "Made with Blockbench",
	"texture_size": [80, 16],
	"textures": {
		"0": "valiance:item/gui/grinderizor/soul/0",
		"particle": "valiance:item/gui/grinderizor/soul/0"
	},
	"elements": [
		{
			"from": [-15, 0, 0],
			"to": [25, 8, 0],
			"rotation": {"angle": 0, "axis": "y", "origin": [-15, 0, 0]},
			"faces": {
				"south": {"uv": [0, 0, 16, 16], "texture": "#0"}
			}
		}
	],
	"gui_light": "front",
	"display": {
		"thirdperson_righthand": {
			"scale": [0, 0, 0]
		},
		"thirdperson_lefthand": {
			"scale": [0, 0, 0]
		},
		"firstperson_righthand": {
			"scale": [0, 0, 0]
		},
		"firstperson_lefthand": {
			"scale": [0, 0, 0]
		},
		"ground": {
			"scale": [0, 0, 0]
		},
		"gui": {
			"translation": [37, 8, 0],
			"scale": [2, 2, 1]
		},
		"head": {
			"scale": [0, 0, 0]
		},
		"fixed": {
			"scale": [0, 0, 0]
		}
	}
}