{
  "fallback": "minecraft:empty",
  "elements": [
    {
      "weight": 1,
      "element": {
        "element_type": "minecraft:single_pool_element",
        "projection": "rigid",
        "location": "valiance:dungeon/halls/straight_left",
        "processors": "valiance:dungeon"
      }
    },
    {
      "weight": 1,
      "element": {
        "element_type": "minecraft:single_pool_element",
        "projection": "rigid",
        "location": "valiance:dungeon/halls/straight_right",
        "processors": "valiance:dungeon"
      }
    },
    {
      "weight": 1,
      "element": {
        "element_type": "minecraft:single_pool_element",
        "projection": "rigid",
        "location": "valiance:dungeon/halls/turn_left",
        "processors": "valiance:dungeon"
      }
    },
    {
      "weight": 1,
      "element": {
        "element_type": "minecraft:single_pool_element",
        "projection": "rigid",
        "location": "valiance:dungeon/halls/turn_right",
        "processors": "valiance:dungeon"
      }
    },
    {
      "weight": 1,
      "element": {
        "element_type": "minecraft:single_pool_element",
        "projection": "rigid",
        "location": "valiance:dungeon/halls/stairs_up",
        "processors": "valiance:dungeon"
      }
    },
    {
      "weight": 1,
      "element": {
        "element_type": "minecraft:single_pool_element",
        "projection": "rigid",
        "location": "valiance:dungeon/halls/stairs_down",
        "processors": "valiance:dungeon"
      }
    }
  ]
}
