{
  "fallback": "minecraft:empty",
  "elements": [
    {
      "weight": 2,
      "element": {
        "element_type": "minecraft:single_pool_element",
        "projection": "rigid",
        "location": "valiance:dungeon/vault/weapons",
        "processors": "valiance:dungeon"
      }
    },
    {
      "weight": 1,
      "element": {
        "element_type": "minecraft:single_pool_element",
        "projection": "rigid",
        "location": "valiance:dungeon/vault/food",
        "processors": "valiance:dungeon"
      }
    },
    {
      "weight": 1,
      "element": {
        "element_type": "minecraft:single_pool_element",
        "projection": "rigid",
        "location": "valiance:dungeon/vault/resources",
        "processors": "valiance:dungeon"
      }
    }
  ]
}
