{
	"credit": "Made with Blockbench",
	"texture_size": [64, 64],
	"textures": {
		"0": "valiance:item/entity/jeeper/jeeper_hurt",
		"1": "valiance:item/entity/jeeper/jeeper_legs_hurt",
		"particle": "valiance:item/entity/jeeper/jeeper_legs_hurt"
	},
	"elements": [
		{
			"name": "Body",
			"from": [6, 8, 6],
			"to": [10, 16, 10],
			"rotation": {"angle": 0, "axis": "y", "origin": [7, 8, 7]},
			"faces": {
				"north": {"uv": [9, 6, 10, 8], "texture": "#0"},
				"east": {"uv": [8, 6, 9, 8], "texture": "#0"},
				"south": {"uv": [11, 6, 12, 8], "texture": "#0"},
				"west": {"uv": [10, 6, 11, 8], "texture": "#0"},
				"up": {"uv": [10, 6, 9, 5], "texture": "#0"},
				"down": {"uv": [11, 5, 10, 6], "texture": "#0"}
			}
		},
		{
			"name": "Body",
			"from": [4, 16, 4],
			"to": [12, 24, 12],
			"rotation": {"angle": 0, "axis": "y", "origin": [5, 16, 5]},
			"faces": {
				"north": {"uv": [2, 7, 4, 9], "texture": "#0"},
				"east": {"uv": [0, 7, 2, 9], "texture": "#0"},
				"south": {"uv": [6, 7, 8, 9], "texture": "#0"},
				"west": {"uv": [4, 7, 6, 9], "texture": "#0"},
				"up": {"uv": [4, 7, 2, 5], "texture": "#0"},
				"down": {"uv": [6, 5, 4, 7], "texture": "#0"}
			}
		},
		{
			"name": "Leg",
			"from": [9, 0, 3],
			"to": [13, 8, 7],
			"rotation": {"angle": 0, "axis": "y", "origin": [10, 8, 6]},
			"faces": {
				"north": {"uv": [2, 2, 4, 6], "texture": "#1"},
				"east": {"uv": [0, 2, 2, 6], "texture": "#1"},
				"south": {"uv": [6, 2, 8, 6], "texture": "#1"},
				"west": {"uv": [4, 2, 6, 6], "texture": "#1"},
				"up": {"uv": [4, 0, 2, 2], "texture": "#1"},
				"down": {"uv": [6, 0, 4, 2], "texture": "#1"}
			}
		},
		{
			"name": "Leg",
			"from": [9, 0, 3],
			"to": [13, 8, 7],
			"rotation": {"angle": 22.5, "axis": "x", "origin": [10, 8, 6]},
			"faces": {
				"north": {"uv": [10, 2, 12, 6], "texture": "#1"},
				"east": {"uv": [8, 2, 10, 6], "texture": "#1"},
				"south": {"uv": [14, 2, 16, 6], "texture": "#1"},
				"west": {"uv": [12, 2, 14, 6], "texture": "#1"},
				"up": {"uv": [12, 0, 10, 2], "texture": "#1"},
				"down": {"uv": [14, 0, 12, 2], "texture": "#1"}
			}
		},
		{
			"name": "Leg",
			"from": [9, 0, 3],
			"to": [13, 8, 7],
			"rotation": {"angle": -22.5, "axis": "x", "origin": [10, 8, 6]},
			"faces": {
				"north": {"uv": [2, 10, 4, 14], "texture": "#1"},
				"east": {"uv": [0, 10, 2, 14], "texture": "#1"},
				"south": {"uv": [6, 10, 8, 14], "texture": "#1"},
				"west": {"uv": [4, 10, 6, 14], "texture": "#1"},
				"up": {"uv": [4, 8, 2, 10], "texture": "#1"},
				"down": {"uv": [6, 8, 4, 10], "texture": "#1"}
			}
		},
		{
			"name": "Leg",
			"from": [9, 0, 9],
			"to": [13, 8, 13],
			"rotation": {"angle": 0, "axis": "y", "origin": [10, 8, 10]},
			"faces": {
				"north": {"uv": [8, 2, 6, 6], "texture": "#1"},
				"east": {"uv": [2, 2, 0, 6], "texture": "#1"},
				"south": {"uv": [4, 2, 2, 6], "texture": "#1"},
				"west": {"uv": [6, 2, 4, 6], "texture": "#1"},
				"up": {"uv": [4, 2, 2, 0], "texture": "#1"},
				"down": {"uv": [4, 2, 6, 0], "texture": "#1"}
			}
		},
		{
			"name": "Leg",
			"from": [9, 0, 9],
			"to": [13, 8, 13],
			"rotation": {"angle": -22.5, "axis": "x", "origin": [10, 8, 10]},
			"faces": {
				"north": {"uv": [16, 2, 14, 6], "texture": "#1"},
				"east": {"uv": [10, 2, 8, 6], "texture": "#1"},
				"south": {"uv": [12, 2, 10, 6], "texture": "#1"},
				"west": {"uv": [14, 2, 12, 6], "texture": "#1"},
				"up": {"uv": [12, 2, 10, 0], "texture": "#1"},
				"down": {"uv": [14, 2, 12, 0], "texture": "#1"}
			}
		},
		{
			"name": "Leg",
			"from": [8.999, -0.001, 8.999],
			"to": [13.001, 8.001, 13.001],
			"rotation": {"angle": 22.5, "axis": "x", "origin": [10, 8, 10]},
			"faces": {
				"north": {"uv": [8, 10, 6, 14], "texture": "#1"},
				"east": {"uv": [2, 10, 0, 14], "texture": "#1"},
				"south": {"uv": [4, 10, 2, 14], "texture": "#1"},
				"west": {"uv": [6, 10, 4, 14], "texture": "#1"},
				"up": {"uv": [4, 10, 2, 8], "texture": "#1"},
				"down": {"uv": [6, 10, 4, 8], "texture": "#1"}
			}
		},
		{
			"name": "Leg",
			"from": [3, 0, 3],
			"to": [7, 8, 7],
			"rotation": {"angle": 0, "axis": "y", "origin": [6, 8, 6]},
			"faces": {
				"north": {"uv": [4, 2, 2, 6], "texture": "#1"},
				"east": {"uv": [6, 2, 4, 6], "texture": "#1"},
				"south": {"uv": [8, 2, 6, 6], "texture": "#1"},
				"west": {"uv": [2, 2, 0, 6], "texture": "#1"},
				"up": {"uv": [2, 0, 4, 2], "texture": "#1"},
				"down": {"uv": [6, 0, 4, 2], "texture": "#1"}
			}
		},
		{
			"name": "Leg",
			"from": [3, 0, 3],
			"to": [7, 8, 7],
			"rotation": {"angle": -22.5, "axis": "x", "origin": [6, 8, 6]},
			"faces": {
				"north": {"uv": [12, 2, 10, 6], "texture": "#1"},
				"east": {"uv": [14, 2, 12, 6], "texture": "#1"},
				"south": {"uv": [16, 2, 14, 6], "texture": "#1"},
				"west": {"uv": [10, 2, 8, 6], "texture": "#1"},
				"up": {"uv": [10, 0, 12, 2], "texture": "#1"},
				"down": {"uv": [12, 0, 14, 2], "texture": "#1"}
			}
		},
		{
			"name": "Leg",
			"from": [3, 0, 3],
			"to": [7, 8, 7],
			"rotation": {"angle": 22.5, "axis": "x", "origin": [6, 8, 6]},
			"faces": {
				"north": {"uv": [4, 10, 2, 14], "texture": "#1"},
				"east": {"uv": [6, 10, 4, 14], "texture": "#1"},
				"south": {"uv": [8, 10, 6, 14], "texture": "#1"},
				"west": {"uv": [2, 10, 0, 14], "texture": "#1"},
				"up": {"uv": [4, 8, 2, 10], "texture": "#1"},
				"down": {"uv": [4, 8, 6, 10], "texture": "#1"}
			}
		},
		{
			"name": "Leg",
			"from": [3, 0, 9],
			"to": [7, 8, 13],
			"rotation": {"angle": 0, "axis": "y", "origin": [6, 8, 10]},
			"faces": {
				"north": {"uv": [6, 2, 8, 6], "texture": "#1"},
				"east": {"uv": [4, 2, 6, 6], "texture": "#1"},
				"south": {"uv": [2, 2, 4, 6], "texture": "#1"},
				"west": {"uv": [0, 2, 2, 6], "texture": "#1"},
				"up": {"uv": [2, 2, 4, 0], "texture": "#1"},
				"down": {"uv": [6, 2, 4, 0], "texture": "#1"}
			}
		},
		{
			"name": "Leg",
			"from": [2.999, -0.001, 8.999],
			"to": [7.001, 8.001, 13.001],
			"rotation": {"angle": 22.5, "axis": "x", "origin": [6, 8, 10]},
			"faces": {
				"north": {"uv": [14, 2, 16, 6], "texture": "#1"},
				"east": {"uv": [12, 2, 14, 6], "texture": "#1"},
				"south": {"uv": [10, 2, 12, 6], "texture": "#1"},
				"west": {"uv": [8, 2, 10, 6], "texture": "#1"},
				"up": {"uv": [10, 2, 12, 0], "texture": "#1"},
				"down": {"uv": [12, 2, 14, 0], "texture": "#1"}
			}
		},
		{
			"name": "Leg",
			"from": [3, 0, 9],
			"to": [7, 8, 13],
			"rotation": {"angle": -22.5, "axis": "x", "origin": [6, 8, 10]},
			"faces": {
				"north": {"uv": [6, 10, 8, 14], "texture": "#1"},
				"east": {"uv": [4, 10, 6, 14], "texture": "#1"},
				"south": {"uv": [2, 10, 4, 14], "texture": "#1"},
				"west": {"uv": [0, 10, 2, 14], "texture": "#1"},
				"up": {"uv": [2, 10, 4, 8], "texture": "#1"},
				"down": {"uv": [4, 10, 6, 8], "texture": "#1"}
			}
		}
	],
	"display": {
		"ground": {
			"rotation": [0, -180, 0],
			"translation": [0, -10, -6.4]
		}
	},
	"groups": [
		{
			"name": "Root",
			"origin": [8, 0, 8],
			"color": 0,
			"children": [
				{
					"name": "Body",
					"origin": [8, 8, 8],
					"color": 0,
					"children": [
						0,
						{
							"name": "BodyMiddle",
							"origin": [8, 16, 8],
							"color": 0,
							"children": [1]
						}
					]
				},
				{
					"name": "Legs",
					"origin": [8, 0, 8],
					"color": 0,
					"children": [
						{
							"name": "LegFrontRight",
							"origin": [10, 8, 6],
							"color": 0,
							"children": [2, 3, 4]
						},
						{
							"name": "LegBackRight",
							"origin": [10, 8, 6],
							"color": 0,
							"children": [5, 6, 7]
						},
						{
							"name": "LegFrontLeft",
							"origin": [10, 8, 6],
							"color": 0,
							"children": [8, 9, 10]
						},
						{
							"name": "LegBackRight",
							"origin": [10, 8, 6],
							"color": 0,
							"children": [11, 12, 13]
						}
					]
				}
			]
		}
	]
}