[
  {
    "function": "minecraft:set_custom_data",
    "tag": "{valiance:{id:\"netherite_spear\",weapon_type:\"spear\"}}"
  },
  {
    "function": "minecraft:set_components",
    "components": {
      "minecraft:custom_model_data": 4460002,
      "minecraft:lore": []
    }
  },
  {
    "function": "minecraft:set_name",
    "entity": "this",
    "target": "item_name",
    "name": {
      "translate": "item.valiance.netherite_spear"
    }
  },
  {
    "function": "minecraft:set_lore",
    "entity": "this",
    "lore": [
      {
        "translate": "ui.valiance.title",
        "color": "white",
        "font": "valiance:title",
        "italic": false
      },
      {
        "text": " "
      },
      {
        "translate": "item.modifiers.mainhand",
        "color": "gray",
        "italic": false
      },
      [
        {
          "text": " 7 ",
          "color": "dark_green",
          "italic": false
        },
        {
          "translate": "attribute.name.generic.attack_damage",
          "color": "dark_green",
          "italic": false
        }
      ],
      [
        {
          "text": " 1.4 ",
          "color": "dark_green",
          "italic": false
        },
        {
          "translate": "attribute.name.generic.attack_speed",
          "color": "dark_green",
          "italic": false
        }
      ],
      [
        {
          "text": " +1.5 ",
          "color": "dark_green",
          "italic": false
        },
        {
          "translate": "attribute.valiance.attack_range",
          "color": "dark_green",
          "italic": false
        }
      ]
    ],
    "mode": "replace_all"
  },
  {
    "function": "minecraft:set_attributes",
    "modifiers": [
      {
        "attribute": "minecraft:generic.attack_damage",
        "id": "valiance:item.netherite_spear.attack_damage",
        "amount": 7,
        "operation": "add_value",
        "slot": "mainhand"
      },
      {
        "attribute": "minecraft:generic.attack_speed",
        "id": "valiance:item.netherite_spear.attack_speed",
        "amount": -2.6,
        "operation": "add_value",
        "slot": "mainhand"
      },
      {
        "attribute": "minecraft:player.entity_interaction_range",
        "id": "valiance:item.netherite_spear.entity_interaction_range",
        "amount": 1.5,
        "operation": "add_value",
        "slot": "mainhand"
      }
    ]
  },
  {
    "function": "minecraft:toggle_tooltips",
    "toggles": {
      "attribute_modifiers": false
    }
  }
]
