{
	"credit": "Made with Blockbench",
	"texture_size": [64, 64],
	"textures": {
		"0": "valiance:item/entity/bedazzle/shiny/bedazzle"
	},
	"elements": [
		{
			"name": "Head",
			"from": [3.9, 3.9, 7.9],
			"to": [12.1, 12.1, 16.1],
			"rotation": {"angle": 0, "axis": "y", "origin": [8, 8.5, 10]},
			"faces": {
				"north": {"uv": [2, 2, 4, 4], "texture": "#0"},
				"east": {"uv": [0, 2, 2, 4], "texture": "#0"},
				"south": {"uv": [6, 2, 8, 4], "texture": "#0"},
				"west": {"uv": [4, 2, 6, 4], "texture": "#0"},
				"up": {"uv": [4, 2, 2, 0], "texture": "#0"},
				"down": {"uv": [6, 0, 4, 2], "texture": "#0"}
			}
		},
		{
			"name": "Head",
			"from": [2.65, 3.65, 7.65],
			"to": [13.35, 12.35, 8.35],
			"rotation": {"angle": 0, "axis": "y", "origin": [8, 8.5, 10]},
			"faces": {
				"north": {"uv": [0, 4, 2.5, 6], "texture": "#0"}
			}
		},
		{
			"name": "Gem",
			"from": [5.9, 6.9, 6.9],
			"to": [10.1, 11.1, 9.1],
			"rotation": {"angle": 0, "axis": "y", "origin": [8, 8.5, 10]},
			"faces": {
				"north": {"uv": [6.5, 0.5, 7.5, 1.5], "texture": "#0"},
				"east": {"uv": [6, 0.5, 6.5, 1.5], "texture": "#0"},
				"south": {"uv": [8, 0.5, 9, 1.5], "texture": "#0"},
				"west": {"uv": [7.5, 0.5, 8, 1.5], "texture": "#0"},
				"up": {"uv": [7.5, 0.5, 6.5, 0], "texture": "#0"},
				"down": {"uv": [8.5, 0, 7.5, 0.5], "texture": "#0"}
			}
		}
	],
	"display": {
		"thirdperson_righthand": {
			"rotation": [45, -135, 0],
			"translation": [0, 3, 0],
			"scale": [0.5, 0.5, 0.5]
		},
		"firstperson_righthand": {
			"rotation": [0, 180, 0]
		},
		"ground": {
			"rotation": [0, 180, 0],
			"translation": [0, 3, 0],
			"scale": [0.5, 0.5, 0.5]
		},
		"gui": {
			"rotation": [30, -135, 0],
			"translation": [0, 3, 0]
		},
		"head": {
			"translation": [0, 6, 0],
			"scale": [1.6, 1.6, 1.6]
		},
		"fixed": {
			"translation": [0, 4, 0]
		}
	},
	"groups": [
		{
			"name": "Root",
			"origin": [8, 18, 8],
			"color": 0,
			"children": [
				{
					"name": "Body",
					"origin": [8, 2, 8],
					"color": 0,
					"children": [
						{
							"name": "Head",
							"origin": [8, -22, 8],
							"color": 0,
							"children": [0, 1, 2]
						}
					]
				}
			]
		}
	]
}